case_id,epoch_s,timestamp_utc,frame,x_truth_m,y_truth_m,z_truth_m,vx_truth_mps,vy_truth_mps,vz_truth_mps,x_phys_m,y_phys_m,z_phys_m,vx_phys_mps,vy_phys_mps,vz_phys_mps,dx_m,dy_m,dz_m,position_error_m,dvx_mps,dvy_mps,dvz_mps,velocity_error_mps,aR_true_mps2,aT_true_mps2,aN_true_mps2,thrust_true_N,spacecraft_mass_kg,is_maneuver
QK1_STK_case_0001,0.000000,2023-11-25T11:08:00Z,J2000,-2573837.655708001,-3401903.650748001,5290367.494348000,-4676.349311110002,-3817.653324540001,-4710.658227970000,-2573837.655708001,-3401903.650748001,5290367.494348000,-4676.349311110002,-3817.653324540001,-4710.658227970000,0.000000000,0.000000000,0.000000000,0.000000000,0.000000000000,0.000000000000,0.000000000000,0.000000000000,0.0000000000000000e+00,0.0000000000000000e+00,0.0000000000000000e+00,0.0000000000000000e+00,200.000000000000,0
QK1_STK_case_0001,60.000000,2023-11-25T11:09:00Z,J2000,-2848341.191244178,-3623037.629005752,4995854.810882501,-4470.289584673074,-3550.675836126135,-5102.695150884443,-2848341.191244178,-3623037.629005752,4995854.810882501,-4470.289584673074,-3550.675836126135,-5102.695150884443,0.000000000,0.000000000,0.000000000,0.000000000,0.000000000000,0.000000000000,0.000000000000,0.000000000000,0.0000000000000000e+00,0.0000000000000000e+00,0.0000000000000000e+00,0.0000000000000000e+00,200.000000000000,0
QK1_STK_case_0001,120.000000,2023-11-25T11:10:00Z,J2000,-3109864.587591694,-3827660.707482907,4678510.056881596,-4243.842101666800,-3267.498705220019,-5471.436509292974,-3109864.587591694,-3827660.707482907,4678510.056881596,-4243.842101666800,-3267.498705220019,-5471.436509292974,0.000000000,0.000000000,0.000000000,0.000000000,0.000000000000,0.000000000000,0.000000000000,0.000000000000,0.0000000000000000e+00,0.0000000000000000e+00,0.0000000000000000e+00,0.0000000000000000e+00,200.000000000000,0
QK1_STK_case_0001,180.000000,2023-11-25T11:11:00Z,J2000,-3357215.051425457,-4014839.221056110,4339782.232647572,-3998.038029386650,-2969.411308936277,-5815.191486864710,-3357215.051425457,-4014839.221056110,4339782.232647572,-3998.038029386650,-2969.411308936277,-5815.191486864710,0.000000000,0.000000000,0.000000000,0.000000000,0.000000000000,0.000000000000,0.000000000000,0.000000000000,0.0000000000000000e+00,0.0000000000000000e+00,0.0000000000000000e+00,0.0000000000000000e+00,200.000000000000,0
QK1_STK_case_0001,240.000000,2023-11-25T11:12:00Z,J2000,-3589264.388670688,-4183719.020219467,3981218.449904577,-3733.998673915573,-2657.773859655244,-6132.381912151486,-3589264.388670688,-4183719.020219467,3981218.449904577,-3733.998673915573,-2657.773859655244,-6132.381912151486,0.000000000,0.000000000,0.000000000,0.000000000,0.000000000000,0.000000000000,0.000000000000,0.000000000000,0.0000000000000000e+00,0.0000000000000000e+00,0.0000000000000000e+00,0.0000000000000000e+00,200.000000000000,0
QK1_STK_case_0001,300.000000,2023-11-25T11:13:00Z,J2000,-3804954.263712327,-4333529.544593032,3604456.929224263,-3452.930555230193,-2334.011368117705,-6421.550314285898,-3804954.263712327,-4333529.544593032,3604456.929224263,-3452.930555230193,-2334.011368117705,-6421.550314285898,0.000000000,0.000000000,0.000000000,0.000000000,0.000000000000,0.000000000000,0.000000000000,0.000000000000,0.0000000000000000e+00,0.0000000000000000e+00,0.0000000000000000e+00,0.0000000000000000e+00,200.000000000000,0
QK1_STK_case_0001,360.000000,2023-11-25T11:14:00Z,J2000,-4003301.162982563,-4463587.509756753,3211219.523842817,-3156.120300251742,-1999.606828612586,-6681.367660875042,-4003301.162982563,-4463587.509756753,3211219.523842817,-3156.120300251742,-1999.606828612586,-6681.367660875042,0.000000000,0.000000000,0.000000000,0.000000000,0.000000000000,0.000000000000,0.000000000000,0.000000000000,0.0000000000000000e+00,0.0000000000000000e+00,0.0000000000000000e+00,0.0000000000000000e+00,200.000000000000,0
QK1_STK_case_0001,420.000000,2023-11-25T11:15:00Z,J2000,-4183401.029384367,-4573300.164146557,2803303.793468716,-2844.928774144340,-1656.093713997486,-6910.640557751899,-4183401.029384367,-4573300.164146557,2803303.793468716,-2844.928774144340,-1656.093713997486,-6910.640557751899,0.000000000,0.000000000,0.000000000,0.000000000,0.000000000000,0.000000000000,0.000000000000,0.000000000000,0.0000000000000000e+00,0.0000000000000000e+00,0.0000000000000000e+00,0.0000000000000000e+00,200.000000000000,0
QK1_STK_case_0001,480.000000,2023-11-25T11:16:00Z,J2000,-4344433.516372230,-4662168.083319237,2382574.678201383,-2520.784283674211,-1305.048168204797,-7108.317259237346,-4344433.516372230,-4662168.083319237,2382574.678201383,-2520.784283674211,-1305.048168204797,-7108.317259237346,0.000000000,0.000000000,0.000000000,0.000000000,0.000000000000,0.000000000000,0.000000000000,0.000000000000,0.0000000000000000e+00,0.0000000000000000e+00,0.0000000000000000e+00,0.0000000000000000e+00,200.000000000000,0
QK1_STK_case_0001,540.000000,2023-11-25T11:17:00Z,J2000,-4485665.822452030,-4729787.504664427,1950955.858143300,-2185.175545207315,-948.081592276736,-7273.492171625766,-4485665.822452030,-4729787.504664427,1950955.858143300,-2185.175545207315,-948.081592276736,-7273.492171625766,0.000000000,0.000000000,0.000000000,0.000000000,0.000000000000,0.000000000000,0.000000000000,0.000000000000,0.0000000000000000e+00,0.0000000000000000e+00,0.0000000000000000e+00,0.0000000000000000e+00,200.000000000000,0
QK1_STK_case_0001,600.000000,2023-11-25T11:18:00Z,J2000,-4606456.118403393,-4775852.236860407,1510420.865956427,-1839.645230233216,-586.833861173645,-7405.409824588167,-4606456.118403393,-4775852.236860407,1510420.865956427,-1839.645230233216,-586.833861173645,-7405.409824588167,0.000000000,0.000000000,0.000000000,0.000000000,0.000000000000,0.000000000000,0.000000000000,0.000000000000,0.0000000000000000e+00,0.0000000000000000e+00,0.0000000000000000e+00,0.0000000000000000e+00,200.000000000000,0
QK1_STK_case_0001,660.000000,2023-11-25T11:19:00Z,J2000,-4706256.596962552,-4800155.161717561,1062983.942809026,-1485.783593800236,-222.966252470537,-7503.469620390385,-4706256.596962552,-4800155.161717561,1062983.942809026,-1485.783593800236,-222.966252470537,-7503.469620390385,0.000000000,0.000000000,0.000000000,0.000000000,0.000000000000,0.000000000000,0.000000000000,0.000000000000,0.0000000000000000e+00,0.0000000000000000e+00,0.0000000000000000e+00,0.0000000000000000e+00,200.000000000000,0
QK1_STK_case_0001,720.000000,2023-11-25T11:20:00Z,J2000,-4784616.103411641,-4802589.270253470,610690.596303286,-1125.220667671881,141.847085745311,-7567.230599311287,-4784616.103411641,-4802589.270253470,610690.596303286,-1125.220667671881,141.847085745311,-7567.230599311287,0.000000000,0.000000000,0.000000000,0.000000000,0.000000000000,0.000000000000,0.000000000000,0.000000000000,0.0000000000000000e+00,0.0000000000000000e+00,0.0000000000000000e+00,0.0000000000000000e+00,200.000000000000,0
QK1_STK_case_0001,780.000000,2023-11-25T11:21:00Z,J2000,-4841182.249617609,-4783148.152873662,155607.928981796,-759.617081667208,505.928535816438,-7596.414097044933,-4841182.249617609,-4783148.152873662,155607.928981796,-759.617081667208,505.928535816438,-7596.414097044933,0.000000000,0.000000000,0.000000000,0.000000000,0.000000000000,0.000000000000,0.000000000000,0.000000000000,0.0000000000000000e+00,0.0000000000000000e+00,0.0000000000000000e+00,0.0000000000000000e+00,200.000000000000,0
QK1_STK_case_0001,840.000000,2023-11-25T11:22:00Z,J2000,-4875702.975389716,-4741925.938026834,-300185.116018103,-390.655056587398,867.605821089136,-7590.904027583566,-4875702.975389716,-4741925.938026834,-300185.116018103,-390.655056587398,867.605821089136,-7590.904027583566,0.000000000,0.000000000,0.000000000,0.000000000,0.000000000000,0.000000000000,0.000000000000,0.000000000000,0.0000000000000000e+00,0.0000000000000000e+00,0.0000000000000000e+00,0.0000000000000000e+00,200.000000000000,0
QK1_STK_case_0001,900.000000,2023-11-25T11:23:00Z,J2000,-4888027.599510885,-4679116.733332688,-754607.495038277,-20.030383243475,1225.219852470534,-7550.746392592925,-4888027.599510885,-4679116.733332688,-754607.495038277,-20.030383243475,1225.219852470534,-7550.746392592925,0.000000000,0.000000000,0.000000000,0.000000000,0.000000000000,0.000000000000,0.000000000000,0.000000000000,0.0000000000000000e+00,0.0000000000000000e+00,0.0000000000000000e+00,0.0000000000000000e+00,200.000000000000,0
QK1_STK_case_0001,960.000000,2023-11-25T11:24:00Z,J2000,-4878107.401075449,-4595013.602824432,-1205585.780711368,350.555400278903,1577.132507854909,-7476.149007802089,-4878107.401075449,-4595013.602824432,-1205585.780711368,350.555400278903,1577.132507854909,-7476.149007802089,0.000000000,0.000000000,0.000000000,0.000000000,0.000000000000,0.000000000000,0.000000000000,0.000000000000,0.0000000000000000e+00,0.0000000000000000e+00,0.0000000000000000e+00,0.0000000000000000e+00,200.000000000000,0
QK1_STK_case_0001,1020.000000,2023-11-25T11:25:00Z,J2000,-4845995.711810375,-4490007.062030103,-1651063.849276785,719.403560940232,1921.734935214139,-7367.480562812381,-4845995.711810375,-4490007.062030103,-1651063.849276785,719.403560940232,1921.734935214139,-7367.480562812381,0.000000000,0.000000000,0.000000000,0.000000000,0.000000000000,0.000000000000,0.000000000000,0.000000000000,0.0000000000000000e+00,0.0000000000000000e+00,0.0000000000000000e+00,0.0000000000000000e+00,200.000000000000,0
QK1_STK_case_0001,1080.000000,2023-11-25T11:26:00Z,J2000,-4791847.480884401,-4364583.072709868,-2089012.460888897,1084.827028248041,2257.455752895726,-7225.267887792811,-4791847.480884401,-4364583.072709868,-2089012.460888897,1084.827028248041,2257.455752895726,-7225.267887792811,0.000000000,0.000000000,0.000000000,0.000000000,0.000000000000,0.000000000000,0.000000000000,0.000000000000,0.0000000000000000e+00,0.0000000000000000e+00,0.0000000000000000e+00,0.0000000000000000e+00,200.000000000000,0
QK1_STK_case_0001,1140.000000,2023-11-25T11:27:00Z,J2000,-4715918.326129392,-4219320.569415313,-2517438.631307218,1445.158523679970,2582.768409612412,-7050.191991093386,-4715918.326129392,-4219320.569415313,-2517438.631307218,1445.158523679970,2582.768409612412,-7050.191991093386,0.000000000,0.000000000,0.000000000,0.000000000,0.000000000000,0.000000000000,0.000000000000,0.000000000000,0.0000000000000000e+00,0.0000000000000000e+00,0.0000000000000000e+00,0.0000000000000000e+00,200.000000000000,0
QK1_STK_case_0001,1200.000000,2023-11-25T11:28:00Z,J2000,-4618563.118240288,-4054888.561380300,-2934394.759771378,1798.758181910225,2896.198130305823,-6843.083941053838,-4618563.118240288,-4054888.561380300,-2934394.759771378,1798.758181910225,2896.198130305823,-6843.083941053838,0.000000000,0.000000000,0.000000000,0.000000000,0.000000000000,0.000000000000,0.000000000000,0.000000000000,0.0000000000000000e+00,0.0000000000000000e+00,0.0000000000000000e+00,0.0000000000000000e+00,200.000000000000,0
QK1_STK_case_0001,1260.000000,2023-11-25T11:29:00Z,J2000,-4500234.102822370,-3872042.819563340,-3337987.495463405,2144.021345090360,3196.328722137565,-6604.920102417783,-4500234.102822370,-3872042.819563340,-3337987.495463405,2144.021345090360,3196.328722137565,-6604.920102417783,0.000000000,0.000000000,0.000000000,0.000000000,0.000000000000,0.000000000000,0.000000000000,0.000000000000,0.0000000000000000e+00,0.0000000000000000e+00,0.0000000000000000e+00,0.0000000000000000e+00,200.000000000000,0
QK1_STK_case_0001,1320.000000,2023-11-25T11:30:00Z,J2000,-4361478.556906238,-3671622.174853737,-3726386.283528610,2479.386159875159,3481.808633700290,-6336.816274268205,-4361478.556906238,-3671622.174853737,-3726386.283528610,2479.386159875159,3481.808633700290,-6336.816274268205,0.000000000,0.000000000,0.000000000,0.000000000,0.000000000000,0.000000000000,0.000000000000,0.000000000000,0.0000000000000000e+00,0.0000000000000000e+00,0.0000000000000000e+00,0.0000000000000000e+00,200.000000000000,0
QK1_STK_case_0001,1380.000000,2023-11-25T11:31:00Z,J2000,-4202936.013016765,-3454544.481441626,-4097831.543699752,2803.340364883230,3751.356149694042,-6040.021456797562,-4202936.013016765,-3454544.481441626,-4097831.543699752,2803.340364883230,3751.356149694042,-6040.021456797562,0.000000000,0.000000000,0.000000000,0.000000000,0.000000000000,0.000000000000,0.000000000000,0.000000000000,0.0000000000000000e+00,0.0000000000000000e+00,0.0000000000000000e+00,0.0000000000000000e+00,200.000000000000,0
QK1_STK_case_0001,1440.000000,2023-11-25T11:32:00Z,J2000,-4025335.095472930,-3221802.270951169,-4450642.481553855,3114.427527271801,4003.764673472343,-5715.911821771494,-4025335.095472930,-3221802.270951169,-4450642.481553855,3114.427527271801,4003.764673472343,-5715.911821771494,0.000000000,0.000000000,0.000000000,0.000000000,0.000000000000,0.000000000000,0.000000000000,0.000000000000,0.0000000000000000e+00,0.0000000000000000e+00,0.0000000000000000e+00,0.0000000000000000e+00,200.000000000000,0
QK1_STK_case_0001,1500.000000,2023-11-25T11:33:00Z,J2000,-3829489.981575641,-2974458.068452715,-4783224.523938049,3411.253383456571,4237.908706463109,-5365.983999311803,-3829489.981575641,-2974458.068452715,-4783224.523938049,3411.253383456571,4237.908706463109,-5365.983999311803,0.000000000,0.000000000,0.000000000,0.000000000,0.000000000000,0.000000000000,0.000000000000,0.000000000000,0.0000000000000000e+00,0.0000000000000000e+00,0.0000000000000000e+00,0.0000000000000000e+00,200.000000000000,0
QK1_STK_case_0001,1560.000000,2023-11-25T11:34:00Z,J2000,-3616296.482314903,-2713639.352661666,-5094076.300240514,3692.492052181243,4452.749430963348,-4991.846524169820,-3616296.482314903,-2713639.352661666,-5094076.300240514,3692.492052181243,4452.749430963348,-4991.846524169820,0.000000000,0.000000000,0.000000000,0.000000000,0.000000000000,0.000000000000,0.000000000000,0.000000000000,0.0000000000000000e+00,0.0000000000000000e+00,0.0000000000000000e+00,0.0000000000000000e+00,200.000000000000,0
QK1_STK_case_0001,1620.000000,2023-11-25T11:35:00Z,J2000,-3386727.778936970,-2440533.237498161,-5381796.071230435,3956.891132278197,4647.338191565260,-4595.210408431772,-3386727.778936970,-2440533.237498161,-5381796.071230435,3956.891132278197,4647.338191565260,-4595.210408431772,0.000000000,0.000000000,0.000000000,0.000000000,0.000000000000,0.000000000000,0.000000000000,0.000000000000,0.0000000000000000e+00,0.0000000000000000e+00,0.0000000000000000e+00,0.0000000000000000e+00,200.000000000000,0
QK1_STK_case_0001,1680.000000,2023-11-25T11:36:00Z,J2000,-3141829.885697405,-2156381.002710876,-5645087.627752777,4203.275995869546,4820.818445610177,-4177.881133460961,-3141829.885697405,-2156381.002710876,-5645087.627752777,4203.275995869546,4820.818445610177,-4177.881133460961,0.000000000,0.000000000,0.000000000,0.000000000,0.000000000000,0.000000000000,0.000000000000,0.000000000000,0.0000000000000000e+00,0.0000000000000000e+00,0.0000000000000000e+00,0.0000000000000000e+00,200.000000000000,0
QK1_STK_case_0001,1740.000000,2023-11-25T11:37:00Z,J2000,-2882716.844161654,-1862472.499553668,-5882765.748619305,4430.554545194119,4972.428181448980,-3741.751574070023,-2882716.844161654,-1862472.499553668,-5882765.748619305,4430.554545194119,4972.428181448980,-3741.751574070023,0.000000000,0.000000000,0.000000000,0.000000000,0.000000000000,0.000000000000,0.000000000000,0.000000000000,0.0000000000000000e+00,0.0000000000000000e+00,0.0000000000000000e+00,0.0000000000000000e+00,200.000000000000,0
QK1_STK_case_0001,1800.000000,2023-11-25T11:38:00Z,J2000,-2610565.619639466,-1560140.384921979,-6093761.204328765,4637.722175210112,5101.503067292899,-3288.793704702070,-2610565.619639466,-1560140.384921979,-6093761.204328765,4637.722175210112,5101.503067292899,-3288.793704702070,0.000000000,0.000000000,0.000000000,0.000000000,0.000000000000,0.000000000000,0.000000000000,0.000000000000,0.0000000000000000e+00,0.0000000000000000e+00,0.0000000000000000e+00,0.0000000000000000e+00,200.000000000000,0
QK1_STK_case_0001,1860.000000,2023-11-25T11:39:00Z,J2000,-2326610.731168842,-1250754.177185553,-6277125.213070616,4823.865513402022,5207.479059230166,-2821.048821946393,-2326610.731168842,-1250754.177185553,-6277125.213070616,4823.865513402022,5207.479059230166,-2821.048821946393,0.000000000,0.000000000,0.000000000,0.000000000,0.000000000000,0.000000000000,0.000000000000,0.000000000000,0.0000000000000000e+00,0.0000000000000000e+00,0.0000000000000000e+00,0.0000000000000000e+00,200.000000000000,0
QK1_STK_case_0001,1920.000000,2023-11-25T11:40:00Z,J2000,-2032138.706478730,-935714.189579738,-6432033.312554079,4988.164610648730,5289.893899032283,-2340.618155279152,-2032138.706478730,-935714.189579738,-6432033.312554079,4988.164610648730,5289.893899032283,-2340.618155279152,0.000000000,0.000000000,0.000000000,0.000000000,0.000000000000,0.000000000000,0.000000000000,0.000000000000,0.0000000000000000e+00,0.0000000000000000e+00,0.0000000000000000e+00,0.0000000000000000e+00,200.000000000000,0
QK1_STK_case_0001,1980.000000,2023-11-25T11:41:00Z,J2000,-1728482.417468578,-616445.386395183,-6557788.709335124,5129.895017064508,5348.388379392399,-1849.654841385753,-1728482.417468578,-616445.386395183,-6557788.709335124,5129.895017064508,5348.388379392399,-1849.654841385753,0.000000000,0.000000000,0.000000000,0.000000000,0.000000000000,0.000000000000,0.000000000000,0.000000000000,0.0000000000000000e+00,0.0000000000000000e+00,0.0000000000000000e+00,0.0000000000000000e+00,200.000000000000,0
QK1_STK_case_0001,2040.000000,2023-11-25T11:42:00Z,J2000,-1417015.262942487,-294391.152103534,-6653825.153499858,5248.430883037779,5382.707978753715,-1350.355654541230,-1417015.262942487,-294391.152103534,-6653825.153499858,5248.430883037779,5382.707978753715,-1350.355654541230,0.000000000,0.000000000,0.000000000,0.000000000,0.000000000000,0.000000000000,0.000000000000,0.000000000000,0.0000000000000000e+00,0.0000000000000000e+00,0.0000000000000000e+00,0.0000000000000000e+00,200.000000000000,0
QK1_STK_case_0001,2100.000000,2023-11-25T11:43:00Z,J2000,-1099145.160001900,28993.021153416,-6719709.263534483,5343.247747546819,5392.703574950593,-844.951048075207,-1099145.160001900,28993.021153416,-6719709.263534483,5343.247747546819,5392.703574950593,-844.951048075207,0.000000000,0.000000000,0.000000000,0.000000000,0.000000000000,0.000000000000,0.000000000000,0.000000000000,0.0000000000000000e+00,0.0000000000000000e+00,0.0000000000000000e+00,0.0000000000000000e+00,200.000000000000,0
QK1_STK_case_0001,2160.000000,2023-11-25T11:44:00Z,J2000,-776308.421229946,352245.837836909,-6755142.253929743,5413.923647568683,5378.330681126025,-335.695730360264,-776308.421229946,352245.837836909,-6755142.253929743,5413.923647568683,5378.330681126025,-335.695730360264,0.000000000,0.000000000,0.000000000,0.000000000,0.000000000000,0.000000000000,0.000000000000,0.000000000000,0.0000000000000000e+00,0.0000000000000000e+00,0.0000000000000000e+00,0.0000000000000000e+00,200.000000000000,0
QK1_STK_case_0001,2220.000000,2023-11-25T11:45:00Z,J2000,-449963.585545275,673906.456352982,-6759961.160442877,5460.139890345667,5339.648962847832,175.138797954567,-449963.585545275,673906.456352982,-6759961.160442877,5460.139890345667,5339.648962847832,175.138797954567,0.000000000,0.000000000,0.000000000,0.000000000,0.000000000000,0.000000000000,0.000000000000,0.000000000000,0.0000000000000000e+00,0.0000000000000000e+00,0.0000000000000000e+00,0.0000000000000000e+00,200.000000000000,0
QK1_STK_case_0001,2280.000000,2023-11-25T11:46:00Z,J2000,-121585.168595337,992520.760250062,-6734139.629585018,5481.683019976126,5276.823128821446,685.271783648188,-121585.168595337,992520.760250062,-6734139.629585018,5481.683019976126,5276.823128821446,685.271783648188,0.000000000,0.000000000,0.000000000,0.000000000,0.000000000000,0.000000000000,0.000000000000,0.000000000000,0.0000000000000000e+00,0.0000000000000000e+00,0.0000000000000000e+00,0.0000000000000000e+00,200.000000000000,0
QK1_STK_case_0001,2340.000000,2023-11-25T11:47:00Z,J2000,207342.724289750,1306647.690387696,-6677788.184145360,5478.447122630918,5190.123698563775,1192.423311753048,207342.724289750,1306647.690387696,-6677788.184145360,5478.447122630918,5190.123698563775,1192.423311753048,0.000000000,0.000000000,0.000000000,0.000000000,0.000000000000,0.000000000000,0.000000000000,0.000000000000,0.0000000000000000e+00,0.0000000000000000e+00,0.0000000000000000e+00,0.0000000000000000e+00,200.000000000000,0
QK1_STK_case_0001,2400.000000,2023-11-25T11:48:00Z,J2000,535332.876426396,1614865.561481687,-6591153.827573033,5450.434278240537,5079.925492157545,1694.325798458538,535332.876426396,1614865.561481687,-6591153.827573033,5450.434278240537,5079.925492157545,1694.325798458538,0.000000000,0.000000000,0.000000000,0.000000000,0.000000000000,0.000000000000,0.000000000000,0.000000000000,0.0000000000000000e+00,0.0000000000000000e+00,0.0000000000000000e+00,0.0000000000000000e+00,200.000000000000,0
QK1_STK_case_0001,2460.000000,2023-11-25T11:49:00Z,J2000,860901.399106751,1915778.224749410,-6474619.008879184,5397.753010167026,4946.704332867962,2188.733179603210,860901.399106751,1915778.224749410,-6474619.008879184,5397.753010167026,4946.704332867962,2188.733179603210,0.000000000,0.000000000,0.000000000,0.000000000,0.000000000000,0.000000000000,0.000000000000,0.000000000000,0.0000000000000000e+00,0.0000000000000000e+00,0.0000000000000000e+00,0.0000000000000000e+00,200.000000000000,0
QK1_STK_case_0001,2520.000000,2023-11-25T11:50:00Z,J2000,1182574.080504267,2208021.051605709,-6328700.139840702,5320.617434846677,4791.034971710150,2673.427020650635,1182574.080504267,2208021.051605709,-6328700.139840702,5320.617434846677,4791.034971710150,2673.427020650635,0.000000000,0.000000000,0.000000000,0.000000000,0.000000000000,0.000000000000,0.000000000000,0.000000000000,0.0000000000000000e+00,0.0000000000000000e+00,0.0000000000000000e+00,0.0000000000000000e+00,200.000000000000,0
QK1_STK_case_0001,2580.000000,2023-11-25T11:51:00Z,J2000,1498892.750628940,2490266.864947260,-6154045.738335130,5219.348419408660,4613.591076135250,3146.223766257809,1498892.750628940,2490266.864947260,-6154045.738335130,5219.348419408660,4613.591076135250,3146.223766257809,0.000000000,0.000000000,0.000000000,0.000000000,0.000000000000,0.000000000000,0.000000000000,0.000000000000,0.0000000000000000e+00,0.0000000000000000e+00,0.0000000000000000e+00,0.0000000000000000e+00,200.000000000000,0
QK1_STK_case_0001,2640.000000,2023-11-25T11:52:00Z,J2000,1808421.718215779,2761231.865111642,-5951434.030757227,5094.374311162414,4415.144584508514,3604.985266245877,1808421.718215779,2761231.865111642,-5951434.030757227,5094.374311162414,4415.144584508514,3604.985266245877,0.000000000,0.000000000,0.000000000,0.000000000,0.000000000000,0.000000000000,0.000000000000,0.000000000000,0.0000000000000000e+00,0.0000000000000000e+00,0.0000000000000000e+00,0.0000000000000000e+00,200.000000000000,0
QK1_STK_case_0001,2700.000000,2023-11-25T11:53:00Z,J2000,2109754.182448815,3019681.448416339,-5721769.887614521,4946.229356399162,4196.562799737892,4047.629887778323,2109754.182448815,3019681.448416339,-5721769.887614521,4946.229356399162,4196.562799737892,4047.629887778323,0.000000000,0.000000000,0.000000000,0.000000000,0.000000000000,0.000000000000,0.000000000000,0.000000000000,0.0000000000000000e+00,0.0000000000000000e+00,0.0000000000000000e+00,0.0000000000000000e+00,200.000000000000,0
QK1_STK_case_0001,2760.000000,2023-11-25T11:54:00Z,J2000,2401518.504689173,3264435.811118326,-5466081.156342275,4775.550969556711,3958.804461014377,4472.141309211727,2401518.504689173,3264435.811118326,-5466081.156342275,4775.550969556711,3958.804461014377,4472.141309211727,0.000000000,0.000000000,0.000000000,0.000000000,0.000000000000,0.000000000000,0.000000000000,0.000000000000,0.0000000000000000e+00,0.0000000000000000e+00,0.0000000000000000e+00,0.0000000000000000e+00,200.000000000000,0
QK1_STK_case_0001,2820.000000,2023-11-25T11:55:00Z,J2000,2682384.341222501,3494375.335922541,-5185514.523355131,4583.078081393496,3702.916592643896,4876.575795697131,2682384.341222501,3494375.335922541,-5185514.523355131,4583.078081393496,3702.916592643896,4876.575795697131,0.000000000,0.000000000,0.000000000,0.000000000,0.000000000000,0.000000000000,0.000000000000,0.000000000000,0.0000000000000000e+00,0.0000000000000000e+00,0.0000000000000000e+00,0.0000000000000000e+00,200.000000000000,0
QK1_STK_case_0001,2880.000000,2023-11-25T11:56:00Z,J2000,2951068.715364730,3708445.808807461,-4881330.910433337,4369.650559782119,3430.031778080589,5259.070873779397,2951068.715364730,3708445.808807461,-4881330.910433337,4369.650559782119,3430.031778080589,5259.070873779397,0.000000000,0.000000000,0.000000000,0.000000000,0.000000000000,0.000000000000,0.000000000000,0.000000000000,0.0000000000000000e+00,0.0000000000000000e+00,0.0000000000000000e+00,0.0000000000000000e+00,200.000000000000,0
QK1_STK_case_0001,2940.000000,2023-11-25T11:57:00Z,J2000,3206342.032921759,3905663.440683608,-4554900.286798058,4136.207441744084,3141.364065617556,5617.855932364415,3206342.032921759,3905663.440683608,-4554900.286798058,4136.207441744084,3141.364065617556,5617.855932364415,0.000000000,0.000000000,0.000000000,0.000000000,0.000000000000,0.000000000000,0.000000000000,0.000000000000,0.0000000000000000e+00,0.0000000000000000e+00,0.0000000000000000e+00,0.0000000000000000e+00,200.000000000000,0
QK1_STK_case_0001,3000.000000,2023-11-25T11:58:00Z,J2000,3447033.918906518,4085119.590795529,-4207695.850436029,3883.782860916591,2838.203407848267,5951.262061075234,3447033.918906518,4085119.590795529,-4207695.850436029,3883.782860916591,2838.203407848267,5951.262061075234,0.000000000,0.000000000,0.000000000,0.000000000,0.000000000000,0.000000000000,0.000000000000,0.000000000000,0.0000000000000000e+00,0.0000000000000000e+00,0.0000000000000000e+00,0.0000000000000000e+00,200.000000000000,0
QK1_STK_case_0001,3060.000000,2023-11-25T11:59:00Z,J2000,3672038.778784603,4245985.157632988,-3841287.678689278,3613.501268467713,2521.910340294015,6257.730146469771,3672038.778784603,4245985.157632988,-3841287.678689278,3613.501268467713,2521.910340294015,6257.730146469771,0.000000000,0.000000000,0.000000000,0.000000000,0.000000000000,0.000000000000,0.000000000000,0.000000000000,0.0000000000000000e+00,0.0000000000000000e+00,0.0000000000000000e+00,0.0000000000000000e+00,200.000000000000,0
QK1_STK_case_0001,3120.000000,2023-11-25T12:00:00Z,J2000,3880321.082469564,4387514.666507250,-3457335.907021557,3326.572953458626,2193.911017455736,6535.818723939228,3880321.082469564,4387514.666507250,-3457335.907021557,3326.572953458626,2193.911017455736,6535.818723939228,0.000000000,0.000000000,0.000000000,0.000000000,0.000000000000,0.000000000000,0.000000000000,0.000000000000,0.0000000000000000e+00,0.0000000000000000e+00,0.0000000000000000e+00,0.0000000000000000e+00,200.000000000000,0
QK1_STK_case_0001,3180.000000,2023-11-25T12:01:00Z,J2000,4070920.377393212,4509050.038875790,-3057583.422221429,3024.289373281282,1855.691409027386,6784.212240602663,4070920.377393212,4509050.038875790,-3057583.422221429,3024.289373281282,1855.691409027386,6784.212240602663,0.000000000,0.000000000,0.000000000,0.000000000,0.000000000000,0.000000000000,0.000000000000,0.000000000000,0.0000000000000000e+00,0.0000000000000000e+00,0.0000000000000000e+00,0.0000000000000000e+00,200.000000000000,0
QK1_STK_case_0001,3240.000000,2023-11-25T12:02:00Z,J2000,4242955.999059904,4610023.974306904,-2643848.072098402,2708.017712018379,1508.790250584218,7001.728721458467,4242955.999059904,4610023.974306904,-2643848.072098402,2708.017712018379,1508.790250584218,7001.728721458467,0.000000000,0.000000000,0.000000000,0.000000000,0.000000000000,0.000000000000,0.000000000000,0.000000000000,0.0000000000000000e+00,0.0000000000000000e+00,0.0000000000000000e+00,0.0000000000000000e+00,200.000000000000,0
QK1_STK_case_0001,3300.000000,2023-11-25T12:03:00Z,J2000,4395631.439164164,4689962.896453548,-2218014.454804016,2379.195004012322,1154.791763006770,7187.326104757259,4395631.439164164,4689962.896453548,-2218014.454804016,2379.195004012322,1154.791763006770,7187.326104757259,0.000000000,0.000000000,0.000000000,0.000000000,0.000000000000,0.000000000000,0.000000000000,0.000000000000,0.0000000000000000e+00,0.0000000000000000e+00,0.0000000000000000e+00,0.0000000000000000e+00,200.000000000000,0
QK1_STK_case_0001,3360.000000,2023-11-25T12:04:00Z,J2000,4528238.360042018,4748489.477052899,-1782025.346783052,2039.322241587764,795.318895989049,7340.108208791256,4528238.360042018,4748489.477052899,-1782025.346783052,2039.322241587764,795.318895989049,7340.108208791256,0.000000000,0.000000000,0.000000000,0.000000000,0.000000000000,0.000000000000,0.000000000000,0.000000000000,0.0000000000000000e+00,0.0000000000000000e+00,0.0000000000000000e+00,0.0000000000000000e+00,200.000000000000,0
QK1_STK_case_0001,3420.000000,2023-11-25T12:05:00Z,J2000,4640160.240716334,4785324.751219676,-1337872.754997238,1689.957752131196,432.026160837573,7459.331335792756,4640160.240716334,4785324.751219676,-1337872.754997238,1689.957752131196,432.026160837573,7459.331335792756,0.000000000,0.000000000,0.000000000,0.000000000,0.000000000000,0.000000000000,0.000000000000,0.000000000000,0.0000000000000000e+00,0.0000000000000000e+00,0.0000000000000000e+00,0.0000000000000000e+00,200.000000000000,0
QK1_STK_case_0001,3480.000000,2023-11-25T12:06:00Z,J2000,4730875.578017705,4800289.757932828,-887588.580621845,1332.708988028546,66.590956164537,7544.410164295013,4730875.578017705,4800289.757932828,-887588.580621845,1332.708988028546,66.590956164537,7544.410164295013,0.000000000,0.000000000,0.000000000,0.000000000,0.000000000000,0.000000000000,0.000000000000,0.000000000000,0.0000000000000000e+00,0.0000000000000000e+00,0.0000000000000000e+00,0.0000000000000000e+00,200.000000000000,0
QK1_STK_case_0001,3540.000000,2023-11-25T12:07:00Z,J2000,4799960.565847754,4793306.633066914,-433234.998424625,969.223610089886,-299.295734559860,7594.921293718011,4799960.565847754,4793306.633066914,-433234.998424625,969.223610089886,-299.295734559860,7594.921293718011,0.000000000,0.000000000,0.000000000,0.000000000,0.000000000000,0.000000000000,0.000000000000,0.000000000000,0.0000000000000000e+00,0.0000000000000000e+00,0.0000000000000000e+00,0.0000000000000000e+00,200.000000000000,0
QK1_STK_case_0001,3600.000000,2023-11-25T12:08:00Z,J2000,4847091.253356910,4764399.159266104,23105.317236839,601.181144691106,-663.938061131151,7610.605064094150,4847091.253356910,4764399.159266104,23105.317236839,601.181144691106,-663.938061131151,7610.605064094150,0.000000000,0.000000000,0.000000000,0.000000000,0.000000000000,0.000000000000,0.000000000000,0.000000000000,0.0000000000000000e+00,0.0000000000000000e+00,0.0000000000000000e+00,0.0000000000000000e+00,200.000000000000,0
QK1_STK_case_0001,3660.000000,2023-11-25T12:09:00Z,J2000,4872045.223060854,4713692.810011880,479339.064424178,230.285204652347,-1025.643576906055,7591.367162156277,4872045.223060854,4713692.810011880,479339.064424178,230.285204652347,-1025.643576906055,7591.367162156277,0.000000000,0.000000000,0.000000000,0.000000000,0.000000000000,0.000000000000,0.000000000000,0.000000000000,0.0000000000000000e+00,0.0000000000000000e+00,0.0000000000000000e+00,0.0000000000000000e+00,200.000000000000,0
QK1_STK_case_0001,3720.000000,2023-11-25T12:10:00Z,J2000,4874702.793435235,4641414.286670693,933372.282233169,-141.744735444698,-1382.731978900767,7537.280108883972,4874702.793435235,4641414.286670693,933372.282233169,-141.744735444698,-1382.731978900767,7537.280108883972,0.000000000,0.000000000,0.000000000,0.000000000,0.000000000000,0.000000000000,0.000000000000,0.000000000000,0.0000000000000000e+00,0.0000000000000000e+00,0.0000000000000000e+00,0.0000000000000000e+00,200.000000000000,0
QK1_STK_case_0001,3780.000000,2023-11-25T12:11:00Z,J2000,4855047.701719890,4547890.513628772,1383120.373404233,-513.182411328589,-1733.544328895912,7448.583357404878,4855047.701719890,4547890.513628772,1383120.373404233,-513.182411328589,-1733.544328895912,7448.583357404878,0.000000000,0.000000000,0.000000000,0.000000000,0.000000000000,0.000000000000,0.000000000000,0.000000000000,0.0000000000000000e+00,0.0000000000000000e+00,0.0000000000000000e+00,0.0000000000000000e+00,200.000000000000,0
QK1_STK_case_0001,3840.000000,2023-11-25T12:12:00Z,J2000,4813167.234390900,4433547.092112128,1826518.075381850,-882.303939220049,-2076.451686040271,7325.681538440877,4813167.234390900,4433547.092112128,1826518.075381850,-882.303939220049,-2076.451686040271,7325.681538440877,0.000000000,0.000000000,0.000000000,0.000000000,0.000000000000,0.000000000000,0.000000000000,0.000000000000,0.0000000000000000e+00,0.0000000000000000e+00,0.0000000000000000e+00,0.0000000000000000e+00,200.000000000000,0
QK1_STK_case_0001,3900.000000,2023-11-25T12:13:00Z,J2000,4749251.822095407,4298906.268110412,2261529.297083794,-1247.396466706442,-2409.862707890255,7169.142019029033,4749251.822095407,4298906.268110412,2261529.297083794,-1247.396466706442,-2409.862707890255,7169.142019029033,0.000000000,0.000000000,0.000000000,0.000000000,0.000000000000,0.000000000000,0.000000000000,0.000000000000,0.0000000000000000e+00,0.0000000000000000e+00,0.0000000000000000e+00,0.0000000000000000e+00,200.000000000000,0
QK1_STK_case_0001,3960.000000,2023-11-25T12:14:00Z,J2000,4663594.121236078,4144584.451718227,2686156.814069044,-1606.766808015903,-2732.231286088710,6979.692559741493,4663594.121236078,4144584.451718227,2686156.814069044,-1606.766808015903,-2732.231286088710,6979.692559741493,0.000000000,0.000000000,0.000000000,0.000000000,0.000000000000,0.000000000000,0.000000000000,0.000000000000,0.0000000000000000e+00,0.0000000000000000e+00,0.0000000000000000e+00,0.0000000000000000e+00,200.000000000000,0
QK1_STK_case_0001,4020.000000,2023-11-25T12:15:00Z,J2000,4556587.562652076,3971289.253603538,3098451.798279965,-1958.750533914465,-3042.064940910969,6758.217854775046,4556587.562652076,3971289.253603538,3098451.798279965,-1958.750533914465,-3042.064940910969,6758.217854775046,0.000000000,0.000000000,0.000000000,0.000000000,0.000000000000,0.000000000000,0.000000000000,0.000000000000,0.0000000000000000e+00,0.0000000000000000e+00,0.0000000000000000e+00,0.0000000000000000e+00,200.000000000000,0
QK1_STK_case_0001,4080.000000,2023-11-25T12:16:00Z,J2000,4428724.354634991,3779816.015657034,3496523.075640235,-2301.720913646249,-3337.933049546697,6505.753904938962,4428724.354634991,3779816.015657034,3496523.075640235,-2301.720913646249,-3337.933049546697,6505.753904938962,0.000000000,0.000000000,0.000000000,0.000000000,0.000000000000,0.000000000000,0.000000000000,0.000000000000,0.0000000000000000e+00,0.0000000000000000e+00,0.0000000000000000e+00,0.0000000000000000e+00,200.000000000000,0
QK1_STK_case_0001,4140.000000,2023-11-25T12:17:00Z,J2000,4280592.976370950,3571043.887183105,3878545.994894328,-2634.096879622881,-3618.473648994531,6223.480925865669,4280592.976370950,3571043.887183105,3878545.994894328,-2634.096879622881,-3618.473648994531,6223.480925865669,0.000000000,0.000000000,0.000000000,0.000000000,0.000000000000,0.000000000000,0.000000000000,0.000000000000,0.0000000000000000e+00,0.0000000000000000e+00,0.0000000000000000e+00,0.0000000000000000e+00,200.000000000000,0
QK1_STK_case_0001,4200.000000,2023-11-25T12:18:00Z,J2000,4112875.225784126,3345931.538819562,4242770.867184031,-2954.349982983531,-3882.398833408897,5912.716330667527,4112875.225784126,3345931.538819562,4242770.867184031,-2954.349982983531,-3882.398833408897,5912.716330667527,0.000000000,0.000000000,0.000000000,0.000000000,0.000000000000,0.000000000000,0.000000000000,0.000000000000,0.0000000000000000e+00,0.0000000000000000e+00,0.0000000000000000e+00,0.0000000000000000e+00,200.000000000000,0
QK1_STK_case_0001,4260.000000,2023-11-25T12:19:00Z,J2000,3926342.864502921,3105512.566128135,4587531.002118155,-3261.010976516203,-4128.499901464768,5574.908246079022,3926342.864502921,3105512.566128135,4587531.002118155,-3261.010976516203,-4128.499901464768,5574.908246079022,0.000000000,0.000000000,0.000000000,0.000000000,0.000000000000,0.000000000000,0.000000000000,0.000000000000,0.0000000000000000e+00,0.0000000000000000e+00,0.0000000000000000e+00,0.0000000000000000e+00,200.000000000000,0
QK1_STK_case_0001,4320.000000,2023-11-25T12:20:00Z,J2000,3721853.868100105,2850890.570695194,4911250.349001282,-3552.676403022510,-4355.652987320458,5211.628638556091,3721853.868100105,2850890.570695194,4911250.349001282,-3552.676403022510,-4355.652987320458,5211.628638556091,0.000000000,0.000000000,0.000000000,0.000000000,0.000000000000,0.000000000000,0.000000000000,0.000000000000,0.0000000000000000e+00,0.0000000000000000e+00,0.0000000000000000e+00,0.0000000000000000e+00,200.000000000000,0
QK1_STK_case_0001,4380.000000,2023-11-25T12:21:00Z,J2000,3500348.285605717,2583233.899427117,5212450.691942615,-3828.014959879326,-4562.824658454143,4824.565257560733,3500348.285605717,2583233.899427117,5212450.691942615,-3828.014959879326,-4562.824658454143,4824.565257560733,0.000000000,0.000000000,0.000000000,0.000000000,0.000000000000,0.000000000000,0.000000000000,0.000000000000,0.0000000000000000e+00,0.0000000000000000e+00,0.0000000000000000e+00,0.0000000000000000e+00,200.000000000000,0
QK1_STK_case_0001,4440.000000,2023-11-25T12:22:00Z,J2000,3262843.730458684,2303770.072295847,5489758.333147913,-4085.773432330423,-4749.076598728149,4415.512803372075,3262843.730458684,2303770.072295847,5489758.333147913,-4085.773432330423,-4749.076598728149,4415.512803372075,0.000000000,0.000000000,0.000000000,0.000000000,0.000000000000,0.000000000000,0.000000000000,0.000000000000,0.0000000000000000e+00,0.0000000000000000e+00,0.0000000000000000e+00,0.0000000000000000e+00,200.000000000000,0
QK1_STK_case_0001,4500.000000,2023-11-25T12:23:00Z,J2000,3010430.523276560,2013779.958069961,5741910.240104221,-4324.782403243603,-4913.569425558176,3986.363887568855,3010430.523276560,2013779.958069961,5741910.240104221,-4324.782403243603,-4913.569425558176,3986.363887568855,0.000000000,0.000000000,0.000000000,0.000000000,0.000000000000,0.000000000000,0.000000000000,0.000000000000,0.0000000000000000e+00,0.0000000000000000e+00,0.0000000000000000e+00,0.0000000000000000e+00,200.000000000000,0
QK1_STK_case_0001,4560.000000,2023-11-25T12:24:00Z,J2000,2744266.498997744,1714591.735341569,5967759.638109385,-4543.961659164632,-5055.566055318747,3539.099497819142,2744266.498997744,1714591.735341569,5967759.638109385,-4543.961659164632,-5055.566055318747,3539.099497819142,0.000000000,0.000000000,0.000000000,0.000000000,0.000000000000,0.000000000000,0.000000000000,0.000000000000,0.0000000000000000e+00,0.0000000000000000e+00,0.0000000000000000e+00,0.0000000000000000e+00,200.000000000000,0
QK1_STK_case_0001,4620.000000,2023-11-25T12:25:00Z,J2000,2465571.512251397,1407574.666099068,6166281.006171957,-4742.324752163415,-5174.434520315992,3075.778668489994,2465571.512251397,1407574.666099068,6166281.006171957,-4742.324752163415,-5174.434520315992,3075.778668489994,0.000000000,0.000000000,0.000000000,0.000000000,0.000000000000,0.000000000000,0.000000000000,0.000000000000,0.0000000000000000e+00,0.0000000000000000e+00,0.0000000000000000e+00,0.0000000000000000e+00,200.000000000000,0
QK1_STK_case_0001,4680.000000,2023-11-25T12:26:00Z,J2000,2175621.704171611,1094132.728539218,6336574.441223854,-4918.982399519802,-5269.649795264609,2598.527901257692,2175621.704171611,1094132.728539218,6336574.441223854,-4918.982399519802,-5269.649795264609,2598.527901257692,0.000000000,0.000000000,0.000000000,0.000000000,0.000000000000,0.000000000000,0.000000000000,0.000000000000,0.0000000000000000e+00,0.0000000000000000e+00,0.0000000000000000e+00,0.0000000000000000e+00,200.000000000000,0
QK1_STK_case_0001,4740.000000,2023-11-25T12:27:00Z,J2000,1875743.590564124,775698.171128440,6477869.404615209,-5073.145151774973,-5340.794659129469,2109.531269082370,1875743.590564124,775698.171128440,6477869.404615209,-5073.145151774973,-5340.794659129469,2109.531269082370,0.000000000,0.000000000,0.000000000,0.000000000,0.000000000000,0.000000000000,0.000000000000,0.000000000000,0.0000000000000000e+00,0.0000000000000000e+00,0.0000000000000000e+00,0.0000000000000000e+00,200.000000000000,0
QK1_STK_case_0001,4800.000000,2023-11-25T12:28:00Z,J2000,1567307.993164708,453725.026794996,6589527.901235544,-5204.126055487066,-5387.560300101393,1611.021339460474,1567307.993164708,453725.026794996,6589527.901235544,-5204.126055487066,-5387.560300101393,1611.021339460474,0.000000000,0.000000000,0.000000000,0.000000000,0.000000000000,0.000000000000,0.000000000000,0.000000000000,0.0000000000000000e+00,0.0000000000000000e+00,0.0000000000000000e+00,0.0000000000000000e+00,200.000000000000,0
QK1_STK_case_0001,4860.000000,2023-11-25T12:29:00Z,J2000,1251723.806493007,129682.582020320,6671047.117452279,-5311.343412746905,-5409.747274729802,1105.269994298630,1251723.806493007,129682.582020320,6671047.117452279,-5311.343412746905,-5409.747274729802,1105.269994298630,0.000000000,0.000000000,0.000000000,0.000000000,0.000000000000,0.000000000000,0.000000000000,0.000000000000,0.0000000000000000e+00,0.0000000000000000e+00,0.0000000000000000e+00,0.0000000000000000e+00,200.000000000000,0
QK1_STK_case_0001,4920.000000,2023-11-25T12:30:00Z,J2000,930431.613052361,-194951.217091291,6722061.483332662,-5394.322920867897,-5407.266484086912,594.578423193015,930431.613052361,-194951.217091291,6722061.483332662,-5394.322920867897,-5407.266484086912,594.578423193015,0.000000000,0.000000000,0.000000000,0.000000000,0.000000000000,0.000000000000,0.000000000000,0.000000000000,0.0000000000000000e+00,0.0000000000000000e+00,0.0000000000000000e+00,0.0000000000000000e+00,200.000000000000,0
QK1_STK_case_0001,4980.000000,2023-11-25T12:31:00Z,J2000,604897.199394208,-518696.397027194,6742344.123419952,-5452.698906520921,-5380.139407629057,81.266923526264,604897.199394208,-518696.397027194,6742344.123419952,-5452.698906520921,-5380.139407629057,81.266923526264,0.000000000,0.000000000,0.000000000,0.000000000,0.000000000000,0.000000000000,0.000000000000,0.000000000000,0.0000000000000000e+00,0.0000000000000000e+00,0.0000000000000000e+00,0.0000000000000000e+00,200.000000000000,0
QK1_STK_case_0001,5040.000000,2023-11-25T12:32:00Z,J2000,276605.011071118,-840077.576390760,6731807.710751246,-5486.215239734075,-5328.497479869696,-432.334734814928,276605.011071118,-840077.576390760,6731807.710751246,-5486.215239734075,-5328.497479869696,-432.334734814928,0.000000000,0.000000000,0.000000000,0.000000000,0.000000000000,0.000000000000,0.000000000000,0.000000000000,0.0000000000000000e+00,0.0000000000000000e+00,0.0000000000000000e+00,0.0000000000000000e+00,200.000000000000,0
QK1_STK_case_0001,5100.000000,2023-11-25T12:33:00Z,J2000,-52948.453647478,-1157630.532771033,6690504.759303266,-5494.726517126996,-5252.581055103238,-943.896496335435,-52948.453647478,-1157630.532771033,6690504.759303266,-5494.726517126996,-5252.581055103238,-943.896496335435,0.000000000,0.000000000,0.000000000,0.000000000,0.000000000000,0.000000000000,0.000000000000,0.000000000000,0.0000000000000000e+00,0.0000000000000000e+00,0.0000000000000000e+00,0.0000000000000000e+00,200.000000000000,0
QK1_STK_case_0001,5160.000000,2023-11-25T12:34:00Z,J2000,-382261.323998145,-1469908.706015829,6618627.357681341,-5478.199186959602,-5152.738336743882,-1451.097578104490,-382261.323998145,-1469908.706015829,6618627.357681341,-5478.199186959602,-5152.738336743882,-1451.097578104490,0.000000000,0.000000000,0.000000000,0.000000000,0.000000000000,0.000000000000,0.000000000000,0.000000000000,0.0000000000000000e+00,0.0000000000000000e+00,0.0000000000000000e+00,0.0000000000000000e+00,200.000000000000,0
QK1_STK_case_0001,5220.000000,2023-11-25T12:35:00Z,J2000,-709833.081104565,-1775489.633902165,6516506.312243019,-5436.711823503186,-5029.424158563475,-1951.636522807889,-709833.081104565,-1775489.633902165,6516506.312243019,-5436.711823503186,-5029.424158563475,-1951.636522807889,0.000000000,0.000000000,0.000000000,0.000000000,0.000000000000,0.000000000000,0.000000000000,0.000000000000,0.0000000000000000e+00,0.0000000000000000e+00,0.0000000000000000e+00,0.0000000000000000e+00,200.000000000000,0
QK1_STK_case_0001,5280.000000,2023-11-25T12:36:00Z,J2000,-1034171.269815750,-2072981.305245984,6384609.687059285,-5370.454499032137,-4883.198431117286,-2443.241155253672,-1034171.269815750,-2072981.305245984,6384609.687059285,-5370.454499032137,-4883.198431117286,-2443.241155253672,0.000000000,0.000000000,0.000000000,0.000000000,0.000000000000,0.000000000000,0.000000000000,0.000000000000,0.0000000000000000e+00,0.0000000000000000e+00,0.0000000000000000e+00,0.0000000000000000e+00,200.000000000000,0
QK1_STK_case_0001,5340.000000,2023-11-25T12:37:00Z,J2000,-1353798.163290155,-2361028.408433491,6223540.758725511,-5279.727961991468,-4714.724204237134,-2923.678147509482,-1353798.163290155,-2361028.408433491,6223540.758725511,-5279.727961991468,-4714.724204237134,-2923.678147509482,0.000000000,0.000000000,0.000000000,0.000000000,0.000000000000,0.000000000000,0.000000000000,0.000000000000,0.0000000000000000e+00,0.0000000000000000e+00,0.0000000000000000e+00,0.0000000000000000e+00,200.000000000000,0
QK1_STK_case_0001,5400.000000,2023-11-25T12:38:00Z,J2000,-1667257.384252761,-2638318.450141167,6034035.397817019,-5164.943016653254,-4524.765253643248,-3390.762671234523,-1667257.384252761,-2638318.450141167,6034035.397817019,-5164.943016653254,-4524.765253643248,-3390.762671234523,0.000000000,0.000000000,0.000000000,0.000000000,0.000000000000,0.000000000000,0.000000000000,0.000000000000,0.0000000000000000e+00,0.0000000000000000e+00,0.0000000000000000e+00,0.0000000000000000e+00,200.000000000000,0
QK1_STK_case_0001,5460.000000,2023-11-25T12:39:00Z,J2000,-1973120.482959734,-2903587.708758086,5816958.856816208,-5026.619523063506,-4314.182920993552,-3842.368553551241,-1973120.482959734,-2903587.708758086,5816958.856816208,-5026.619523063506,-4314.182920993552,-3842.368553551241,0.000000000,0.000000000,0.000000000,0.000000000,0.000000000000,0.000000000000,0.000000000000,0.000000000000,0.0000000000000000e+00,0.0000000000000000e+00,0.0000000000000000e+00,0.0000000000000000e+00,200.000000000000,0
QK1_STK_case_0001,5520.000000,2023-11-25T12:40:00Z,J2000,-2269993.421251566,-3155626.972069154,5573301.946417861,-4865.384203110410,-4083.932135758311,-4276.438277072799,-2269993.421251566,-3155626.972069154,5573301.946417861,-4865.384203110410,-4083.932135758311,-4276.438277072799,0.000000000,0.000000000,0.000000000,0.000000000,0.000000000000,0.000000000000,0.000000000000,0.000000000000,0.0000000000000000e+00,0.0000000000000000e+00,0.0000000000000000e+00,0.0000000000000000e+00,200.000000000000,0
QK1_STK_case_0001,5580.000000,2023-11-25T12:41:00Z,J2000,-2556522.894341315,-3393287.024298368,5304176.642570579,-4681.967591125578,-3835.057154391938,-4690.991905388247,-2556522.894341315,-3393287.024298368,5304176.642570579,-4681.967591125578,-3835.057154391938,-4690.991905388247,0.000000000,0.000000000,0.000000000,0.000000000,0.000000000000,0.000000000000,0.000000000000,0.000000000000,0.0000000000000000e+00,0.0000000000000000e+00,0.0000000000000000e+00,0.0000000000000000e+00,200.000000000000,0
QK1_STK_case_0001,5640.000000,2023-11-25T12:42:00Z,J2000,-2831402.468065751,-3615483.883545942,5010811.187919957,-4477.201048523337,-3568.687537114340,-5084.135151892776,-2831402.468065751,-3615483.883545942,5010811.187919957,-4477.201048523337,-3568.687537114340,-5084.135151892776,0.000000000,0.000000000,0.000000000,0.000000000,0.000000000000,0.000000000000,0.000000000000,0.000000000000,0.0000000000000000e+00,0.0000000000000000e+00,0.0000000000000000e+00,0.0000000000000000e+00,200.000000000000,0
QK1_STK_case_0001,5700.000000,2023-11-25T12:43:00Z,J2000,-3093378.549292324,-3821203.803921300,4694544.707673943,-4252.014145313377,-3286.034249569853,-5454.067671235722,-3093378.549292324,-3821203.803921300,4694544.707673943,-4252.014145313377,-3286.034249569853,-5454.067671235722,0.000000000,0.000000000,0.000000000,0.000000000,0.000000000000,0.000000000000,0.000000000000,0.000000000000,0.0000000000000000e+00,0.0000000000000000e+00,0.0000000000000000e+00,0.0000000000000000e+00,200.000000000000,0
QK1_STK_case_0001,5760.000000,2023-11-25T12:44:00Z,J2000,-3341256.194255047,-4009508.030849220,4356821.301189229,-4007.431719826368,-2988.385210581454,-5799.092267025125,-3341256.194255047,-4009508.030849220,4356821.301189229,-4007.431719826368,-2988.385210581454,-5799.092267025125,0.000000000,0.000000000,0.000000000,0.000000000,0.000000000000,0.000000000000,0.000000000000,0.000000000000,0.0000000000000000e+00,0.0000000000000000e+00,0.0000000000000000e+00,0.0000000000000000e+00,200.000000000000,0
QK1_STK_case_0001,5820.000000,2023-11-25T12:45:00Z,J2000,-3573904.707134829,-4179537.256563059,3999183.564142997,-3744.569722252796,-2677.099696156441,-6117.624496045134,-3573904.707134829,-4179537.256563059,3999183.564142997,-3744.569722252796,-2677.099696156441,-6117.624496045134,0.000000000,0.000000000,0.000000000,0.000000000,0.000000000000,0.000000000000,0.000000000000,0.000000000000,0.0000000000000000e+00,0.0000000000000000e+00,0.0000000000000000e+00,0.0000000000000000e+00,200.000000000000,0
QK1_STK_case_0001,5880.000000,2023-11-25T12:46:00Z,J2000,-3790262.947929198,-4330515.705275039,3623265.553498280,-3464.629727482574,-2353.601642228253,-6408.201427960093,-3790262.947929198,-4330515.705275039,3623265.553498280,-3464.629727482574,-2353.601642228253,-6408.201427960093,0.000000000,0.000000000,0.000000000,0.000000000,0.000000000000,0.000000000000,0.000000000000,0.000000000000,0.0000000000000000e+00,0.0000000000000000e+00,0.0000000000000000e+00,0.0000000000000000e+00,200.000000000000,0
QK1_STK_case_0001,5940.000000,2023-11-25T12:47:00Z,J2000,-3989344.288314224,-4461754.797223349,3230785.274825773,-3168.892883396992,-2019.372446285855,-6669.488743859550,-3989344.288314224,-4461754.797223349,3230785.274825773,-3168.892883396992,-2019.372446285855,-6669.488743859550,0.000000000,0.000000000,0.000000000,0.000000000,0.000000000000,0.000000000000,0.000000000000,0.000000000000,0.0000000000000000e+00,0.0000000000000000e+00,0.0000000000000000e+00,0.0000000000000000e+00,200.000000000000,0
QK1_STK_case_0001,6000.000000,2023-11-25T12:48:00Z,J2000,-4170241.210066373,-4572656.382914009,2823536.787584291,-2858.714120297494,-1675.943906728097,-6900.286557344646,-4170241.210066373,-4572656.382914009,2823536.787584291,-2858.714120297494,-1675.943906728097,-6900.286557344646,0.000000000,0.000000000,0.000000000,0.000000000,0.000000000000,0.000000000000,0.000000000000,0.000000000000,0.0000000000000000e+00,0.0000000000000000e+00,0.0000000000000000e+00,0.0000000000000000e+00,200.000000000000,0
QK1_STK_case_0001,6060.000000,2023-11-25T12:49:00Z,J2000,-4332129.565982176,-4662715.562189925,2403381.972344196,-2535.516595838340,-1324.891395884907,-7099.535015826752,-4332129.565982176,-4662715.562189925,2403381.972344196,-2535.516595838340,-1324.891395884907,-7099.535015826752,0.000000000,0.000000000,0.000000000,0.000000000,0.000000000000,0.000000000000,0.000000000000,0.000000000000,0.0000000000000000e+00,0.0000000000000000e+00,0.0000000000000000e+00,0.0000000000000000e+00,200.000000000000,0
QK1_STK_case_0001,6120.000000,2023-11-25T12:50:00Z,J2000,-4474272.495312075,-4731523.089496106,1972241.952218933,-2200.785589096023,-967.826800246811,-7266.320205342144,-4474272.495312075,-4731523.089496106,1972241.952218933,-2200.785589096023,-967.826800246811,-7266.320205342144,0.000000000,0.000000000,0.000000000,0.000000000,0.000000000000,0.000000000000,0.000000000000,0.000000000000,0.0000000000000000e+00,0.0000000000000000e+00,0.0000000000000000e+00,0.0000000000000000e+00,200.000000000000,0
QK1_STK_case_0001,6180.000000,2023-11-25T12:51:00Z,J2000,-4596023.938177990,-4778767.336474182,1532088.165518428,-1856.061211549067,-606.390803161052,-7399.879695574506,-4596023.938177990,-4778767.336474182,1532088.165518428,-1856.061211549067,-606.390803161052,-7399.879695574506,0.000000000,0.000000000,0.000000000,0.000000000,0.000000000000,0.000000000000,0.000000000000,0.000000000000,0.0000000000000000e+00,0.0000000000000000e+00,0.0000000000000000e+00,0.0000000000000000e+00,200.000000000000,0
QK1_STK_case_0001,6240.000000,2023-11-25T12:52:00Z,J2000,-4696831.684175695,-4804235.775731531,1084933.144740366,-1502.930301624323,-242.244720006183,-7499.606658531060,-4696831.684175695,-4804235.775731531,1084933.144740366,-1502.930301624323,-242.244720006183,-7499.606658531060,0.000000000,0.000000000,0.000000000,0.000000000,0.000000000000,0.000000000000,0.000000000000,0.000000000000,0.0000000000000000e+00,0.0000000000000000e+00,0.0000000000000000e+00,0.0000000000000000e+00,200.000000000000,0
QK1_STK_case_0001,6300.000000,2023-11-25T12:53:00Z,J2000,-4776239.935595599,-4807815.976253630,632821.096240132,-1143.018503139448,122.937530893113,-7565.052475844623,-4776239.935595599,-4807815.976253630,632821.096240132,-1143.018503139448,122.937530893113,-7565.052475844623,0.000000000,0.000000000,0.000000000,0.000000000,0.000000000000,0.000000000000,0.000000000000,0.000000000000,0.0000000000000000e+00,0.0000000000000000e+00,0.0000000000000000e+00,0.0000000000000000e+00,200.000000000000,0
QK1_STK_case_0001,6360.000000,2023-11-25T12:54:00Z,J2000,-4833891.412346997,-4789496.125334217,177818.343906188,-777.982885181591,487.477229994255,-7595.928905397621,-4833891.412346997,-4789496.125334217,177818.343906188,-777.982885181591,487.477229994255,-7595.928905397621,0.000000000,0.000000000,0.000000000,0.000000000,0.000000000000,0.000000000000,0.000000000000,0.000000000000,0.0000000000000000e+00,0.0000000000000000e+00,0.0000000000000000e+00,0.0000000000000000e+00,200.000000000000,0
QK1_STK_case_0001,6420.000000,2023-11-25T12:55:00Z,J2000,-4869529.008819255,-4749365.071892936,-277996.365105863,-409.504099446825,849.699190699315,-7592.110442714118,-4869529.008819255,-4749365.071892936,-277996.365105863,-409.504099446825,849.699190699315,-7592.110442714118,0.000000000,0.000000000,0.000000000,0.000000000,0.000000000000,0.000000000000,0.000000000000,0.000000000000,0.0000000000000000e+00,0.0000000000000000e+00,0.0000000000000000e+00,0.0000000000000000e+00,200.000000000000,0
QK1_STK_case_0001,6480.000000,2023-11-25T12:56:00Z,J2000,-4882996.939238366,-4687611.841778199,-732541.671223178,-39.277215549381,1207.940914188438,-7553.635512694879,-4882996.939238366,-4687611.841778199,-732541.671223178,-39.277215549381,1207.940914188438,-7553.635512694879,0.000000000,0.000000000,0.000000000,0.000000000,0.000000000000,0.000000000000,0.000000000000,0.000000000000,0.0000000000000000e+00,0.0000000000000000e+00,0.0000000000000000e+00,0.0000000000000000e+00,200.000000000000,0
QK1_STK_case_0001,6540.000000,2023-11-25T12:57:00Z,J2000,-4874241.313678165,-4604524.604170463,-1183743.412733389,330.997848970448,1560.561522464056,-7480.705208378003,-4874241.313678165,-4604524.604170463,-1183743.412733389,330.997848970448,1560.561522464056,-7480.705208378003,0.000000000,0.000000000,0.000000000,0.000000000,0.000000000000,0.000000000000,0.000000000000,0.000000000000,0.0000000000000000e+00,0.0000000000000000e+00,0.0000000000000000e+00,0.0000000000000000e+00,200.000000000000,0
QK1_STK_case_0001,6600.000000,2023-11-25T12:58:00Z,J2000,-4843310.168203563,-4500489.138040708,-1629544.299823449,699.624729239585,1905.949382630181,-7373.680313187237,-4843310.168203563,-4500489.138040708,-1629544.299823449,699.624729239585,1905.949382630181,-7373.680313187237,0.000000000,0.000000000,0.000000000,0.000000000,0.000000000000,0.000000000000,0.000000000000,0.000000000000,0.0000000000000000e+00,0.0000000000000000e+00,0.0000000000000000e+00,0.0000000000000000e+00,200.000000000000,0
QK1_STK_case_0001,6660.000000,2023-11-25T12:59:00Z,J2000,-4790353.035471956,-4375986.874286272,-2067913.412156561,1064.917742845441,2242.528882523843,-7233.078682578659,-4790353.035471956,-4375986.874286272,-2067913.412156561,1064.917742845441,2242.528882523843,-7233.078682578659,0.000000000,0.000000000,0.000000000,0.000000000,0.000000000000,0.000000000000,0.000000000000,0.000000000000,0.0000000000000000e+00,0.0000000000000000e+00,0.0000000000000000e+00,0.0000000000000000e+00,200.000000000000,0
QK1_STK_case_0001,6720.000000,2023-11-25T13:00:00Z,J2000,-4715620.084807051,-4231592.518147569,-2496855.563316656,1425.209363347386,2568.767804663321,-7059.573198787285,-4715620.084807051,-4231592.518147569,-2496855.563316656,1425.209363347386,2568.767804663321,-7059.573198787285,0.000000000,0.000000000,0.000000000,0.000000000,0.000000000000,0.000000000000,0.000000000000,0.000000000000,0.0000000000000000e+00,0.0000000000000000e+00,0.0000000000000000e+00,0.0000000000000000e+00,200.000000000000,0
QK1_STK_case_0001,6780.000000,2023-11-25T13:01:00Z,J2000,-4619460.778887010,-4067971.202607762,-2914420.513297055,1778.858818861162,2883.185457126739,-6853.988444056091,-4619460.778887010,-4067971.202607762,-2914420.513297055,1778.858818861162,2883.185457126739,-6853.988444056091,0.000000000,0.000000000,0.000000000,0.000000000,0.000000000000,0.000000000000,0.000000000000,0.000000000000,0.0000000000000000e+00,0.0000000000000000e+00,0.0000000000000000e+00,0.0000000000000000e+00,200.000000000000,0
QK1_STK_case_0001,6840.000000,2023-11-25T13:02:00Z,J2000,-4502322.006657002,-3885875.165267237,-3318711.910208622,2124.260687252791,3184.360172944791,-6617.295009010756,-4502322.006657002,-3885875.165267237,-3318711.910208622,2124.260687252791,3184.360172944791,-6617.295009010756,0.000000000,0.000000000,0.000000000,0.000000000,0.000000000000,0.000000000000,0.000000000000,0.000000000000,0.0000000000000000e+00,0.0000000000000000e+00,0.0000000000000000e+00,0.0000000000000000e+00,200.000000000000,0
QK1_STK_case_0001,6900.000000,2023-11-25T13:03:00Z,J2000,-4364745.738057423,-3686140.022620396,-3707895.850267895,2459.852093149459,3470.935177061173,-6350.602817175270,-4364745.738057423,-3686140.022620396,-3707895.850267895,2459.852093149459,3470.935177061173,-6350.602817175270,0.000000000,0.000000000,0.000000000,0.000000000,0.000000000000,0.000000000000,0.000000000000,0.000000000000,0.0000000000000000e+00,0.0000000000000000e+00,0.0000000000000000e+00,0.0000000000000000e+00,200.000000000000,0
QK1_STK_case_0001,6960.000000,2023-11-25T13:04:00Z,J2000,-4207366.283489428,-3469680.723922975,-4080209.058115189,2784.118951223901,3741.623709951218,-6055.155386645311,-4207366.283489428,-3469680.723922975,-4080209.058115189,2784.118951223901,3741.623709951218,-6055.155386645311,0.000000000,0.000000000,0.000000000,0.000000000,0.000000000000,0.000000000000,0.000000000000,0.000000000000,0.0000000000000000e+00,0.0000000000000000e+00,0.0000000000000000e+00,0.0000000000000000e+00,200.000000000000,0
QK1_STK_case_0001,7020.000000,2023-11-25T13:05:00Z,J2000,-4030907.163501857,-3237487.179462622,-4433966.740936388,3095.602935177944,3995.214867799683,-5732.324188064444,-4030907.163501857,-3237487.179462622,-4433966.740936388,3095.602935177944,3995.214867799683,-5732.324188064444,0.000000000,0.000000000,0.000000000,0.000000000,0.000000000000,0.000000000000,0.000000000000,0.000000000000,0.0000000000000000e+00,0.0000000000000000e+00,0.0000000000000000e+00,0.0000000000000000e+00,200.000000000000,0
QK1_STK_case_0001,7080.000000,2023-11-25T13:06:00Z,J2000,-3836177.539705755,-2990619.529557108,-4767570.043566733,3392.908805802092,4230.579408425333,-5383.600817792191,-3836177.539705755,-2990619.529557108,-4767570.043566733,3392.908805802092,4230.579408425333,-5383.600817792191,0.000000000,0.000000000,0.000000000,0.000000000,0.000000000000,0.000000000000,0.000000000000,0.000000000000,0.0000000000000000e+00,0.0000000000000000e+00,0.0000000000000000e+00,0.0000000000000000e+00,200.000000000000,0
QK1_STK_case_0001,7140.000000,2023-11-25T13:07:00Z,J2000,-3624068.244801255,-2730203.110070506,-5079512.971465988,3674.710197287157,4446.673912027519,-5010.587452228803,-3624068.244801255,-2730203.110070506,-5079512.971465988,3674.710197287157,4446.673912027519,-5010.587452228803,0.000000000,0.000000000,0.000000000,0.000000000,0.000000000000,0.000000000000,0.000000000000,0.000000000000,0.0000000000000000e+00,0.0000000000000000e+00,0.0000000000000000e+00,0.0000000000000000e+00,200.000000000000,0
QK1_STK_case_0001,7200.000000,2023-11-25T13:08:00Z,J2000,-3395547.531249456,-2457423.222253498,-5368388.756659635,3939.753352529347,4642.543335348661,-4614.988213059004,-3395547.531249456,-2457423.222253498,-5368388.756659635,3939.753352529347,4642.543335348661,-4614.988213059004,0.000000000,0.000000000,0.000000000,0.000000000,0.000000000000,0.000000000000,0.000000000000,0.000000000000,0.0000000000000000e+00,0.0000000000000000e+00,0.0000000000000000e+00,0.0000000000000000e+00,200.000000000000,0
QK1_STK_case_0001,7260.000000,2023-11-25T13:09:00Z,J2000,-3151656.615574398,-2173519.755623445,-5632895.770679873,4186.860553216557,4817.323630229455,-4198.602642649228,-3151656.615574398,-2173519.755623445,-5632895.770679873,4186.860553216557,4817.323630229455,-4198.602642649228,0.000000000,0.000000000,0.000000000,0.000000000,0.000000000000,0.000000000000,0.000000000000,0.000000000000,0.0000000000000000e+00,0.0000000000000000e+00,0.0000000000000000e+00,0.0000000000000000e+00,200.000000000000,0
QK1_STK_case_0001,7320.000000,2023-11-25T13:10:00Z,J2000,-2893504.978076146,-1879781.622133733,-5871843.067723954,4414.934993530226,4970.245442588311,-3763.319470783518,-2893504.978076146,-1879781.622133733,-5871843.067723954,4414.934993530226,4970.245442588311,-3763.319470783518,0.000000000,0.000000000,0.000000000,0.000000000,0.000000000000,0.000000000000,0.000000000000,0.000000000000,0.0000000000000000e+00,0.0000000000000000e+00,0.0000000000000000e+00,0.0000000000000000e+00,200.000000000000,0
QK1_STK_case_0001,7380.000000,2023-11-25T13:11:00Z,J2000,-2622265.334409067,-1577540.956194942,-6084155.499966753,4622.966586725407,5100.637943840718,-3311.108294312366,-2622265.334409067,-1577540.956194942,-6084155.499966753,4622.966586725407,5100.637943840718,-3311.108294312366,0.000000000,0.000000000,0.000000000,0.000000000,0.000000000000,0.000000000000,0.000000000000,0.000000000000,0.0000000000000000e+00,0.0000000000000000e+00,0.0000000000000000e+00,0.0000000000000000e+00,200.000000000000,0
QK1_STK_case_0001,7440.000000,2023-11-25T13:12:00Z,J2000,-2339168.281204356,-1268167.119552598,-6268878.268158369,4810.036654395040,5207.931328650305,-2844.009397510148,-2339168.281204356,-1268167.119552598,-6268878.268158369,4810.036654395040,5207.931328650305,-2844.009397510148,0.000000000,0.000000000,0.000000000,0.000000000,0.000000000000,0.000000000000,0.000000000000,0.000000000000,0.0000000000000000e+00,0.0000000000000000e+00,0.0000000000000000e+00,0.0000000000000000e+00,200.000000000000,0
QK1_STK_case_0001,7500.000000,2023-11-25T13:13:00Z,J2000,-2045496.717487566,-953060.595269129,-6425180.859398707,4975.320862186783,5291.658244764257,-2364.123802199224,-2045496.717487566,-953060.595269129,-6425180.859398707,4975.320862186783,5291.658244764257,-2364.123802199224,0.000000000,0.000000000,0.000000000,0.000000000,0.000000000000,0.000000000000,0.000000000000,0.000000000000,0.0000000000000000e+00,0.0000000000000000e+00,0.0000000000000000e+00,0.0000000000000000e+00,200.000000000000,0
QK1_STK_case_0001,7560.000000,2023-11-25T13:14:00Z,J2000,-1742580.115763971,-633646.802775247,-6552360.411777146,5118.091459685697,5351.455018286012,-1873.603983697780,-1742580.115763971,-633646.802775247,-6552360.411777146,5118.091459685697,5351.455018286012,-1873.603983697780,0.000000000,0.000000000,0.000000000,0.000000000,0.000000000000,0.000000000000,0.000000000000,0.000000000000,0.0000000000000000e+00,0.0000000000000000e+00,0.0000000000000000e+00,0.0000000000000000e+00,200.000000000000,0
QK1_STK_case_0001,7620.000000,2023-11-25T13:15:00Z,J2000,-1431788.662907705,-311369.849631548,-6649844.525999859,5237.719377368976,5387.062444517863,-1374.644702421777,-1431788.662907705,-311369.849631548,-6649844.525999859,5237.719377368976,5387.062444517863,-1374.644702421777,0.000000000,0.000000000,0.000000000,0.000000000,0.000000000000,0.000000000000,0.000000000000,0.000000000000,0.0000000000000000e+00,0.0000000000000000e+00,0.0000000000000000e+00,0.0000000000000000e+00,200.000000000000,0
QK1_STK_case_0001,7680.000000,2023-11-25T13:16:00Z,J2000,-1114527.284580960,12313.738892198,-6717193.533458799,5333.675982285912,5398.325755415113,-869.474142930571,-1114527.284580960,12313.738892198,-6717193.533458799,5333.675982285912,5398.325755415113,-869.474142930571,0.000000000,0.000000000,0.000000000,0.000000000,0.000000000000,0.000000000000,0.000000000000,0.000000000000,0.0000000000000000e+00,0.0000000000000000e+00,0.0000000000000000e+00,0.0000000000000000e+00,200.000000000000,0
QK1_STK_case_0001,7740.000000,2023-11-25T13:17:00Z,J2000,-792229.576287398,335941.277442735,-6754102.258486436,5405.534472395444,5385.194386477658,-360.345954664184,-792229.576287398,335941.277442735,-6754102.258486436,5405.534472395444,5385.194386477658,-360.345954664184,0.000000000,0.000000000,0.000000000,0.000000000,0.000000000000,0.000000000000,0.000000000000,0.000000000000,0.0000000000000000e+00,0.0000000000000000e+00,0.0000000000000000e+00,0.0000000000000000e+00,200.000000000000,0
QK1_STK_case_0001,7800.000000,2023-11-25T13:18:00Z,J2000,-466351.648387853,658050.186321655,-6760401.319782756,5452.971454310869,5347.722616478899,150.468337507131,-466351.648387853,658050.186321655,-6760401.319782756,5452.971454310869,5347.722616478899,150.468337507131,0.000000000,0.000000000,0.000000000,0.000000000,0.000000000000,0.000000000000,0.000000000000,0.000000000000,0.0000000000000000e+00,0.0000000000000000e+00,0.0000000000000000e+00,0.0000000000000000e+00,200.000000000000,0
QK1_STK_case_0001,7860.000000,2023-11-25T13:19:00Z,J2000,-138365.864037025,977184.319274544,-6736057.946197439,5475.768885178712,5286.070779626501,660.688268140273,-138365.864037025,977184.319274544,-6736057.946197439,5475.768885178712,5286.070779626501,660.688268140273,0.000000000,0.000000000,0.000000000,0.000000000,0.000000000000,0.000000000000,0.000000000000,0.000000000000,0.0000000000000000e+00,0.0000000000000000e+00,0.0000000000000000e+00,0.0000000000000000e+00,200.000000000000,0
QK1_STK_case_0001,7920.000000,2023-11-25T13:20:00Z,J2000,190245.528372563,1291900.332887176,-6681176.199104061,5473.815408131255,5200.505053506973,1168.035017654326,190245.528372563,1291900.332887176,-6681176.199104061,5473.815408131255,5200.505053506973,1168.035017654326,0.000000000,0.000000000,0.000000000,0.000000000,0.000000000000,0.000000000000,0.000000000000,0.000000000000,0.0000000000000000e+00,0.0000000000000000e+00,0.0000000000000000e+00,0.0000000000000000e+00,200.000000000000,0
QK1_STK_case_0001,7980.000000,2023-11-25T13:21:00Z,J2000,517996.804979228,1600773.975567401,-6595996.565173258,5447.106483202457,5091.395183395588,1670.241370167334,517996.804979228,1600773.975567401,-6595996.565173258,5447.106483202457,5091.395183395588,1670.241370167334,0.000000000,0.000000000,0.000000000,0.000000000,0.000000000000,0.000000000000,0.000000000000,0.000000000000,0.0000000000000000e+00,0.0000000000000000e+00,0.0000000000000000e+00,0.0000000000000000e+00,200.000000000000,0
QK1_STK_case_0001,8040.000000,2023-11-25T13:22:00Z,J2000,843405.166470663,1902406.220907178,-6480895.012693260,5395.744117245039,4959.211930969439,2165.059708760915,843405.166470663,1902406.220907178,-6480895.012693260,5395.744117245039,4959.211930969439,2165.059708760915,0.000000000,0.000000000,0.000000000,0.000000000,0.000000000000,0.000000000000,0.000000000000,0.000000000000,0.0000000000000000e+00,0.0000000000000000e+00,0.0000000000000000e+00,0.0000000000000000e+00,200.000000000000,0
QK1_STK_case_0001,8100.000000,2023-11-25T13:23:00Z,J2000,1164997.132606721,2195429.283706355,-6336381.597450112,5319.936995440045,4804.525811228309,2650.269360218661,1164997.132606721,2195429.283706355,-6336381.597450112,5319.936995440045,4804.525811228309,2650.269360218661,0.000000000,0.000000000,0.000000000,0.000000000,0.000000000000,0.000000000000,0.000000000000,0.000000000000,0.0000000000000000e+00,0.0000000000000000e+00,0.0000000000000000e+00,0.0000000000000000e+00,200.000000000000,0
QK1_STK_case_0001,8160.000000,2023-11-25T13:24:00Z,J2000,1481314.951437781,2478512.590496030,-6163098.596093623,5220.000699003777,4628.006569249108,3123.685191382731,1481314.951437781,2478512.590496030,-6163098.596093623,5220.000699003777,4628.006569249108,3123.685191382731,0.000000000,0.000000000,0.000000000,0.000000000,0.000000000000,0.000000000000,0.000000000000,0.000000000000,0.0000000000000000e+00,0.0000000000000000e+00,0.0000000000000000e+00,0.0000000000000000e+00,200.000000000000,0
QK1_STK_case_0001,8220.000000,2023-11-25T13:25:00Z,J2000,1790923.003121044,2750368.697441447,-5961818.085777093,5096.357247711176,4430.421770217717,3583.167275691303,1790923.003121044,2750368.697441447,-5961818.085777093,5096.357247711176,4430.421770217717,3583.167275691303,0.000000000,0.000000000,0.000000000,0.000000000,0.000000000000,0.000000000000,0.000000000000,0.000000000000,0.0000000000000000e+00,0.0000000000000000e+00,0.0000000000000000e+00,0.0000000000000000e+00,200.000000000000,0
QK1_STK_case_0001,8280.000000,2023-11-25T13:26:00Z,J2000,2092414.157043998,3009759.085486682,-5733438.947675735,4949.534073630243,4212.634176138066,4026.630231745269,2092414.157043998,3009759.085486682,-5733438.947675735,4949.534073630243,4212.634176138066,4026.630231745269,0.000000000,0.000000000,0.000000000,0.000000000,0.000000000000,0.000000000000,0.000000000000,0.000000000000,0.0000000000000000e+00,0.0000000000000000e+00,0.0000000000000000e+00,0.0000000000000000e+00,200.000000000000,0
QK1_STK_case_0001,8340.000000,2023-11-25T13:27:00Z,J2000,2384416.066917051,3255499.785533284,-5478983.330023992,4780.163100839703,3975.598923926329,4452.052010446923,2384416.066917051,3255499.785533284,-5478983.330023992,4780.163100839703,3975.598923926329,4452.052010446923,0.000000000,0.000000000,0.000000000,0.000000000,0.000000000000,0.000000000000,0.000000000000,0.000000000000,0.0000000000000000e+00,0.0000000000000000e+00,0.0000000000000000e+00,0.0000000000000000e+00,200.000000000000,0
QK1_STK_case_0001,8400.000000,2023-11-25T13:28:00Z,J2000,2665597.413227403,3486466.843232024,-5199592.566430004,4588.979707734436,3720.360891988881,4857.483574296676,2665597.413227403,3486466.843232024,-5199592.566430004,4588.979707734436,3720.360891988881,4857.483574296676,0.000000000,0.000000000,0.000000000,0.000000000,0.000000000000,0.000000000000,0.000000000000,0.000000000000,0.0000000000000000e+00,0.0000000000000000e+00,0.0000000000000000e+00,0.0000000000000000e+00,200.000000000000,0
QK1_STK_case_0001,8460.000000,2023-11-25T13:29:00Z,J2000,2934674.046084892,3701601.602036349,-4896522.475972216,4376.820266924311,3448.051037311470,5241.059511376728,2934674.046084892,3701601.602036349,-4896522.475972216,4376.820266924311,3448.051037311470,5241.059511376728,0.000000000,0.000000000,0.000000000,0.000000000,0.000000000000,0.000000000000,0.000000000000,0.000000000000,0.0000000000000000e+00,0.0000000000000000e+00,0.0000000000000000e+00,0.0000000000000000e+00,200.000000000000,0
QK1_STK_case_0001,8520.000000,2023-11-25T13:30:00Z,J2000,3190414.932284802,3899915.719795347,-4571138.050197227,4144.618281513001,3159.881300817432,5601.007551947515,3190414.932284802,3899915.719795347,-4571138.050197227,4144.618281513001,3159.881300817432,5601.007551947515,0.000000000,0.000000000,0.000000000,0.000000000,0.000000000000,0.000000000000,0.000000000000,0.000000000000,0.0000000000000000e+00,0.0000000000000000e+00,0.0000000000000000e+00,0.0000000000000000e+00,200.000000000000,0
QK1_STK_case_0001,8580.000000,2023-11-25T13:31:00Z,J2000,3431647.865088023,4080495.863127141,-4224907.630325451,3893.400572824367,2857.139171263290,5935.656150610819,3431647.865088023,4080495.863127141,-4224907.630325451,3893.400572824367,2857.139171263290,5935.656150610819,0.000000000,0.000000000,0.000000000,0.000000000,0.000000000000,0.000000000000,0.000000000000,0.000000000000,0.0000000000000000e+00,0.0000000000000000e+00,0.0000000000000000e+00,0.0000000000000000e+00,200.000000000000,0
QK1_STK_case_0001,8640.000000,2023-11-25T13:32:00Z,J2000,3657264.972116709,4242508.091996999,-3859396.651232999,3624.284337949682,2541.182826677416,6243.441678268686,3657264.972116709,4242508.091996999,-3859396.651232999,3624.284337949682,2541.182826677416,6243.441678268686,0.000000000,0.000000000,0.000000000,0.000000000,0.000000000000,0.000000000000,0.000000000000,0.000000000000,0.0000000000000000e+00,0.0000000000000000e+00,0.0000000000000000e+00,0.0000000000000000e+00,200.000000000000,0
QK1_STK_case_0001,8700.000000,2023-11-25T13:33:00Z,J2000,3866228.049127036,4385201.958781716,-3476260.917865224,3338.474023638641,2213.436302213620,6522.916962868098,3866228.049127036,4385201.958781716,-3476260.917865224,3338.474023638641,2213.436302213620,6522.916962868098,0.000000000,0.000000000,0.000000000,0.000000000,0.000000000000,0.000000000000,0.000000000000,0.000000000000,0.0000000000000000e+00,0.0000000000000000e+00,0.0000000000000000e+00,0.0000000000000000e+00,200.000000000000,0
QK1_STK_case_0001,8760.000000,2023-11-25T13:34:00Z,J2000,4057573.658513346,4507914.287844903,-3077239.338043584,3037.256407687793,1875.383513545933,6772.760596906784,4057573.658513346,4507914.287844903,-3077239.338043584,3037.256407687793,1875.383513545933,6772.760596906784,0.000000000,0.000000000,0.000000000,0.000000000,0.000000000000,0.000000000000,0.000000000000,0.000000000000,0.0000000000000000e+00,0.0000000000000000e+00,0.0000000000000000e+00,0.0000000000000000e+00,200.000000000000,0
QK1_STK_case_0001,8820.000000,2023-11-25T13:35:00Z,J2000,4230417.875389507,4610072.558958612,-2664146.128362967,2721.993962800130,1528.561181469609,6991.784779542631,4230417.875389507,4610072.558958612,-2664146.128362967,2721.993962800130,1528.561181469609,6991.784779542631,0.000000000,0.000000000,0.000000000,0.000000000,0.000000000000,0.000000000000,0.000000000000,0.000000000000,0.0000000000000000e+00,0.0000000000000000e+00,0.0000000000000000e+00,0.0000000000000000e+00,200.000000000000,0
QK1_STK_case_0001,8880.000000,2023-11-25T13:36:00Z,J2000,4383960.628604922,4691197.866054457,-2238862.617214486,2394.118360176667,1174.551987179008,7178.941162219940,4383960.628604922,4691197.866054457,-2238862.617214486,2394.118360176667,1174.551987179008,7178.941162219940,0.000000000,0.000000000,0.000000000,0.000000000,0.000000000000,0.000000000000,0.000000000000,0.000000000000,0.0000000000000000e+00,0.0000000000000000e+00,0.0000000000000000e+00,0.0000000000000000e+00,200.000000000000,0
QK1_STK_case_0001,8940.000000,2023-11-25T13:37:00Z,J2000,4517489.680671308,4750907.481507819,-1803328.708551182,2055.124783462167,814.978074883671,7333.326618599979,4517489.680671308,4750907.481507819,-1803328.708551182,2055.124783462167,814.978074883671,7333.326618599979,0.000000000,0.000000000,0.000000000,0.000000000,0.000000000000,0.000000000000,0.000000000000,0.000000000000,0.0000000000000000e+00,0.0000000000000000e+00,0.0000000000000000e+00,0.0000000000000000e+00,200.000000000000,0
QK1_STK_case_0001,9000.000000,2023-11-25T13:38:00Z,J2000,4630384.262943510,4788917.009473368,-1359533.975328485,1706.565895872980,451.493658790514,7454.189720717465,4630384.262943510,4788917.009473368,-1359533.975328485,1706.565895872980,451.493658790514,7454.189720717465,0.000000000,0.000000000,0.000000000,0.000000000,0.000000000000,0.000000000000,0.000000000000,0.000000000000,0.0000000000000000e+00,0.0000000000000000e+00,0.0000000000000000e+00,0.0000000000000000e+00,200.000000000000,0
QK1_STK_case_0001,9060.000000,2023-11-25T13:39:00Z,J2000,4722118.308543095,4805042.049526792,-909508.374151189,1350.044410092867,85.776146165931,7540.936602479583,4722118.308543095,4805042.049526792,-909508.374151189,1350.044410092867,85.776146165931,7540.936602479583,0.000000000,0.000000000,0.000000000,0.000000000,0.000000000000,0.000000000000,0.000000000000,0.000000000000,0.0000000000000000e+00,0.0000000000000000e+00,0.0000000000000000e+00,0.0000000000000000e+00,200.000000000000,0
QK1_STK_case_0001,9120.000000,2023-11-25T13:40:00Z,J2000,4792263.203976802,4799199.306756988,-455312.666141521,987.204618047604,-280.483198793420,7593.134777762106,4792263.203976802,4799199.306756988,-455312.666141521,987.204618047604,-280.483198793420,7593.134777762106,0.000000000,0.000000000,0.000000000,0.000000000,0.000000000000,0.000000000000,0.000000000000,0.000000000000,0.0000000000000000e+00,0.0000000000000000e+00,0.0000000000000000e+00,0.0000000000000000e+00,200.000000000000,0
QK1_STK_case_0001,9180.000000,2023-11-25T13:41:00Z,J2000,4840490.027462785,4771407.163840881,971.336194586,619.723890903468,-645.587705269620,7610.515325265585,4840490.027462785,4771407.163840881,971.336194586,619.723890903468,-645.587705269620,7610.515325265585,0.000000000,0.000000000,0.000000000,0.000000000,0.000000000000,0.000000000000,0.000000000000,0.000000000000,0.0000000000000000e+00,0.0000000000000000e+00,0.0000000000000000e+00,0.0000000000000000e+00,200.000000000000,0
QK1_STK_case_0001,9240.000000,2023-11-25T13:42:00Z,J2000,4866571.283304531,4721785.773304566,457250.641588044,249.304314210951,-1007.843002240733,7592.974902103650,4866571.283304531,4721785.773304566,457250.641588044,249.304314210951,-1007.843002240733,7592.974902103650,0.000000000,0.000000000,0.000000000,0.000000000,0.000000000000,0.000000000000,0.000000000000,0.000000000000,0.0000000000000000e+00,0.0000000000000000e+00,0.0000000000000000e+00,0.0000000000000000e+00,200.000000000000,0
QK1_STK_case_0001,9300.000000,2023-11-25T13:43:00Z,J2000,4870382.122366700,4650556.675524410,911431.076136004,-122.336188371978,-1365.565372868256,7540.577669834272,4870382.122366700,4650556.675524410,911431.076136004,-122.336188371978,-1365.565372868256,7540.577669834272,0.000000000,0.000000000,0.000000000,0.000000000,0.000000000000,0.000000000000,0.000000000000,0.000000000000,0.0000000000000000e+00,0.0000000000000000e+00,0.0000000000000000e+00,0.0000000000000000e+00,200.000000000000,0
QK1_STK_case_0001,9360.000000,2023-11-25T13:44:00Z,J2000,4851901.011984582,4558041.877938996,1361427.355409210,-493.473216841830,-1717.091273309473,7453.555651862422,4851901.011984582,4558041.877938996,1361427.355409210,-493.473216841830,-1717.091273309473,7453.555651862422,0.000000000,0.000000000,0.000000000,0.000000000,0.000000000000,0.000000000000,0.000000000000,0.000000000000,0.0000000000000000e+00,0.0000000000000000e+00,0.0000000000000000e+00,0.0000000000000000e+00,200.000000000000,0
QK1_STK_case_0001,9420.000000,2023-11-25T13:45:00Z,J2000,4811209.849483237,4444662.351693152,1805173.111164764,-862.384957867667,-2060.787016797532,7332.306907860900,4811209.849483237,4444662.351693152,1805173.111164764,-862.384957867667,-2060.787016797532,7332.306907860900,0.000000000,0.000000000,0.000000000,0.000000000,0.000000000000,0.000000000000,0.000000000000,0.000000000000,0.0000000000000000e+00,0.0000000000000000e+00,0.0000000000000000e+00,0.0000000000000000e+00,200.000000000000,0
QK1_STK_case_0001,9480.000000,2023-11-25T13:46:00Z,J2000,4748493.551024430,4310935.971585043,2240630.763417333,-1227.360646891177,-2395.057525789379,7177.392434739342,4748493.551024430,4310935.971585043,2240630.763417333,-1227.360646891177,-2395.057525789379,7177.392434739342,0.000000000,0.000000000,0.000000000,0.000000000,0.000000000000,0.000000000000,0.000000000000,0.000000000000,0.0000000000000000e+00,0.0000000000000000e+00,0.0000000000000000e+00,0.0000000000000000e+00,200.000000000000,0
QK1_STK_case_0001,9540.000000,2023-11-25T13:47:00Z,J2000,4664039.137755542,4157474.963787506,2665801.194466767,-1586.708975437001,-2718.354059351696,6989.532703479842,4664039.137755542,4157474.963787506,2665801.194466767,-1586.708975437001,-2718.354059351696,6989.532703479842,0.000000000,0.000000000,0.000000000,0.000000000,0.000000000000,0.000000000000,0.000000000000,0.000000000000,0.0000000000000000e+00,0.0000000000000000e+00,0.0000000000000000e+00,0.0000000000000000e+00,200.000000000000,0
QK1_STK_case_0001,9600.000000,2023-11-25T13:48:00Z,J2000,4558234.311309707,3984982.910076372,3078733.200627299,-1938.766647669672,-3029.181318837941,6769.603634761361,4558234.311309707,3984982.910076372,3078733.200627299,-1938.766647669672,-3029.181318837941,6769.603634761361,0.000000000,0.000000000,0.000000000,0.000000000,0.000000000000,0.000000000000,0.000000000000,0.000000000000,0.0000000000000000e+00,0.0000000000000000e+00,0.0000000000000000e+00,0.0000000000000000e+00,200.000000000000,0
QK1_STK_case_0001,9660.000000,2023-11-25T13:49:00Z,J2000,4431565.523878551,3794251.337856357,3477532.678152977,-2281.906589943078,-3326.104188277224,6518.631786960548,4431565.523878551,3794251.337856357,3477532.678152977,-2281.906589943078,-3326.104188277224,6518.631786960548,0.000000000,0.000000000,0.000000000,0.000000000,0.000000000000,0.000000000000,0.000000000000,0.000000000000,0.0000000000000000e+00,0.0000000000000000e+00,0.0000000000000000e+00,0.0000000000000000e+00,200.000000000000,0
QK1_STK_case_0001,9720.000000,2023-11-25T13:50:00Z,J2000,4284615.573258554,3586155.910089039,3860371.503650841,-2614.545609660491,-3607.754383821196,6237.789022878764,4284615.573258554,3586155.910089039,3860371.503650841,-2614.545609660491,-3607.754383821196,6237.789022878764,0.000000000,0.000000000,0.000000000,0.000000000,0.000000000000,0.000000000000,0.000000000000,0.000000000000,0.0000000000000000e+00,0.0000000000000000e+00,0.0000000000000000e+00,0.0000000000000000e+00,200.000000000000,0
QK1_STK_case_0001,9780.000000,2023-11-25T13:51:00Z,J2000,4118060.743458305,3361652.211987758,4225496.080360950,-2935.151970614038,-3872.837252466806,5928.386649137265,4118060.743458305,3361652.211987758,4225496.080360950,-2935.151970614038,-3872.837252466806,5928.386649137265,0.000000000,0.000000000,0.000000000,0.000000000,0.000000000000,0.000000000000,0.000000000000,0.000000000000,0.0000000000000000e+00,0.0000000000000000e+00,0.0000000000000000e+00,0.0000000000000000e+00,200.000000000000,0
QK1_STK_case_0001,9840.000000,2023-11-25T13:52:00Z,J2000,3932667.484958292,3121771.130809924,4571235.501177161,-3242.253145256804,-4120.138444350869,5591.868388569559,3932667.484958292,3121771.130809924,4571235.501177161,-3242.253145256804,-4120.138444350869,5591.868388569559,0.000000000,0.000000000,0.000000000,0.000000000,0.000000000000,0.000000000000,0.000000000000,0.000000000000,0.0000000000000000e+00,0.0000000000000000e+00,0.0000000000000000e+00,0.0000000000000000e+00,200.000000000000,0
QK1_STK_case_0001,9900.000000,2023-11-25T13:53:00Z,J2000,3729288.639351497,2867613.858941655,4896009.246074995,-3534.443074057477,-4348.529640524413,5229.801916324687,3729288.639351497,2867613.858941655,4896009.246074995,-3534.443074057477,-4348.529640524413,5229.801916324687,0.000000000,0.000000000,0.000000000,0.000000000,0.000000000000,0.000000000000,0.000000000000,0.000000000000,0.0000000000000000e+00,0.0000000000000000e+00,0.0000000000000000e+00,0.0000000000000000e+00,200.000000000000,0
QK1_STK_case_0001,9960.000000,2023-11-25T13:54:00Z,J2000,3508859.264404327,2600346.594258391,5198334.352175025,-3810.388183536470,-4556.972969944342,4843.870058590123,3508859.264404327,2600346.594258391,5198334.352175025,-3810.388183536470,-4556.972969944342,4843.870058590123,0.000000000,0.000000000,0.000000000,0.000000000,0.000000000000,0.000000000000,0.000000000000,0.000000000000,0.0000000000000000e+00,0.0000000000000000e+00,0.0000000000000000e+00,0.0000000000000000e+00,200.000000000000,0
QK1_STK_case_0001,10020.000000,2023-11-25T13:55:00Z,J2000,3272392.121735536,2321194.992520855,5476832.075127611,-4068.832862982853,-4744.525097863082,4435.862583788780,3272392.121735536,2321194.992520855,5476832.075127611,-4068.832862982853,-4744.525097863082,4435.862583788780,0.000000000,0.000000000,0.000000000,0.000000000,0.000000000000,0.000000000000,0.000000000000,0.000000000000,0.0000000000000000e+00,0.0000000000000000e+00,0.0000000000000000e+00,0.0000000000000000e+00,200.000000000000,0
QK1_STK_case_0001,10080.000000,2023-11-25T13:56:00Z,J2000,3020972.825915890,2031438.363185577,5730234.050068166,-4308.605270691020,-4910.341623674759,4007.667430245896,3020972.825915890,2031438.363185577,5730234.050068166,-4308.605270691020,-4910.341623674759,4007.667430245896,0.000000000,0.000000000,0.000000000,0.000000000,0.000000000000,0.000000000000,0.000000000000,0.000000000000,0.0000000000000000e+00,0.0000000000000000e+00,0.0000000000000000e+00,0.0000000000000000e+00,200.000000000000,0
QK1_STK_case_0001,10140.000000,2023-11-25T13:57:00Z,J2000,2755754.649742014,1732403.614798187,5957387.875525675,-4528.622760153215,-5053.680780540523,3561.260265021402,2755754.649742014,1732403.614798187,5957387.875525675,-4528.622760153215,-5053.680780540523,3561.260265021402,0.000000000,0.000000000,0.000000000,0.000000000,0.000000000000,0.000000000000,0.000000000000,0.000000000000,0.0000000000000000e+00,0.0000000000000000e+00,0.0000000000000000e+00,0.0000000000000000e+00,200.000000000000,0
QK1_STK_case_0001,10200.000000,2023-11-25T13:58:00Z,J2000,2477953.049172927,1425459.032950450,6157262.046925494,-4727.895706406156,-5173.905260059469,3098.693607176294,2477953.049172927,1425459.032950450,6157262.046925494,-4727.895706406156,-5173.905260059469,3098.693607176294,0.000000000,0.000000000,0.000000000,0.000000000,0.000000000000,0.000000000000,0.000000000000,0.000000000000,0.0000000000000000e+00,0.0000000000000000e+00,0.0000000000000000e+00,0.0000000000000000e+00,200.000000000000,0
QK1_STK_case_0001,10260.000000,2023-11-25T13:59:00Z,J2000,2188840.001930619,1112007.992945403,6328950.282812553,-4905.530094999646,-5270.482817464242,2622.087689044674,2188840.001930619,1112007.992945403,6328950.282812553,-4905.530094999646,-5270.482817464242,2622.087689044674,0.000000000,0.000000000,0.000000000,0.000000000,0.000000000000,0.000000000000,0.000000000000,0.000000000000,0.0000000000000000e+00,0.0000000000000000e+00,0.0000000000000000e+00,0.0000000000000000e+00,200.000000000000,0
QK1_STK_case_0001,10320.000000,2023-11-25T14:00:00Z,J2000,1889738.184153856,793482.623329405,6471675.357436859,-5060.730599606137,-5342.987591348960,2133.622893187852,1889738.184153856,793482.623329405,6471675.357436859,-5060.730599606137,-5342.987591348960,2133.622893187852,0.000000000,0.000000000,0.000000000,0.000000000,0.000000000000,0.000000000000,0.000000000000,0.000000000000,0.0000000000000000e+00,0.0000000000000000e+00,0.0000000000000000e+00,0.0000000000000000e+00,200.000000000000,0
QK1_STK_case_0001,10380.000000,2023-11-25T14:01:00Z,J2000,1582014.927834027,471337.348078568,6584792.460670928,-5192.804757876160,-5391.102770513561,1635.530963215700,1582014.927834027,471337.348078568,6584792.460670928,-5192.804757876160,-5391.102770513561,1635.530963215700,0.000000000,0.000000000,0.000000000,0.000000000,0.000000000000,0.000000000000,0.000000000000,0.000000000000,0.0000000000000000e+00,0.0000000000000000e+00,0.0000000000000000e+00,0.0000000000000000e+00,200.000000000000,0
QK1_STK_case_0001,10440.000000,2023-11-25T14:02:00Z,J2000,1267075.937836649,147042.270807017,6667791.941608830,-5301.166260106392,-5414.622659977395,1130.083394831527,1267075.937836649,147042.270807017,6667791.941608830,-5301.166260106392,-5414.622659977395,1130.083394831527,0.000000000,0.000000000,0.000000000,0.000000000,0.000000000000,0.000000000000,0.000000000000,0.000000000000,0.0000000000000000e+00,0.0000000000000000e+00,0.0000000000000000e+00,0.0000000000000000e+00,200.000000000000,0
QK1_STK_case_0001,10500.000000,2023-11-25T14:03:00Z,J2000,946358.885550841,-177923.499054018,6720301.336021816,-5385.335886549142,-5413.452609034861,619.579861763776,946358.885550841,-177923.499054018,6720301.336021816,-5385.335886549142,-5413.452609034861,619.579861763776,0.000000000,0.000000000,0.000000000,0.000000000,0.000000000000,0.000000000000,0.000000000000,0.000000000000,0.0000000000000000e+00,0.0000000000000000e+00,0.0000000000000000e+00,0.0000000000000000e+00,200.000000000000,0
QK1_STK_case_0001,10560.000000,2023-11-25T14:04:00Z,J2000,621326.979165504,-502078.477497953,6742086.773313913,-5444.941750001279,-5387.607966790792,106.339137758660,621326.979165504,-502078.477497953,6742086.773313913,-5444.941750001279,-5387.607966790792,106.339137758660,0.000000000,0.000000000,0.000000000,0.000000000,0.000000000000,0.000000000000,0.000000000000,0.000000000000,0.0000000000000000e+00,0.0000000000000000e+00,0.0000000000000000e+00,0.0000000000000000e+00,200.000000000000,0
QK1_STK_case_0001,10620.000000,2023-11-25T14:05:00Z,J2000,293462.484385167,-823945.388705421,6733053.888323836,-5479.720894751264,-5337.213666250613,-407.308720597830,293462.484431541,-823945.388670748,6733053.888282724,-5479.720893948623,-5337.213665933674,-407.308719168611,-0.000046373,-0.000034672,0.000041112,0.000071013,-0.000000802642,-0.000000316939,-0.000001429219,0.000001669536,0.0000000000000000e+00,0.0000000000000000e+00,0.0000000000000000e+00,0.0000000000000000e+00,200.000000000000,0
QK1_STK_case_0001,10680.000000,2023-11-25T14:06:00Z,J2000,-35739.890195023,-1142057.743571784,6693248.227761316,-5489.521887834489,-5262.504286911560,-919.031872319279,-35739.889755977,-1142057.743283929,6693248.227602126,-5489.521884617340,-5262.504286903737,-919.031859560238,-0.000439046,-0.000287855,0.000159190,0.000548601,-0.000003217149,-0.000000007823,-0.000012759042,0.000013158391,0.0000000000000000e+00,0.0000000000000000e+00,0.0000000000000000e+00,0.0000000000000000e+00,200.000000000000,0
QK1_STK_case_0001,10740.000000,2023-11-25T14:07:00Z,J2000,-364779.727991127,-1454966.395041919,6622855.019390130,-5474.305919597155,-5163.823067788452,-1426.507918598150,-364779.728275302,-1454966.395352111,6622855.020022569,-5474.305931952482,-5163.823074683657,-1426.507929028879,0.000284175,0.000310192,-0.000632439,0.000759575,0.000012355327,0.000006895205,0.000010430729,0.000017578341,0.0000000000000000e+00,0.0000000000000000e+00,0.0000000000000000e+00,0.0000000000000000e+00,200.000000000000,0
QK1_STK_case_0001,10800.000000,2023-11-25T14:08:00Z,J2000,-692157.649803017,-1761246.003542869,6522198.284702882,-5434.146088231835,-5041.619925627694,-1927.434523139707,-692157.649996101,-1761246.003669455,6522198.284598791,-5434.146086645826,-5041.619923086724,-1927.434528474419,0.000193083,0.000126586,0.000104091,0.000253259,-0.000001586009,-0.000002540970,0.000005334711,0.000006118096,1.2061513596589847e-07,8.9999919177680262e-05,6.7762635780344027e-21,1.8000000000000002e-02,200.000000000000,1
QK1_STK_case_0001,10860.000000,2023-11-25T14:09:00Z,J2000,-1016382.098949656,-2059501.477471703,6391739.319786747,-5369.230033721137,-4896.453010095711,-2419.539545287473,-1016381.984440529,-2059501.371806168,6391739.363914776,-5369.226224669334,-4896.449506561442,-2419.538012386419,-0.114509126,-0.105665535,-0.044128029,0.161940817,-0.003809051803,-0.003503534269,-0.001532901054,0.005397537740,1.3214352260849585e-07,8.9999902989333470e-05,-2.1175823681357508e-21,1.7999993392240152e-02,199.999926580446,1
QK1_STK_case_0001,10920.000000,2023-11-25T14:10:00Z,J2000,-1335975.870610588,-2348374.110393322,6232074.747108235,-5279.848509482667,-4728.976758073561,-2900.585785687451,-1335975.415102292,-2348373.692521665,6232074.937341584,-5279.840962598609,-4728.969875563068,-2900.582388754467,-0.455508296,-0.417871657,-0.190233349,0.646755948,-0.007546884058,-0.006882510493,-0.003396932985,0.010763993840,1.4271260549096762e-07,8.9999886850552403e-05,1.6940658945086007e-21,1.7999986784482731e-02,199.999853160919,1
QK1_STK_case_0001,10980.000000,2023-11-25T14:11:00Z,J2000,-1649482.640374011,-2626547.622634033,6043934.000797343,-5166.406647174441,-4539.950489056299,-3368.385220710134,-1649481.622686458,-2626546.694413977,6043934.458533170,-5166.395472200125,-4539.940383236727,-3368.379665517802,-1.017687553,-0.928220057,-0.457735827,1.451482868,-0.011174974315,-0.010105819572,-0.005555192332,0.016058262733,1.5222890364883097e-07,8.9999871257468437e-05,8.4703294725430034e-22,1.7999980176727739e-02,199.999779741419,1
QK1_STK_case_0001,11040.000000,2023-11-25T14:12:00Z,J2000,-1955473.672198188,-2892754.249040209,5828176.090325156,-5029.418516408127,-4330.231334747155,-3820.808424529888,-1955471.877723569,-2892752.621449647,5828176.952739116,-5029.403827259322,-4330.218163562789,-3820.800443744967,-1.794474619,-1.627590562,-0.862413960,2.571565289,-0.014689148806,-0.013171184366,-0.007980784921,0.021282483836,1.6060628267706596e-07,8.9999856697785740e-05,6.7762635780344027e-21,1.7999973568975168e-02,199.999706321946,1
QK1_STK_case_0001,11100.000000,2023-11-25T14:13:00Z,J2000,-2252554.276177571,-3145780.482544688,5585785.799472980,-4869.504542253221,-4100.770162130109,-4255.793704898445,-2252551.498654788,-3145777.977247219,5585787.218789536,-4869.486486786293,-4100.754105063367,-4255.783091292414,-2.777522783,-2.505297468,-1.419316555,4.000700901,-0.018055466929,-0.016057066742,-0.010613606031,0.026390867954,1.6776652576611919e-07,8.9999843635379901e-05,-4.2351647362715017e-21,1.7999966961225022e-02,199.999632902500,1
QK1_STK_case_0001,11160.000000,2023-11-25T14:14:00Z,J2000,-2539370.124336827,-3384472.589697168,5317869.367126452,-4687.389319861863,-3852.607927976245,-4671.355766129042,-2539366.166244082,-3384469.038789644,5317871.506365313,-4687.368049084205,-3852.589160763800,-4671.342359371921,-3.958092744,-3.550907524,-2.139238862,5.731647697,-0.021270777657,-0.018767212445,-0.013406757121,0.031375075803,1.7364651149150121e-07,8.9999832482561053e-05,-9.3173624197973037e-21,1.7999960353477302e-02,199.999559483081,1
QK1_STK_case_0001,11220.000000,2023-11-25T14:15:00Z,J2000,-2814613.431838760,-3607741.901803662,5025649.630050509,-4483.899252585302,-3586.871812018299,-5065.594874351062,-2814608.104897902,-3607737.147793225,5025652.660154912,-4483.874920149906,-3586.850502148736,-5065.578574747434,-5.326940858,-4.754010437,-3.030104402,7.756187648,-0.024332435396,-0.021309869563,-0.016299603628,0.036219539361,1.7820121666863638e-07,8.9999823579418100e-05,-8.4703294725430034e-22,1.7999953745732010e-02,199.999486063689,1
QK1_STK_case_0001,11280.000000,2023-11-25T14:16:00Z,J2000,-3077028.975502466,-3814569.854551413,4710460.604645836,-4259.959381660824,-3304.770610789978,-5436.706324693974,-3077022.100267592,-3814563.749316624,4710464.700666634,-4259.932124902167,-3304.746901042734,-5436.687090791171,-6.875234874,-6.105234789,-4.096020798,10.065790221,-0.027256758657,-0.023709747243,-0.019233902803,0.040927081790,1.8140065692266486e-07,8.9999817187601404e-05,8.4703294725430034e-22,1.7999947137989143e-02,199.999412644324,1
QK1_STK_case_0001,11340.000000,2023-11-25T14:17:00Z,J2000,-3325419.894440035,-4004012.728539304,4373741.516013022,-4016.589363393946,-3007.589442181732,-5782.989259034242,-3325411.299002099,-4004005.131638047,4373746.854061016,-4016.559298278871,-3007.563446101577,-5782.967098089445,-8.595437936,-7.596901257,-5.338047995,12.652636817,-0.030065115075,-0.025996080154,-0.022160944797,0.045506206194,1.8322758684623092e-07,8.9999813486759092e-05,0.0000000000000000e+00,1.7999940530248702e-02,199.999339224986,1
QK1_STK_case_0001,11400.000000,2023-11-25T14:18:00Z,J2000,-3558653.238924261,-4175206.062824667,4017030.322384465,-3754.899199973270,-2696.684199671261,-6102.854749712724,-3558642.757523416,-4175196.839461480,4017037.076479789,-3754.866408034784,-2696.655986712197,-6102.829722760805,-10.481400845,-9.223363188,-6.754095324,15.509609789,-0.032791938486,-0.028212959064,-0.025026951918,0.049976300495,1.8367999716584630e-07,8.9999812564575077e-05,0.0000000000000000e+00,1.7999933922510685e-02,199.999265805674,1
QK1_STK_case_0001,11460.000000,2023-11-25T14:19:00Z,J2000,-3775665.257495322,-4327368.727144649,3641956.760931029,-3476.084672019096,-2373.475636185452,-6394.833745446766,-3775652.727668086,-4327357.745056609,3641965.100405541,-3476.049185020340,-2373.445224027132,-6394.805943908573,-12.529827237,-10.982088040,-8.339474512,18.631952754,-0.035486998756,-0.030412158320,-0.027801538193,0.054379701914,1.8277266982349140e-07,8.9999814411759579e-05,-3.3881317890172014e-21,1.7999927314775094e-02,199.999192386390,1
QK1_STK_case_0001,11520.000000,2023-11-25T14:20:00Z,J2000,-3975466.386059252,-4459806.620958649,3250234.926082613,-3181.421954041448,-2039.442886473485,-6657.584552416309,-3975451.645821460,-4459793.747345259,3250245.013973296,-3181.383751735327,-2039.410234798029,-6657.554095629606,-14.740237792,-12.873613389,-10.087890683,22.017494641,-0.038202306121,-0.032651675456,-0.030456786702,0.058763627860,1.8053578774963826e-07,8.9999818926647540e-05,0.0000000000000000e+00,1.7999920707041931e-02,199.999118967133,1
QK1_STK_case_0001,11580.000000,2023-11-25T14:21:00Z,J2000,-4157145.897672949,-4571915.977387322,2843655.425216501,-2872.261813450473,-1696.116829166884,-6889.899512826310,-4157128.781761738,-4571901.074873144,2843667.416919314,-2872.220804393474,-1696.081826218150,-6889.866528345549,-17.115911211,-14.902514179,-11.991702813,25.667884248,-0.041009056998,-0.035002948734,-0.032984480760,0.063205420234,1.7701647023988226e-07,8.9999825917438678e-05,1.6940658945086007e-21,1.7999914099311190e-02,199.999045547902,1
QK1_STK_case_0001,11640.000000,2023-11-25T14:22:00Z,J2000,-4319876.203254919,-4663186.263688468,2424077.142096084,-2550.023729871256,-1345.073168956158,-7090.711500451185,-4319856.538626483,-4663169.186103771,2424091.185892829,-2549.979749419484,-1345.035635534446,-7090.676097692484,-19.664628436,-17.077584697,-14.043796745,29.590027672,-0.043980451772,-0.037533421712,-0.035402758701,0.067796704987,1.7228089886984776e-07,8.9999835107026097e-05,0.0000000000000000e+00,1.7999907491582878e-02,199.998972128699,1
QK1_STK_case_0001,11700.000000,2023-11-25T14:23:00Z,J2000,-4462916.782478362,-4733202.639988942,1993418.610290972,-2216.189315069405,-987.924559847007,-7259.100306319627,-4462894.384083497,-4733183.228426485,1993434.848682168,-2216.142123324681,-987.884244939613,-7259.062568375892,-22.398394865,-19.411562456,-16.238391197,33.796186149,-0.047191744723,-0.040314907394,-0.037737943735,0.072639554828,1.6640886463672205e-07,8.9999846155922825e-05,-3.3881317890172014e-21,1.7999900883856990e-02,199.998898709522,1
QK1_STK_case_0001,11760.000000,2023-11-25T14:24:00Z,J2000,-4585617.681819517,-4781647.916364308,1553649.037220198,-1872.294464479296,-626.311891303558,-7394.297671036094,-4585592.347599686,-4781625.994392661,1553667.609042867,-1872.243731336337,-626.268462927850,-7394.257624726929,-25.334219831,-21.921971645,-18.571822669,38.305458260,-0.050733142960,-0.043428375708,-0.040046309164,0.077869008526,1.5948159115701338e-07,8.9999858697789554e-05,3.3881317890172014e-21,1.7999894276133528e-02,199.998825290373,1
QK1_STK_case_0001,11820.000000,2023-11-25T14:25:00Z,J2000,-4687422.521082636,-4808303.995790089,1106779.093641199,-1519.921042563871,-261.896111988660,-7495.690048779414,-4687394.026346133,-4808279.364875439,1106800.139080689,-1519.866356638254,-261.849178747320,-7495.647624561228,-28.494736503,-24.630914651,-21.045439490,43.145596394,-0.054685925618,-0.046933241340,-0.042424218186,0.083624720579,1.5157685977675333e-07,8.9999872357996065e-05,1.2705494208814505e-21,1.7999887668412491e-02,199.998751871250,1
QK1_STK_case_0001,11880.000000,2023-11-25T14:26:00Z,J2000,-4767871.024956034,-4813052.868877637,654851.577909610,-1160.689600076893,103.648486596572,-7562.820416594600,-4767839.118565726,-4813025.305617334,654875.243735817,-1160.630474261186,103.699382221544,-7562.775458604197,-31.906390307,-27.563260303,-23.665826206,48.351032988,-0.059125815708,-0.050895624973,-0.044957990403,0.090041366191,1.4278183936744502e-07,8.9999886740741778e-05,3.1763735522036263e-22,1.7999881060693883e-02,199.998678452154,1
QK1_STK_case_0001,11940.000000,2023-11-25T14:27:00Z,J2000,-4826601.152491560,-4795877.219753643,199931.939214600,-796.252954183495,468.641042108876,-7595.391457350442,-4826565.551171045,-4795846.470983747,199958.385650608,-796.188817082049,468.696414546831,-7595.343662284927,-35.601320516,-30.748769896,-26.446436008,53.966238057,-0.064137101446,-0.055372437955,-0.047795065514,0.097283312827,1.3320932643747431e-07,8.9999901418142417e-05,-8.4703294725430034e-22,1.7999874452977696e-02,199.998605033086,1
QK1_STK_case_0001,12000.000000,2023-11-25T14:28:00Z,J2000,-4863350.813583554,-4756860.561159015,-255901.421649503,-428.288515886620,831.403169659142,-7593.269223302422,-4863311.198030054,-4756826.342166810,-255872.011207807,-428.218739951908,831.463561550920,-7593.218135380908,-39.615553500,-34.218992204,-29.410441696,60.044196949,-0.069775934712,-0.060391891779,-0.051087921514,0.105479085046,1.2299265896456615e-07,8.9999915959993240e-05,-2.1175823681357508e-21,1.7999867845263938e-02,199.998531614044,1
QK1_STK_case_0001,12060.000000,2023-11-25T14:29:00Z,J2000,-4877959.065838646,-4696186.772897625,-710567.003557240,-58.488820397362,1190.269370663659,-7556.484193079871,-4877915.077410739,-4696148.765264745,-710534.413838128,-58.412714293869,1190.335364208895,-7556.429179638354,-43.988427907,-38.007632880,-32.589719112,66.645718082,-0.076106103493,-0.065993545236,-0.055013441517,0.114777026226,1.1226391503320066e-07,8.9999929982269338e-05,-1.4823076576950256e-21,1.7999861237552605e-02,199.998458195029,1
QK1_STK_case_0001,12120.000000,2023-11-25T14:30:00Z,J2000,-4870366.729913562,-4614139.046211846,-1161990.016738127,311.448077318784,1543.596049622647,-7485.229050892744,-4870317.967110096,-4614096.896437046,-1161953.987742172,311.531237522023,1543.668218773567,-7485.169263007582,-48.762803465,-42.149774800,-36.028995956,73.841066264,-0.083160203239,-0.072169150920,-0.059787885162,0.125294041994,1.0114002299941279e-07,8.9999943170513997e-05,-1.6940658945086007e-21,1.7999854629843694e-02,199.998384776041,1
QK1_STK_case_0001,12180.000000,2023-11-25T14:31:00Z,J2000,-4840616.467631498,-4511098.363641400,-1608112.020870799,679.826754124785,1889.768043945650,-7379.855719444277,-4840562.485201040,-4511051.684619178,-1608072.235419062,679.917705027682,1889.846940708215,-7379.790101667468,-53.982430458,-46.679022223,-39.785451736,81.706279340,-0.090950902897,-0.078896762565,-0.065617776809,0.137122056994,8.9731804011991369e-08,8.9999955267785274e-05,1.6940658945086007e-21,1.7999848022137211e-02,199.998311357080,1
QK1_STK_case_0001,12240.000000,2023-11-25T14:32:00Z,J2000,-4788852.404239434,-4387541.612464936,-2046900.428519376,1044.961786742113,2227.204876561043,-7240.873876843498,-4788792.712523147,-4387489.984720876,-2046856.499489972,1045.061269005256,2227.291022145883,-7240.801137845556,-59.691716287,-51.627744061,-43.929029404,90.323222787,-0.099482263143,-0.086145584841,-0.072738997942,0.150362044044,7.8159648918757686e-08,8.9999966061489624e-05,0.0000000000000000e+00,1.7999841414433157e-02,199.998237938146,1
QK1_STK_case_0001,12300.000000,2023-11-25T14:33:00Z,J2000,-4715319.291758229,-4244039.272300360,-2476357.932279063,1405.185782036048,2554.368740830733,-7068.949432775253,-4715253.357326845,-4243982.246976473,-2476309.387255026,1405.294502852632,2554.462579551547,-7068.868025729686,-65.934431384,-57.025323887,-48.545024036,99.779036701,-0.108720816584,-0.093838720814,-0.081407045568,0.165084913153,6.6553733719310662e-08,8.9999975392221788e-05,-1.6940658945086007e-21,1.7999834806731525e-02,199.998164519239,1
QK1_STK_case_0001,12360.000000,2023-11-25T14:34:00Z,J2000,-4620361.170416104,-4081252.588192118,-2894531.777175551,1758.857932379619,2869.773354571900,-6864.900701077019,-4620288.419242282,-4081189.692906461,-2894478.043647479,1758.976538400777,2869.875229279764,-6864.808841945391,-72.751173821,-62.895285658,-53.733528072,110.162799027,-0.118606021158,-0.101874707864,-0.091859131628,0.181339307434,5.5040578691796293e-08,8.9999983169635633e-05,3.3881317890172014e-21,1.7999828199032321e-02,199.998091100359,1
QK1_STK_case_0001,12420.000000,2023-11-25T14:35:00Z,J2000,-4504419.528960348,-3899930.239445926,-3299522.731397157,2104.372019024963,3171.991656009595,-6629.692385699046,-4504339.350361649,-3899860.984590644,-3299463.122637494,2104.501080115750,3172.101794678407,-6629.588037350829,-80.178598700,-69.254855282,-59.608759662,121.564990429,-0.129061090788,-0.110138668812,-0.104348348217,0.199188024988,4.3732679838098191e-08,8.9999989374736682e-05,1.6940658945086007e-21,1.7999821591335542e-02,199.998017681506,1
QK1_STK_case_0001,12480.000000,2023-11-25T14:36:00Z,J2000,-4368031.011103974,-3700904.599724517,-3689493.677185196,2440.163583277890,3459.661795480036,-6364.429231586490,-4367942.763785457,-3700828.486687351,-3689427.376175555,2440.303540397010,3459.780257314403,-6364.310106369971,-88.247318517,-76.113037165,-66.301009641,134.076871724,-0.139957119120,-0.118461834367,-0.119125216520,0.218659595272,3.2729395405479468e-08,8.9999994048814674e-05,1.6940658945086007e-21,1.7999814983641189e-02,199.997944262680,1
QK1_STK_case_0001,12540.000000,2023-11-25T14:37:00Z,J2000,-4211824.698995695,-3485087.663053099,-4062677.834180044,2764.717017148814,3731.492516576054,-6070.350079738201,-4211727.719578249,-3485004.195150483,-4062603.880236059,2764.868166800232,3731.619181124019,-6070.213669798087,-96.979417445,-83.467902616,-73.953943984,147.787293114,-0.151149651418,-0.126664547965,-0.136409940114,0.239786981709,2.2120269296336924e-08,8.9999997281631561e-05,1.6940658945086007e-21,1.7999808375949260e-02,199.997870843881,1
QK1_STK_case_0001,12600.000000,2023-11-25T14:38:00Z,J2000,-4036518.963781788,-3253466.645600641,-4417386.612045316,3076.572804359722,3986.268538931770,-5748.821182041290,-4036412.576192156,-3253375.339497583,-4417303.887239000,3076.735261900468,3986.403071385750,-5748.664756965597,-106.387589632,-91.306103058,-82.724806316,162.783651708,-0.162457540746,-0.134532453980,-0.156425075693,0.262602814198,1.1981238381275757e-08,8.9999999202499607e-05,-5.0821976835258020e-21,1.7999801768259757e-02,199.997797425108,1
QK1_STK_case_0001,12660.000000,2023-11-25T14:39:00Z,J2000,-3842917.899883811,-3007099.280133509,-4752017.023441834,3374.333987267447,4222.855298427811,-5401.328372739093,-3842801.427596741,-3006999.679948609,-4751924.240171341,3374.507648738566,4222.997116491979,-5401.149016895718,-116.472287071,-99.600184900,-92.783270494,179.150009130,-0.173661471119,-0.141818064168,-0.179355843374,0.287122253453,2.3702994932045345e-09,8.9999999968787113e-05,-6.7762635780344027e-21,1.7999795160572683e-02,199.997724006363,1
QK1_STK_case_0001,12720.000000,2023-11-25T14:40:00Z,J2000,-3631907.407625299,-2747108.851402518,-5065058.617782710,3656.671471937983,4440.202925056263,-5029.469078744548,-3631780.187554015,-2747000.544062452,-5064954.308825958,3656.855990623736,4440.351181559776,-5029.263721898161,-127.220071284,-108.307340066,-104.308956752,196.966456303,-0.184518685753,-0.148256503513,-0.205356846386,0.313366511586,-6.6705121463444736e-09,8.9999999752801490e-05,-9.3173624197973037e-21,1.7999788552888030e-02,199.997650587645,1
QK1_STK_case_0001,12780.000000,2023-11-25T14:41:00Z,J2000,-3404450.979714937,-2474679.001292923,-5355099.946439448,3922.328705240608,4637.350022542779,-4634.944672195160,-3404312.377624604,-2474561.633150484,-5354982.456401096,3922.523458676720,4637.503576622601,-4634.710118710093,-138.602090332,-117.368142439,-117.490038352,216.309337330,-0.194753436112,-0.153554079822,-0.234553485067,0.341354791477,-1.5109858899445700e-08,8.9999998731623136e-05,-9.3173624197973037e-21,1.7999781945205805e-02,199.997577168953,1
QK1_STK_case_0001,12840.000000,2023-11-25T14:42:00Z,J2000,-3161585.210541147,-2191048.304933780,-5620834.568965558,4170.126286561369,4813.427505854211,-4219.552721400019,-3161434.638629849,-2190921.600241472,-5620702.048180128,4170.330345617481,4813.584900377734,-4219.285702135797,-150.571911298,-126.704692309,-132.520785430,237.250370065,-0.204059056112,-0.157394523523,-0.267019264222,0.371096243422,-2.2924747916707665e-08,8.9999997080310681e-05,2.5410988417629010e-21,1.7999775337526003e-02,199.997503750289,1
QK1_STK_case_0001,12900.000000,2023-11-25T14:43:00Z,J2000,-2904415.029797044,-1897504.624220446,-5861066.578149847,4398.966509368734,4967.662093963920,-3785.178665591593,-2904251.965714843,-1897368.404392515,-5860916.979818694,4399.178617796720,4967.821545705790,-3784.875883228708,-163.064082201,-136.219827932,-149.598331152,259.856493299,-0.212108427986,-0.159451741870,-0.302782362885,0.402606510730,-3.0102053600956821e-08,8.9999994965924134e-05,5.0821976835258020e-21,1.7999768729848629e-02,199.997430331651,1
QK1_STK_case_0001,12960.000000,2023-11-25T14:44:00Z,J2000,-2634108.672612124,-1595379.273756047,-6074715.611701359,4607.837564384015,5099.379030802646,-3333.787100906194,-2633932.679896855,-1595233.477478262,-6074546.691536420,4608.056111597200,5099.538409934542,-3333.445282741811,-175.992715269,-145.796277785,-168.920164939,284.190099347,-0.218547213184,-0.159379131896,-0.341818164382,0.435894768925,-3.6639886392461545e-08,8.9999992541770388e-05,1.1858461261560205e-20,1.7999762122173680e-02,199.997356913041,1
QK1_STK_case_0001,13020.000000,2023-11-25T14:45:00Z,J2000,-2351892.409002749,-1286041.045238840,-6260821.338996133,4795.817383056336,5208.004140419229,-2867.413023456741,-2351703.158838755,-1285885.749478585,-6260630.658754185,4796.040389476007,5208.160968424173,-2867.028984656804,-189.250163995,-155.295760255,-190.680241948,310.308479411,-0.223006419670,-0.156828004944,-0.384038799936,0.470969941934,-4.2547107177482951e-08,8.9999989943019841e-05,-4.2351647362715017e-21,1.7999755514501156e-02,199.997283494457,1
QK1_STK_case_0001,13080.000000,2023-11-25T14:46:00Z,J2000,-2059045.051737621,-970890.122524183,-6418547.418604132,4962.077158709566,5293.065410943828,-2388.152896579863,-2058842.345540946,-970725.563537184,-6418332.352941509,4962.302259728590,5293.216854365927,-2387.723597137941,-202.706196675,-164.558986999,-215.065662623,338.264248202,-0.225101019024,-0.151443422099,-0.429299441922,0.507842091301,-4.7843647144133063e-08,8.9999987283251494e-05,6.7762635780344027e-21,1.7999748906831061e-02,199.997210075901,1
QK1_STK_case_0001,13140.000000,2023-11-25T14:47:00Z,J2000,-1756892.267080544,-651351.918935557,-6547184.913794265,5105.884373223493,5354.193988921061,-1898.155579076954,-1756676.059959917,-651178.513709644,-6546942.661112108,5106.108810579273,5354.336859894063,-1897.678196234558,-216.207120628,-173.405225914,-242.252682157,368.104948889,-0.224437355780,-0.142870973002,-0.477382842396,0.546514976748,-5.2561009000280841e-08,8.9999984651889433e-05,-6.7762635780344027e-21,1.7999742299163391e-02,199.997136657371,1
QK1_STK_case_0001,13200.000000,2023-11-25T14:48:00Z,J2000,-1446800.719845432,-328870.869692133,-6646155.168354034,5226.605306410846,5391.124750193769,-1399.613434900001,-1446571.144238299,-328689.236822722,-6645882.765880018,5226.825926065412,5391.255517943158,-1399.085427933896,-229.575607133,-181.632869411,-272.402474016,399.873188013,-0.220619654566,-0.130767749390,-0.528006966105,0.586996245744,-5.6740809464554307e-08,8.9999982113779032e-05,-1.6940658945086007e-21,1.7999735691498146e-02,199.997063238868,1
QK1_STK_case_0001,13260.000000,2023-11-25T14:49:00Z,J2000,-1130172.081862522,-4904.191902332,-6715012.155100345,5323.707075087596,5403.696864415073,-894.753613110296,-1129929.471412729,-4715.171880193,-6714706.497784080,5323.920325548725,5403.811663822315,-894.172794473143,-242.610449793,-189.020022138,-305.657316265,433.606727466,-0.213250461129,-0.114799407243,-0.580818637153,0.629289243781,-6.0432144099759028e-08,8.9999979710864169e-05,-2.9646153153900512e-21,1.7999729083835323e-02,199.996989820392,1
QK1_STK_case_0001,13320.000000,2023-11-25T14:50:00Z,J2000,-808436.933553283,319084.394336666,-6753444.299511765,5396.759153088029,5391.854517646142,-385.829236789776,-808181.846589244,319279.719538819,-6753102.163614157,5396.961099795505,5391.949169510011,-385.193848051151,-255.086964040,-195.325202153,-342.135897608,469.338115064,-0.201946707477,-0.094651863869,-0.635388738625,0.673394607319,-6.3689763279177557e-08,8.9999977464519715e-05,3.7057691442375640e-21,1.7999722476174929e-02,199.996916401944,1
QK1_STK_case_0001,13380.000000,2023-11-25T14:51:00Z,J2000,-483048.589397790,641630.986199588,-6761275.769569617,5445.434410881200,5355.647493670445,124.889567043513,-482781.831559777,641831.275126293,-6760893.840282174,5445.620743703562,5355.717533106811,125.580789528550,-266.757838013,-200.288926706,-381.929287442,507.095039325,-0.186332822362,-0.070039436366,-0.691222485037,0.719314929051,-6.6573318359914582e-08,8.9999975377737105e-05,8.1262223377209439e-21,1.7999715868516959e-02,199.996842983522,1
QK1_STK_case_0001,13440.000000,2023-11-25T14:52:00Z,J2000,-155476.867161478,961277.837963283,-6738467.227888568,5469.510039099458,5295.231189921404,635.124573348273,-155199.513502482,961481.473541668,-6738042.131424904,5469.676097754729,5295.271898690274,635.872323021103,-277.353658996,-203.635578385,-425.096463664,546.899903421,-0.166058655272,-0.040708768871,-0.747749672830,0.767047752145,-6.9146059956228204e-08,8.9999973437898272e-05,8.2585712357294283e-21,1.7999709260861418e-02,199.996769565127,1
QK1_STK_case_0001,13500.000000,2023-11-25T14:53:00Z,J2000,172798.206214791,1276579.680621393,-6685116.052350548,5468.868770642962,5210.865924006280,1142.598327746670,173084.791241449,1276784.755878937,-6684644.391845660,5469.009566440594,5210.872366599728,1143.402665482137,-286.585026658,-205.075257544,-471.660504887,588.770303795,-0.140795797633,-0.006442593448,-0.804337735467,0.816593017566,-7.1473763782387693e-08,8.9999971619446036e-05,3.3881317890172014e-21,1.7999702653208299e-02,199.996696146759,1
QK1_STK_case_0001,13560.000000,2023-11-25T14:54:00Z,J2000,500292.763926415,1586109.979385676,-6601456.018400247,5443.500002439176,5102.915580972700,1645.043216948973,500586.907444393,1586314.285936636,-6600934.414280898,5443.610255914146,5102.882653376572,1645.903497372329,-294.143517978,-204.306550960,-521.604119350,632.718289017,-0.110253474971,0.032927596127,-0.860280423356,0.867941508478,-7.3625988268539365e-08,8.9999969884516372e-05,8.4703294725430034e-22,1.7999696045557609e-02,199.996622728418,1
QK1_STK_case_0001,13620.000000,2023-11-25T14:55:00Z,J2000,825525.513084329,1888467.097279204,-6487856.439647905,5393.500118607847,4971.845928991419,2140.210342394660,825825.217974095,1888668.116676386,-6487281.573527547,5393.574305184968,4971.768405975780,2141.125163037910,-299.704889766,-201.019397182,-574.866120358,678.750967092,-0.074186577121,0.077523015639,-0.914820643250,0.921091893079,-7.5675585947428188e-08,8.9999968184470465e-05,-1.4399560103323106e-20,1.7999689437909340e-02,199.996549310104,1
QK1_STK_case_0001,13680.000000,2023-11-25T14:56:00Z,J2000,1147024.147000903,2182280.362733054,-6344820.793500443,5319.072229280928,4818.223184950471,2625.877832869855,1147327.078271932,2182475.260621434,-6344189.455253225,5319.104618359575,4818.095772479223,2626.844974589573,-302.931271029,-194.897888380,-631.338247218,726.870362762,-0.032389078648,0.127412471248,-0.967141719717,0.976035909310,-7.7692147657238813e-08,8.9999966466272616e-05,2.1175823681357508e-21,1.7999682830263500e-02,199.996475891817,1
QK1_STK_case_0001,13740.000000,2023-11-25T14:57:00Z,J2000,1463331.743747319,2466216.064268369,-6172984.851986511,5220.526056363547,4642.712951354886,3099.859196148643,1463635.217734119,2466401.688228768,-6172293.990657872,5220.510769999205,4642.530355181627,3100.875566251910,-303.473986800,-185.623960399,-690.861328640,777.072770562,0.015286364342,0.182596173259,-1.016370103267,1.032755160838,-7.9733394720472742e-08,8.9999964681025129e-05,1.1011428314305904e-20,1.7999676222620085e-02,199.996402473556,1
QK1_STK_case_0001,13800.000000,2023-11-25T14:58:00Z,J2000,1773013.164373922,2738983.374561850,-5973114.286039065,5098.277948618931,4446.078781998453,3560.012577996562,1773314.142046551,2739156.256296700,-5972361.063286566,5098.209028123253,4445.835774684841,3561.074180583911,-300.977672629,-172.881734850,-753.222752498,829.349244014,0.068920495679,0.243007313611,-1.061602587348,1.091239040109,-8.1843126094570124e-08,8.9999962787229584e-05,1.6940658945086007e-21,1.7999669614979098e-02,199.996329055323,1
QK1_STK_case_0001,13860.000000,2023-11-25T14:59:00Z,J2000,2074661.435544612,2999340.157832474,-5746101.691372906,4952.850213010115,4229.179668150150,4004.250654871347,2074956.519336754,2999496.518819572,-5745283.536299272,4952.721673533070,4228.871149328419,4005.352555396783,-295.083792143,-156.360987098,-818.155073633,883.685989016,0.128539477044,0.308518821731,-1.101900525436,1.151473416314,-8.4056429935097258e-08,8.9999960747305812e-05,1.6940658945086007e-21,1.7999663007340534e-02,199.996255637117,1
QK1_STK_case_0001,13920.000000,2023-11-25T15:00:00Z,J2000,2366904.060123201,3246098.599844089,-5492963.031490542,4784.869394137051,3992.966781505208,4430.549937966864,2367189.494496026,3246234.361636131,-5492077.698731068,4784.675309814450,3992.587871188949,4431.686230229378,-285.434372825,-135.761792041,-885.332759474,940.062838520,0.194084322602,0.378910316260,-1.136292262515,1.213425670530,-8.6402266162521158e-08,8.9999958525814917e-05,1.1011428314305904e-20,1.7999656399704397e-02,199.996182218938,1
QK1_STK_case_0001,13980.000000,2023-11-25T15:01:00Z,J2000,2648409.211641170,3478130.647716732,-5214833.552792117,4595.064373358193,3738.480586981134,4836.959233211209,2648680.889320062,3478241.447430085,-5213879.179956321,4594.798948254619,3738.026687896955,4838.123050711410,-271.677678892,-110.799713353,-954.372835797,998.455230541,0.265425103574,0.453899084179,-1.163817500201,1.277084976812,-8.8895394089988068e-08,8.9999956097816576e-05,2.5410988417629010e-21,1.7999649792070683e-02,199.996108800785,1
QK1_STK_case_0001,14040.000000,2023-11-25T15:02:00Z,J2000,2917891.828466353,3694373.289842332,-4912963.176723786,4384.264819997084,3466.848130660795,5221.608937589727,2918145.300002140,3694454.499114637,-4911938.342804388,4383.922464279305,3466.315012889299,5222.792431251217,-253.471535787,-81.209272305,-1024.833919398,1058.833002749,0.342355717780,0.533117771496,-1.183493661490,1.342415450808,-9.1529631863752859e-08,8.9999953457357382e-05,-8.4703294725430034e-22,1.7999643184439394e-02,199.996035382660,1
QK1_STK_case_0001,14100.000000,2023-11-25T15:03:00Z,J2000,3174119.598733822,3893833.637140339,-4588711.288779851,4153.398853433499,3179.278912245841,5582.721637145070,3174350.087920228,3893880.387216272,-4587615.072794939,4152.974280756088,3178.662805002067,5583.916001265939,-230.489186406,-46.750075933,-1096.215984911,1121.160256264,0.424572677410,0.616107243774,-1.194364120869,1.409381335003,-9.4285890837563489e-08,8.9999950612046386e-05,-5.0821976835258020e-21,1.7999636576810533e-02,199.995961964561,1
QK1_STK_case_0001,14160.000000,2023-11-25T15:04:00Z,J2000,3415918.753185509,4075593.696106358,-4243540.898066441,3903.488973929621,2877.058857113001,5918.622112521069,3416121.177835777,4075600.907580733,-4242372.934970301,3902.977279350737,2876.356515526340,5919.817627880186,-202.424650268,-7.211474375,-1167.963096140,1185.396785192,0.511694578884,0.702341586660,-1.195515359116,1.477962117341,-9.7148582303537365e-08,8.9999947567501152e-05,0.0000000000000000e+00,1.7999629969184097e-02,199.995888546490,1
QK1_STK_case_0001,14220.000000,2023-11-25T15:05:00Z,J2000,3642179.577040239,4238814.757324496,-3879012.264329447,3635.647002260564,2561.543837333073,6227.744977092472,3642348.574100913,4238777.173702479,-3877772.798789757,3635.043737897956,2560.752612008490,6228.931041969870,-168.997060674,37.583622016,-1239.465539691,1251.498046040,0.603264362607,0.791225324583,-1.186064877398,1.548132842766,-1.0011168023747852e-07,8.9999944320268794e-05,-1.6940658945086007e-21,1.7999623361560090e-02,199.995815128445,1
QK1_STK_case_0001,14280.000000,2023-11-25T15:06:00Z,J2000,3851861.630889735,4382741.427087937,-3496776.124703375,3351.069622190920,2234.154367238089,6508.640707071911,3851991.585768316,4382653.652346530,-3495466.063494137,3350.370890033973,2233.272296599233,6509.805862572308,-129.954878581,87.774741407,-1310.061209238,1319.413903082,0.698732156947,0.882070638856,-1.165155500397,1.619834120887,-1.0316584229543460e-07,8.9999940871141593e-05,-1.6940658945086007e-21,1.7999616753938505e-02,199.995741710428,1
QK1_STK_case_0001,14340.000000,2023-11-25T15:07:00Z,J2000,4043998.733709833,4506705.371688722,-3098566.547707599,3051.034910801527,1896.371215520375,6759.982430658071,4044083.817134975,4506561.914724785,-3097187.507602544,3050.237450064101,1895.397090260464,6761.114462132128,-85.083425142,143.456963937,-1379.040105056,1389.089882293,0.797460737426,0.974125259910,-1.132031474057,1.693032459225,-1.0627844296471344e-07,8.9999937249381272e-05,-1.6940658945086007e-21,1.7999610146319348e-02,199.995668292437,1
QK1_STK_case_0001,14400.000000,2023-11-25T15:08:00Z,J2000,4217703.736398149,4610128.779191478,-2686193.316748235,2736.898421719013,1549.729956784015,6980.574711457939,4217737.945552175,4609924.101712072,-2684747.668344196,2735.999699884358,1548.663392422428,6981.660747041393,-34.209154026,204.677479406,-1445.648404039,1460.466516185,0.898721834655,1.066564361586,-1.086035583454,1.767691647890,0.0000000000000000e+00,0.0000000000000000e+00,0.0000000000000000e+00,0.0000000000000000e+00,199.995594874473,0
QK1_STK_case_0001,14460.000000,2023-11-25T15:09:00Z,J2000,4372172.953662205,4692527.402583720,-2261533.915361399,2410.085518957586,1195.812344620904,7169.357735672040,4372150.211590085,4692255.998547623,-2260024.671610360,2409.085611857985,1194.654810463279,7170.389280744433,22.742072119,271.404036097,-1509.243751038,1533.621222043,0.999907099601,1.157534157626,-1.031545072393,1.844934895947,0.0000000000000000e+00,0.0000000000000000e+00,0.0000000000000000e+00,0.0000000000000000e+00,199.995594874473,0
QK1_STK_case_0001,14520.000000,2023-11-25T15:10:00Z,J2000,4506690.293899563,4753513.155345744,-1826524.723975884,2072.089205701955,836.240439015498,7325.429031081952,4506604.491621443,4753169.597029715,-1824955.567428671,2070.987006231288,834.993114102872,7326.392245186134,85.802278120,343.558316028,-1569.156547212,1608.616367286,1.102199470666,1.247324912626,-0.963214104182,1.923134036225,0.0000000000000000e+00,0.0000000000000000e+00,0.0000000000000000e+00,0.0000000000000000e+00,199.995594874473,0
QK1_STK_case_0001,14580.000000,2023-11-25T15:11:00Z,J2000,4620630.887392128,4792796.164787133,-1383151.885647992,1724.455952210593,472.664757041490,7448.032794776343,4620475.877304018,4792375.124071113,-1381527.340007038,1723.251251597421,471.329764361213,7448.913453144389,155.010088110,421.040716021,-1624.545640954,1685.364041240,1.204700613173,1.334992680276,-0.880658368046,2.002265762824,0.0000000000000000e+00,0.0000000000000000e+00,0.0000000000000000e+00,0.0000000000000000e+00,199.995594874473,0
QK1_STK_case_0001,14640.000000,2023-11-25T15:12:00Z,J2000,4713464.135328575,4810186.304914435,-933442.278059968,1368.780482060849,106.758600511451,7536.567302823588,4713233.785342823,4809682.611829039,-931767.734315310,1367.474094010887,105.339144127898,7537.350841714644,230.349985753,503.693085397,-1674.543744657,1763.764324671,1.306388049962,1.419456383554,-0.783538891056,2.082171788228,0.0000000000000000e+00,0.0000000000000000e+00,0.0000000000000000e+00,0.0000000000000000e+00,199.995594874473,0
QK1_STK_case_0001,14700.000000,2023-11-25T15:13:00Z,J2000,4784756.422021573,4805594.388384764,-479454.188253847,1006.700045319157,-259.787658512198,7590.588263874903,4784444.681928524,4805003.097367492,-477735.911773222,1005.293828005958,-261.287340751157,7591.260045888959,311.740093050,591.291017273,-1718.276480625,1843.713919401,1.406217313199,1.499682238959,-0.671782014057,2.162818768228,0.0000000000000000e+00,0.0000000000000000e+00,0.0000000000000000e+00,0.0000000000000000e+00,199.995594874473,0
QK1_STK_case_0001,14760.000000,2023-11-25T15:14:00Z,J2000,4834173.492386096,4779032.982811605,-23267.689962445,639.888114042709,-625.274093099890,7609.814691638365,4833774.455509815,4778349.434566895,-21512.825256634,638.385020362562,-626.848676238021,7610.360083810462,399.036876281,683.548244710,-1754.864705811,1925.102274473,1.503093680147,1.574583138130,-0.545392172097,2.244115703694,0.0000000000000000e+00,0.0000000000000000e+00,0.0000000000000000e+00,0.0000000000000000e+00,199.995594874473,0
QK1_STK_case_0001,14820.000000,2023-11-25T15:15:00Z,J2000,4861482.372058782,4730616.683814690,433025.325191789,270.045530442084,-988.001639973940,7594.134341327041,4860990.342958157,4729836.571684881,434808.759756413,268.449668983850,-989.644683509531,7594.538895001454,492.029100625,780.112129809,-1783.434564624,2007.811350011,1.595861458234,1.643043535591,-0.404553674413,2.325947017713,0.0000000000000000e+00,0.0000000000000000e+00,0.0000000000000000e+00,0.0000000000000000e+00,199.995594874473,0
QK1_STK_case_0001,14880.000000,2023-11-25T15:16:00Z,J2000,4866552.679643649,4660561.704379234,887331.347234320,-101.110711195734,-1346.284048697182,7543.605382858697,4865962.244973550,4659681.141403107,889134.477512555,-102.794063600040,-1347.988031367227,7543.855059651924,590.434670099,880.562976127,-1803.130278235,2091.717728296,1.683352404305,1.703982670045,-0.249676793226,2.408229797584,0.0000000000000000e+00,0.0000000000000000e+00,0.0000000000000000e+00,0.0000000000000000e+00,199.995594874473,0
QK1_STK_case_0001,14940.000000,2023-11-25T15:17:00Z,J2000,4849357.261743827,4569184.786387303,1337565.405978041,-471.858303723898,-1698.458036671281,7458.453618851881,4848663.358740961,4568200.367475647,1339378.531697708,-473.622741601958,-1700.214416506707,7458.534915013972,693.903002865,984.418911655,-1813.125719667,2176.696314676,1.764437878060,1.756379835427,-0.081296162090,2.490927581805,0.0000000000000000e+00,0.0000000000000000e+00,0.0000000000000000e+00,0.0000000000000000e+00,199.995594874473,0
QK1_STK_case_0001,15000.000000,2023-11-25T15:18:00Z,J2000,4809972.246679052,4456901.595341532,1781661.009624431,-840.478055532242,-2042.890463889500,7339.068655123843,4809170.231091210,4455810.458763670,1783473.638739265,-842.316008414288,-2044.689653514156,7338.968736102880,802.015587842,1091.136577862,-1812.629114834,2262.616260578,1.837952882046,1.799189624657,0.099919020963,2.573934325666,0.0000000000000000e+00,0.0000000000000000e+00,0.0000000000000000e+00,0.0000000000000000e+00,199.995594874473,0
QK1_STK_case_0001,15060.000000,2023-11-25T15:19:00Z,J2000,4748576.641532397,4324224.721965345,2217579.902957043,-1205.261105571083,-2377.984816636950,7186.001959967924,4747662.358464949,4323024.611582637,2219380.799822698,-1207.163860414739,-2379.816253333932,7185.708900954980,914.283067448,1200.110382708,-1800.896865655,2349.342031044,1.902754843656,1.831436696982,0.293059012945,2.657163893172,0.0000000000000000e+00,0.0000000000000000e+00,0.0000000000000000e+00,0.0000000000000000e+00,199.995594874473,0
QK1_STK_case_0001,15120.000000,2023-11-25T15:20:00Z,J2000,4665451.467578454,4171761.248921580,2643321.739508881,-1564.517416522239,-2702.189368209575,6999.965205046172,4664421.317398623,4170450.569243295,2645098.983570469,-1566.475177824553,-2704.041591324729,6999.468110836199,1030.150179831,1310.679678285,-1777.244061588,2436.736971141,1.957761302313,1.852223115154,0.497094209972,2.740558782207,0.0000000000000000e+00,0.0000000000000000e+00,0.0000000000000000e+00,0.0000000000000000e+00,199.995594874473,0
QK1_STK_case_0001,15180.000000,2023-11-25T15:21:00Z,J2000,4560978.349039712,4000209.805777765,3056933.575801788,-1916.585066518719,-3014.005514975835,6781.825854434121,4559829.351745232,3998787.674969053,3058674.627215466,-1918.586978135705,-3015.866205940325,6781.115021188154,1148.997294480,1422.130808712,-1741.051413678,2524.660540525,2.001911616986,1.860690964489,0.710833245966,2.824022820575,0.0000000000000000e+00,0.0000000000000000e+00,0.0000000000000000e+00,0.0000000000000000e+00,199.995594874473,0
QK1_STK_case_0001,15240.000000,2023-11-25T15:22:00Z,J2000,4435637.576624870,3810357.178474226,3456519.042130749,-2259.838300664309,-3311.994267881202,6532.601348035278,4434367.433954294,3808823.477405783,3458210.819468743,-2261.872519126048,-3313.850353678563,6531.668449505941,1270.142670576,1533.701068443,-1691.777337994,2612.969944778,2.034218461739,1.856085797361,0.932898529337,2.907472941109,0.0000000000000000e+00,0.0000000000000000e+00,0.0000000000000000e+00,0.0000000000000000e+00,199.995594874473,0
QK1_STK_case_0001,15300.000000,2023-11-25T15:23:00Z,J2000,4290005.725816746,3603074.559038830,3840247.196001430,-2592.694589124829,-3594.782186721452,6253.454476919439,4288612.877229337,3601429.972494960,3841876.162673756,-2594.748374650888,-3596.619949541932,6252.292670905466,1392.848587409,1644.586543870,-1628.966672326,2701.522627571,2.053785526059,1.837762820480,1.161806013973,2.990852785660,0.0000000000000000e+00,0.0000000000000000e+00,0.0000000000000000e+00,0.0000000000000000e+00,199.995594874473,0
QK1_STK_case_0001,15360.000000,2023-11-25T15:24:00Z,J2000,4124752.834775870,3379313.392505649,4206361.115135435,-2913.622427965480,-3861.069022602203,5945.688837504790,4123236.509496627,3377559.445725607,4207913.371380865,-2915.682200625647,-3862.874174717528,5944.292905722645,1516.325279243,1753.946780043,-1552.256245429,2790.174028832,2.059772660167,1.805152115324,1.395931782146,3.074062964781,0.0000000000000000e+00,0.0000000000000000e+00,0.0000000000000000e+00,0.0000000000000000e+00,199.995594874473,0
QK1_STK_case_0001,15420.000000,2023-11-25T15:25:00Z,J2000,3940639.089264042,3140100.729626411,4553186.133104204,-3221.149736795166,-4109.636109541398,5610.741090085582,3938999.354150020,3138239.819172341,4554647.519490838,-3223.201206183511,-4111.393958066983,5609.107611199336,1639.735114022,1860.910454070,-1461.386386633,2878.779104631,2.051469388345,1.757848525585,1.633478886245,3.157025714502,0.0000000000000000e+00,0.0000000000000000e+00,0.0000000000000000e+00,0.0000000000000000e+00,199.995594874473,0
QK1_STK_case_0001,15480.000000,2023-11-25T15:26:00Z,J2000,3738511.041546847,2886534.141450596,4879137.509576179,-3513.870638227645,-4339.352067806546,5250.170278861911,3736748.837706897,2884569.552319567,4880493.715087194,-3515.898930383087,-4341.047659983339,5248.297597050887,1762.203839950,1964.589131029,-1356.205511015,2967.198378167,2.028292155441,1.695592176793,1.872681811024,3.239743672448,0.0000000000000000e+00,0.0000000000000000e+00,0.0000000000000000e+00,0.0000000000000000e+00,199.995594874473,0
QK1_STK_case_0001,15540.000000,2023-11-25T15:27:00Z,J2000,3519297.493401220,2619776.402593708,5182727.479404579,-3790.450022796684,-4549.175025093592,4865.648695146848,3517414.671576232,2617712.324633165,5183964.149396720,-3792.439727893176,-4550.793191561143,4863.537080000384,1882.821824987,2064.077960543,-1236.669992141,3055.288615059,1.989705096492,1.618166467551,2.111615146464,3.322093859976,0.0000000000000000e+00,0.0000000000000000e+00,0.0000000000000000e+00,0.0000000000000000e+00,199.995594874473,0
QK1_STK_case_0001,15600.000000,2023-11-25T15:28:00Z,J2000,3284005.106312021,2341050.059103768,5462571.868556528,-4049.628807395837,-4738.155185000642,4458.956261387398,3282004.453092067,2338891.593846308,5463674.725763528,-4051.564174658744,-4739.680742680015,4456.607994731143,2000.653219954,2158.465257461,-1102.857207000,3142.909415368,1.935367262908,1.525557679374,2.348266656255,3.404016592837,0.0000000000000000e+00,0.0000000000000000e+00,0.0000000000000000e+00,0.0000000000000000e+00,199.995594874473,0
QK1_STK_case_0001,15660.000000,2023-11-25T15:29:00Z,J2000,3033713.621066565,2051631.753393165,5717396.363971158,-4290.231376781608,-4905.440121750818,4031.973473619396,3031598.874633567,2049384.910151079,5718351.327689152,-4292.096439537200,-4906.857996768013,4029.392832401660,2114.746432998,2246.843242086,-954.963717994,3229.924570802,1.865062755592,1.417875017195,2.580641217736,3.485475253299,0.0000000000000000e+00,0.0000000000000000e+00,0.0000000000000000e+00,0.0000000000000000e+00,199.995594874473,0
QK1_STK_case_0001,15720.000000,2023-11-25T15:30:00Z,J2000,2769570.643587355,1752846.219927760,5946042.219918104,-4511.171919182193,-5050.279777681526,3586.669960178468,2767346.504048780,1750517.906467926,5946835.526848068,-4512.950613023922,-5051.575128878755,3583.863276357319,2224.139538575,2328.313459834,-793.306929963,3316.199050031,1.778693841730,1.295351197229,2.806683821149,3.566393217057,0.0000000000000000e+00,0.0000000000000000e+00,0.0000000000000000e+00,0.0000000000000000e+00,199.995594874473,0
QK1_STK_case_0001,15780.000000,2023-11-25T15:31:00Z,J2000,2492786.157625356,1446060.068011828,6147471.233751557,-4711.457241307308,-5172.028530434116,3125.092454894497,2490458.287735757,1443658.071302701,6148089.562847794,-4713.133580769688,-5173.186928502617,3122.068108960610,2327.869889598,2401.996709127,-618.329096237,3401.602164394,1.676339462379,1.158398068501,3.024345933887,3.646733936834,0.0000000000000000e+00,0.0000000000000000e+00,0.0000000000000000e+00,0.0000000000000000e+00,199.995594874473,0
QK1_STK_case_0001,15840.000000,2023-11-25T15:32:00Z,J2000,2204626.924801838,1132675.495043848,6320770.099154946,-4890.188318253373,-5270.145924682218,2649.356260941085,2202201.940609762,1130208.452126174,6321200.691619381,-4891.746502837300,-5271.153457540244,2646.124606420513,2424.984192076,2467.042917674,-430.592464435,3486.009030380,1.558184583927,1.007532858026,3.231654520572,3.726479920504,0.0000000000000000e+00,0.0000000000000000e+00,0.0000000000000000e+00,0.0000000000000000e+00,199.995594874473,0
QK1_STK_case_0001,15900.000000,2023-11-25T15:33:00Z,J2000,1906410.735935537,814123.920218802,6465154.316244813,-5046.564030338274,-5344.198855255029,2161.638345174859,1903896.194135190,811601.285362571,6465385.094329977,-5047.988553761053,-5345.042241663406,2158.211780107478,2514.541800347,2522.634856231,-230.778085165,3569.294833459,1.424523422779,0.843386408376,3.426565067381,3.805511237255,0.0000000000000000e+00,0.0000000000000000e+00,0.0000000000000000e+00,0.0000000000000000e+00,199.995594874473,0
QK1_STK_case_0001,15960.000000,2023-11-25T15:34:00Z,J2000,1599500.377185239,491859.450133702,6579971.613370590,-5179.886505289944,-5393.864622888504,1664.167333253749,1596904.749147104,489291.449346503,6579991.304193236,-5181.162411139964,-5394.531433953751,1660.560188270976,2595.628038135,2568.000787199,-19.690822646,3651.342312616,1.275905850020,0.666811065248,3.607144982773,3.883821270553,0.0000000000000000e+00,0.0000000000000000e+00,0.0000000000000000e+00,0.0000000000000000e+00,199.995594874473,0
QK1_STK_case_0001,16020.000000,2023-11-25T15:35:00Z,J2000,1285297.323567850,167352.212011640,6664704.660385980,-5289.564105044115,-5418.931717890821,1159.210446672504,1282629.960314538,164749.790615724,6664502.903807494,-5290.677029690537,-5419.410414520503,1155.438861644579,2667.363253312,2602.421395916,201.756578486,3732.040938147,1.112924646422,0.478696629681,3.771585027924,3.961389321279,0.0000000000000000e+00,0.0000000000000000e+00,0.0000000000000000e+00,0.0000000000000000e+00,199.995594874473,0
QK1_STK_case_0001,16080.000000,2023-11-25T15:36:00Z,J2000,965235.366879138,-157918.270637419,6718973.042330974,-5375.111127621101,-5419.298167185636,649.063028439737,962506.460229091,-160543.504835774,6718540.501175124,-5376.047461320420,-5419.578249248225,645.144930496175,2728.906650048,2625.234198354,432.541155849,3811.282979836,0.936333699318,0.280082062589,3.918097943562,4.038150350545,0.0000000000000000e+00,0.0000000000000000e+00,0.0000000000000000e+00,0.0000000000000000e+00,199.995594874473,0
QK1_STK_case_0001,16140.000000,2023-11-25T15:37:00Z,J2000,640774.256763325,-482469.622600154,6742534.736358589,-5436.148369317109,-5394.971019506180,136.041699928313,637994.788252068,-485105.466378614,6741863.198632553,-5436.895384536573,-5395.043126385351,131.996635997030,2779.468511257,2635.843778460,671.537726035,3888.969085375,0.747015219464,0.072106879171,4.045063931283,4.114094474887,0.0000000000000000e+00,0.0000000000000000e+00,0.0000000000000000e+00,0.0000000000000000e+00,199.995594874473,0
QK1_STK_case_0001,16200.000000,2023-11-25T15:38:00Z,J2000,313393.228128021,-804823.193288527,6735287.164825895,-5472.406088233048,-5346.067592372880,-377.523640098828,310574.914635971,-807456.917650254,6734369.638398238,-5472.952046016750,-5345.923600757377,-381.674547817066,2818.313492050,2633.724361727,917.526427657,3965.003114561,0.545957783702,-0.143991615503,4.150907718238,4.189133367685,0.0000000000000000e+00,0.0000000000000000e+00,0.0000000000000000e+00,0.0000000000000000e+00,199.995594874473,0
QK1_STK_case_0001,16260.000000,2023-11-25T15:39:00Z,J2000,-15415.656855604,-1123510.696377118,6697267.661443049,-5483.726700870149,-5272.815928362206,-889.301240464871,-18260.428616226,-1126129.125919682,6696098.464730875,-5484.061026852042,-5272.449085395776,-893.535490981595,2844.771760622,2618.429542564,1169.196712175,4039.297041710,0.334325981893,-0.366842966431,4.234250516724,4.263241145251,0.0000000000000000e+00,0.0000000000000000e+00,0.0000000000000000e+00,0.0000000000000000e+00,199.995594874473,0
QK1_STK_case_0001,16320.000000,2023-11-25T15:40:00Z,J2000,-344154.252314754,-1437080.807927985,6628653.217068628,-5470.064814923885,-5175.552966015649,-1396.969425073781,-347012.497816864,-1439670.404140149,6627228.054814508,-5470.178160231107,-5174.957925864918,-1401.263316938829,2858.245502110,2589.596212164,1425.162254121,4111.771314526,0.113345307222,-0.595040150731,4.293891865048,4.336407186644,0.0000000000000000e+00,0.0000000000000000e+00,0.0000000000000000e+00,0.0000000000000000e+00,199.995594874473,0
QK1_STK_case_0001,16380.000000,2023-11-25T15:41:00Z,J2000,-671325.019988426,-1744105.623174438,6529759.584632734,-5431.485890241342,-5054.722059209475,-1898.225783357545,-674183.232591380,-1746652.570678009,6528075.616671472,-5431.370227281991,-5053.894961299637,-1902.554537530596,2858.212602954,2546.947503571,1683.967961262,4182.352085154,-0.115662959351,-0.827097909838,4.328754173051,4.408580447642,0.0000000000000000e+00,0.0000000000000000e+00,0.0000000000000000e+00,0.0000000000000000e+00,199.995594874473,0
QK1_STK_case_0001,16440.000000,2023-11-25T15:42:00Z,J2000,-995437.669156569,-2043186.997339473,6401039.890349703,-5368.166200722843,-4910.871750613263,-2390.794999660952,-998281.903110539,-2045677.295788223,6399095.791188166,-5367.814933804438,-4909.810292961241,-2395.132954262870,2844.233953969,2490.298448750,1944.099161536,4250.973382491,-0.351266918406,-1.061457652021,4.337954601918,4.479724424929,0.0000000000000000e+00,0.0000000000000000e+00,0.0000000000000000e+00,0.0000000000000000e+00,199.995594874473,0
QK1_STK_case_0001,16500.000000,2023-11-25T15:43:00Z,J2000,-1315015.836055556,-2332962.832095728,6243082.726126530,-5280.393828824976,-4744.654770088017,-2872.438766457349,-1317831.794420930,-2335382.390319346,6240878.731102917,-5279.801854420368,-4743.358236193460,-2876.759564917559,2815.958365374,2419.558223618,2203.995023613,4317.577744188,-0.591974404608,-1.296533894558,4.320798460210,4.549805838626,0.0000000000000000e+00,0.0000000000000000e+00,0.0000000000000000e+00,0.0000000000000000e+00,199.995594874473,0
QK1_STK_case_0001,16560.000000,2023-11-25T15:44:00Z,J2000,-1628603.789517252,-2612113.252476502,6056609.579509544,-5168.568133414452,-4556.825165721455,-3340.967454670948,-1631376.916049774,-2614447.985220561,6054147.521549547,-5167.731927136008,-4555.294473176486,-3345.244252387456,2773.126532522,2334.732744059,2462.057959997,4382.115602074,-0.836206278443,-1.530692544970,4.276797716508,4.618794140819,0.0000000000000000e+00,0.0000000000000000e+00,0.0000000000000000e+00,0.0000000000000000e+00,199.995594874473,0
QK1_STK_case_0001,16620.000000,2023-11-25T15:45:00Z,J2000,-1934773.036797690,-2879366.560318849,5842471.588299875,-5033.197195982141,-4348.234079851356,-3794.250571842084,-1937488.611982340,-2881602.486225483,5839754.919886420,-5032.114838946476,-4346.471769021749,-3798.456259001905,2715.575184650,2235.925906634,2716.668413455,4444.547278645,-1.082357035665,-1.762310829607,4.205687159821,4.686687604171,0.0000000000000000e+00,0.0000000000000000e+00,0.0000000000000000e+00,0.0000000000000000e+00,199.995594874473,0
QK1_STK_case_0001,16680.000000,2023-11-25T15:46:00Z,J2000,-2232128.754502777,-3133504.938340362,5601645.726395971,-4874.894762489974,-4119.825799077051,-4230.225442145805,-2234771.992381410,-3135628.277080450,5598679.530025411,-4873.565965095046,-4117.836033894983,-4234.332824705515,2643.237878633,2123.338740088,2966.196370559,4504.841262122,-1.328797394928,-1.989765182067,4.107382559710,4.753468153711,0.0000000000000000e+00,0.0000000000000000e+00,0.0000000000000000e+00,0.0000000000000000e+00,199.995594874473,0
QK1_STK_case_0001,16740.000000,2023-11-25T15:47:00Z,J2000,-2519316.045591224,-3373369.934859776,5335230.491992081,-4694.377546305484,-3872.634327098009,-4646.905276104402,-2521872.192421476,-3375367.204690598,5332021.479292602,-4692.803674245049,-3870.422893041150,-4650.887280427533,2556.146830253,1997.269830822,3209.012699478,4562.974457559,-1.573872060435,-2.211434056860,3.982004323132,4.819115300540,0.0000000000000000e+00,0.0000000000000000e+00,0.0000000000000000e+00,0.0000000000000000e+00,199.995594874473,0
QK1_STK_case_0001,16800.000000,2023-11-25T15:48:00Z,J2000,-2795026.044345304,-3597867.743136265,5044441.109664150,-4492.462821163354,-3607.779880413696,-5042.387373264919,-2797480.478112794,-3599725.857396298,5040997.607967408,-4490.646900122772,-3605.354156046990,-5046.217245300580,2454.433767490,1858.114260033,3443.501696742,4618.932523624,-1.815921040581,-2.425724366706,3.829872035660,4.883608065599,0.0000000000000000e+00,0.0000000000000000e+00,0.0000000000000000e+00,0.0000000000000000e+00,199.995594874473,0
QK1_STK_case_0001,16860.000000,2023-11-25T15:49:00Z,J2000,-3058001.879185355,-3805974.259857294,4730604.232129954,-4270.066038762757,-3326.465006231994,-5414.861619296510,-3060340.209371415,-3807680.621714919,4726936.159717441,-4268.012762957794,-3323.833938140584,-5418.513118897859,2338.330186059,1706.361857625,3668.072412514,4672.709500026,-2.053275804963,-2.631068091411,3.651499601349,4.946909153354,0.0000000000000000e+00,0.0000000000000000e+00,0.0000000000000000e+00,0.0000000000000000e+00,199.995594874473,0
QK1_STK_case_0001,16920.000000,2023-11-25T15:50:00Z,J2000,-3307044.485386315,-3996739.897325536,4395152.113710953,-4028.198142551799,-3029.970231649173,-5762.619678187654,-3309252.653238694,-3998282.492936655,4391270.942154291,-4025.913862763384,-3027.144286217949,-5766.067311967222,2208.167852379,1542.595611119,3881.171556662,4724.309381906,-2.284279788415,-2.825945431224,3.447633779568,5.008999941110,0.0000000000000000e+00,0.0000000000000000e+00,0.0000000000000000e+00,0.0000000000000000e+00,199.995594874473,0
QK1_STK_case_0001,16980.000000,2023-11-25T15:51:00Z,J2000,-3541018.227962009,-4169294.106002162,4039616.205573616,-3767.961701923059,-2719.648558980029,-6084.065034529111,-3543082.603832372,-4170661.592614180,4035534.908571256,-3765.454375471402,-2716.639639300101,-6087.284244259770,2064.375870364,1367.486612018,4081.297002360,4773.746179853,-2.507326451656,-3.008919679928,3.219209730658,5.069871286867,0.0000000000000000e+00,0.0000000000000000e+00,0.0000000000000000e+00,0.0000000000000000e+00,199.995594874473,0
QK1_STK_case_0001,17040.000000,2023-11-25T15:52:00Z,J2000,-3758856.235244319,-4322849.514129672,3665620.160560575,-3490.545195232591,-2396.918298125923,-6377.722103389114,-3760763.714309066,-4324031.304641516,3661353.152210729,-3487.824340274540,-2393.739665226848,-6380.689476455966,1907.479064747,1181.790511843,4267.008349846,4821.044021162,-2.720854958050,-3.178632899075,2.967373066852,5.129528411824,0.0000000000000000e+00,0.0000000000000000e+00,0.0000000000000000e+00,0.0000000000000000e+00,199.995594874473,0
QK1_STK_case_0001,17100.000000,2023-11-25T15:53:00Z,J2000,-3959565.363285945,-4456705.619307649,3274872.368257366,-3197.216750656261,-2063.255621443445,-6642.242846152573,-3961303.456446667,-4457691.960126137,3270435.428704705,-3194.293358416684,-2059.921779182440,-6644.936278283035,1738.093160722,986.340818487,4436.939552661,4866.237626702,-2.923392239576,-3.333842261005,2.693432130462,5.187996053303,0.0000000000000000e+00,0.0000000000000000e+00,0.0000000000000000e+00,0.0000000000000000e+00,199.995594874473,0
QK1_STK_case_0001,17160.000000,2023-11-25T15:54:00Z,J2000,-4142230.805373482,-4570252.060461003,2869158.139414556,-2889.318605311368,-1720.188043262614,-6876.412200937473,-4143787.725406081,-4571034.103122689,2864568.332518666,-2886.205074334282,-1716.714648376814,-6878.811030735610,1556.920032599,782.042661685,4589.806895891,4909.370433586,-3.113530977086,-3.473394885800,2.398829798137,5.245277073559,0.0000000000000000e+00,0.0000000000000000e+00,0.0000000000000000e+00,0.0000000000000000e+00,199.995594874473,0
QK1_STK_case_0001,17220.000000,2023-11-25T15:55:00Z,J2000,-4306020.378976592,-4662971.514091686,2450331.549889043,-2568.261687157692,-1369.288215448687,-7079.154120690862,-4307385.123088972,-4663541.381838547,2445607.131881092,-2564.971748527572,-1365.691980247019,-7081.239296409877,1364.744112379,569.867746861,4724.418007951,4950.495051511,-3.289938630119,-3.596235201667,2.085175719015,5.301373557374,0.0000000000000000e+00,0.0000000000000000e+00,0.0000000000000000e+00,0.0000000000000000e+00,199.995594874473,0
QK1_STK_case_0001,17280.000000,2023-11-25T15:56:00Z,J2000,-4450188.457964211,-4734442.195092815,2020306.909171207,-2235.519097890194,-1012.166827320041,-7249.537834162192,-4451350.884376211,-4734793.042333617,2015467.227321534,-2232.067698191781,-1008.465387532488,-7251.292053878011,1162.426412000,350.847240801,4839.681849673,4989.674273512,-3.451399698413,-3.701439787553,1.754219715819,5.356314328944,0.0000000000000000e+00,0.0000000000000000e+00,0.0000000000000000e+00,0.0000000000000000e+00,199.995594874473,0
QK1_STK_case_0001,17340.000000,2023-11-25T15:57:00Z,J2000,-4574079.483620050,-4784339.903176989,1581049.889379057,-1892.618754314285,-650.464676936112,-7386.782681394939,-4575030.380931750,-4784465.966961258,1576115.274331582,-1889.021951963395,-646.676471323004,-7388.190483243197,950.897311700,126.063784269,4934.615047474,5026.979554550,-3.596802350890,-3.788205613108,1.407801848258,5.410119680978,0.0000000000000000e+00,0.0000000000000000e+00,0.0000000000000000e+00,0.0000000000000000e+00,199.995594874473,0
QK1_STK_case_0001,17400.000000,2023-11-25T15:58:00Z,J2000,-4677131.044657998,-4812439.595421903,1134568.411727966,-1541.136621616916,-285.844985038834,-7490.261557855515,-4677862.196349634,-4812336.240503079,1129560.063838384,-1537.411493721026,-281.989135530891,-7491.309439930900,731.151691636,-103.354918823,5008.347889582,5062.490851203,-3.725127895890,-3.855849507943,1.047882075385,5.462802404678,0.0000000000000000e+00,0.0000000000000000e+00,0.0000000000000000e+00,0.0000000000000000e+00,199.995594874473,0
QK1_STK_case_0001,17460.000000,2023-11-25T15:59:00Z,J2000,-4758876.576168146,-4818616.509193271,682903.320571014,-1182.690532644069,80.014104236931,-7559.504933776214,-4759380.817435846,-4818280.264285547,677843.189066767,-1178.855044362588,83.917937609173,-7560.181433781113,504.241267699,-336.244907725,5060.131504247,5096.297747806,-3.835488281481,-3.903833372242,0.676500004899,5.514393675849,0.0000000000000000e+00,0.0000000000000000e+00,0.0000000000000000e+00,0.0000000000000000e+00,199.995594874473,0
QK1_STK_case_0001,17520.000000,2023-11-25T16:00:00Z,J2000,-4818947.653013003,-4802846.804394964,228118.787601515,-818.932480969240,445.428241488927,-7594.205412338535,-4819218.920975508,-4802275.390863592,223029.446475362,-815.005374667110,449.359991102338,-7594.501193263190,271.267962505,-571.413531373,5089.341126153,5128.498106626,-3.927106302130,-3.931749613411,0.295780924654,5.564917365620,0.0000000000000000e+00,0.0000000000000000e+00,0.0000000000000000e+00,0.0000000000000000e+00,199.995594874473,0
QK1_STK_case_0001,17580.000000,2023-11-25T16:01:00Z,J2000,-4857075.753743131,-4765207.642802488,-227707.505851623,-451.538898361357,808.716688619996,-7594.220204937986,-4857109.129372098,-4764399.994206778,-232802.987753358,-447.539527954658,812.656044419419,-7594.128105693565,33.375628966,-807.648595711,5095.481901736,5159.200131578,-3.999370406699,-3.939355799422,-0.092099244421,5.614442985305,0.0000000000000000e+00,0.0000000000000000e+00,0.0000000000000000e+00,0.0000000000000000e+00,199.995594874473,0
QK1_STK_case_0001,17640.000000,2023-11-25T16:02:00Z,J2000,-4873093.425250282,-4705876.684404587,-682494.239887372,-82.200730925580,1168.211708807499,-7559.570529680494,-4872885.165332288,-4704832.956614278,-687572.429087080,-78.148919530737,1172.138254223624,-7559.085552060199,-208.259917993,-1043.727790309,5078.189199707,5188.520544600,-4.051811394843,-3.926545416125,-0.484977620294,5.663050218430,0.0000000000000000e+00,0.0000000000000000e+00,0.0000000000000000e+00,0.0000000000000000e+00,199.995594874473,0
QK1_STK_case_0001,17700.000000,2023-11-25T16:03:00Z,J2000,-4866934.887834560,-4625131.057532239,-1134166.235964305,287.385176123819,1522.266689880591,-7490.439515205144,-4866482.449694514,-4623852.631621422,-1139203.463862582,291.469253803025,1526.160023346305,-7489.558824999944,-452.438140046,-1278.425910817,5037.227898277,5216.582979230,-4.084077679207,-3.893333465714,-0.880690205200,5.710810030335,0.0000000000000000e+00,0.0000000000000000e+00,0.0000000000000000e+00,0.0000000000000000e+00,199.995594874473,0
QK1_STK_case_0001,17760.000000,2023-11-25T16:04:00Z,J2000,-4838636.154623286,-4523345.866846077,-1580664.113279902,655.523893747228,1869.263612108214,-7387.170348820913,-4837938.213246792,-4521835.344211955,-1585636.605998898,659.619849836879,1873.103478699284,-7385.893261792879,-697.941376494,-1510.522634123,4972.492718995,5243.518344936,-4.095956089652,-3.839866591071,-1.277087028034,5.757810608447,0.0000000000000000e+00,0.0000000000000000e+00,0.0000000000000000e+00,0.0000000000000000e+00,199.995594874473,0
QK1_STK_case_0001,17820.000000,2023-11-25T16:05:00Z,J2000,-4788334.672046481,-4400992.253843719,-2019953.834578858,1020.530657452172,2207.620483638868,-7250.264182716618,-4787391.128839416,-4399253.444062945,-2024837.840477220,1024.618013593873,2211.386879137299,-7248.592119141375,-943.543207064,-1738.809780775,4884.005898361,5269.463620953,-4.087356141702,-3.766395498431,-1.672063575243,5.804137479364,0.0000000000000000e+00,0.0000000000000000e+00,0.0000000000000000e+00,0.0000000000000000e+00,199.995594874473,0
QK1_STK_case_0001,17880.000000,2023-11-25T16:06:00Z,J2000,-4716268.457451783,-4258635.022326029,-2450036.093089072,1380.739211472360,2535.798331990857,-7080.376943322718,-4715080.442490459,-4256672.925245699,-2454808.008103568,1384.797513392537,2539.471608854737,-7078.313398466865,-1188.014961324,-1962.097080330,4771.915014495,5294.561115573,-4.058301920177,-3.673276863880,-2.063544855853,5.849871346119,0.0000000000000000e+00,0.0000000000000000e+00,0.0000000000000000e+00,0.0000000000000000e+00,199.995594874473,0
QK1_STK_case_0001,17940.000000,2023-11-25T16:07:00Z,J2000,-4622774.753422503,-4096929.858856821,-2868955.486177937,1734.509547661612,2852.307825266082,-6878.315524701932,-4621344.620158092,-4094750.639583562,-2873591.976812651,1738.518490540749,2855.868802535208,-6875.866002435645,-1430.133264412,-2179.219273259,4636.490634714,5318.958845555,-4.008942879137,-3.560977269126,-2.449522266287,5.895111657336,0.0000000000000000e+00,0.0000000000000000e+00,0.0000000000000000e+00,0.0000000000000000e+00,199.995594874473,0
QK1_STK_case_0001,18000.000000,2023-11-25T16:08:00Z,J2000,-4508288.230985304,-3916620.146659898,-3274809.452603744,2080.235297297364,3155.716295479026,-6645.033659262860,-4506619.544191239,-3914231.105061349,-3279287.573683470,2084.174816895266,3159.146337149452,-6642.205599631820,-1668.686794064,-2389.041598548,4478.121079725,5342.808604186,-3.939519597902,-3.430041670427,-2.828059631040,5.939942912170,0.0000000000000000e+00,0.0000000000000000e+00,0.0000000000000000e+00,0.0000000000000000e+00,199.995594874473,0
QK1_STK_case_0001,18060.000000,2023-11-25T16:09:00Z,J2000,-4373338.745191202,-3718533.341897123,-3665756.933038158,2416.351300149277,3444.655208754964,-6381.626666559107,-4371436.263926415,-3715942.877137111,-3670054.242885227,2420.201681062529,3447.936341951150,-6378.429391299803,-1902.481264788,-2590.464760012,4297.309847069,5366.266351705,-3.850380913252,-3.281133196186,-3.197275259304,5.984466334771,0.0000000000000000e+00,0.0000000000000000e+00,0.0000000000000000e+00,0.0000000000000000e+00,199.995594874473,0
QK1_STK_case_0001,18120.000000,2023-11-25T16:10:00Z,J2000,-4218548.637461539,-3503576.917336253,-4040026.664188206,2741.341018272009,3717.826866368227,-6089.324479319361,-4216418.290309588,-3500794.484529498,-4044121.333402803,2745.082995070865,3720.941856169239,-6085.769049942808,-2130.347151951,-2782.432806755,4094.669214596,5389.492303445,-3.741976798857,-3.114989801012,-3.555429376553,6.028816623123,0.0000000000000000e+00,0.0000000000000000e+00,0.0000000000000000e+00,0.0000000000000000e+00,199.995594874473,0
QK1_STK_case_0001,18180.000000,2023-11-25T16:11:00Z,J2000,-4044629.618550012,-3272733.954484049,-4395925.025171774,3053.742987756523,3974.009362959957,-5769.484024496366,-4042278.475259324,-3269770.020152215,-4399795.938158641,3057.357802263350,3976.941748717926,-5765.583171771987,-2351.143290689,-2963.934331834,3870.912986867,5412.647120279,-3.614814506827,-2.932385757970,-3.900852724380,6.073089998478,0.0000000000000000e+00,0.0000000000000000e+00,0.0000000000000000e+00,0.0000000000000000e+00,199.995594874473,0
QK1_STK_case_0001,18240.000000,2023-11-25T16:12:00Z,J2000,-3852379.290937871,-3027058.472149179,-4731843.447648352,3352.156579371572,4212.060756246746,-5423.582376266445,-3849815.529397922,-3023924.465355533,-4735470.300736324,3355.626066474090,4214.794925165361,-5419.350408866030,-2563.761539949,-3134.006793645,3626.853087972,5435.893223572,-3.469487102518,-2.734168918615,-4.231967400415,6.117398835145,0.0000000000000000e+00,0.0000000000000000e+00,0.0000000000000000e+00,0.0000000000000000e+00,199.995594874473,0
QK1_STK_case_0001,18300.000000,2023-11-25T16:13:00Z,J2000,-3642677.323376621,-2767670.493793288,-5046265.423734928,3635.247872821666,4430.923617246351,-5053.209916114082,-3639910.191912601,-2764378.753757366,-5049628.816250178,3638.554521512106,4433.444843662796,-5048.662610352068,-2767.131464020,-3291.740035922,3363.392515249,5459.393575746,-3.306648690440,-2.521226416445,-4.547305762014,6.161858315331,0.0000000000000000e+00,0.0000000000000000e+00,0.0000000000000000e+00,0.0000000000000000e+00,199.995594874473,0
QK1_STK_case_0001,18360.000000,2023-11-25T16:14:00Z,J2000,-3416481.272383148,-2495750.839216139,-5337773.072129190,3901.755448154357,4629.629511176907,-4660.062403946604,-3413521.049070624,-2492314.561263148,-5340854.591825110,3904.882456697768,4631.923994788825,-4655.216920373358,-2960.223312524,-3436.277952990,3081.519695920,5483.310301867,-3.127008543411,-2.294483611918,-4.845483573246,6.206573010488,0.0000000000000000e+00,0.0000000000000000e+00,0.0000000000000000e+00,0.0000000000000000e+00,199.995594874473,0
QK1_STK_case_0001,18420.000000,2023-11-25T16:15:00Z,J2000,-3174822.074302875,-2212535.672450387,-5605053.201146974,4150.495526319893,4807.302584135041,-4245.932273097455,-3171680.022477888,-2208968.850998965,-5607835.504397586,4153.426862761951,4809.357494606750,-4240.807046335683,-3142.051824987,-3566.821451423,2782.303250612,5507.805036092,-2.931336442058,-2.054910471710,-5.125226761773,6.251666957131,0.0000000000000000e+00,0.0000000000000000e+00,0.0000000000000000e+00,0.0000000000000000e+00,199.995594874473,0
QK1_STK_case_0001,18480.000000,2023-11-25T16:16:00Z,J2000,-2918799.250042044,-1919310.860254521,-5846902.848895658,4380.366439353381,4963.162369765774,-3812.699990520389,-2915487.571112953,-1915628.230127227,-5849369.733355128,4383.086866885760,4964.965852030782,-3807.314622750079,-3311.678929091,-3682.630127295,2466.884459471,5533.037223824,-2.720427532379,-1.803482265008,-5.385367770310,6.297258154198,0.0000000000000000e+00,0.0000000000000000e+00,0.0000000000000000e+00,0.0000000000000000e+00,199.995594874473,0
QK1_STK_case_0001,18540.000000,2023-11-25T16:17:00Z,J2000,-2649575.854245479,-1617406.169739180,-6062234.307863386,4590.352713466954,5096.526423212418,-3362.325443341077,-2646107.639074483,-1613623.147394153,-6064370.781139269,4592.847836623575,5098.067628034432,-3356.700641500552,-3468.215170996,-3783.022345027,2136.473275882,5559.162940035,-2.495123156621,-1.541204822014,-5.624801840525,6.343449189146,0.0000000000000000e+00,0.0000000000000000e+00,0.0000000000000000e+00,0.0000000000000000e+00,199.995594874473,0
QK1_STK_case_0001,18600.000000,2023-11-25T16:18:00Z,J2000,-2368373.193929033,-1308189.313225667,-6250079.620006546,4779.528591821123,5206.812687496940,-2896.838826677867,-2364762.370864965,-1304321.935039497,-6251871.961867046,4781.784879187980,5208.081788843812,-2890.996272092379,-3610.823064068,-3867.378186170,1792.341860500,5586.335702388,-2.256287366857,-1.269101346872,-5.842554585488,6.390375184203,0.0000000000000000e+00,0.0000000000000000e+00,0.0000000000000000e+00,0.0000000000000000e+00,199.995594874473,0
QK1_STK_case_0001,18660.000000,2023-11-25T16:19:00Z,J2000,-2076465.363410613,-993059.875643183,-6409594.519847557,4947.060615792017,5293.540960279099,-2418.331622028454,-2072726.647095213,-989124.737408483,-6411030.338714251,4949.065400496743,5294.529144366774,-2412.293922899593,-3738.716315401,-3935.138234700,1435.818866695,5614.702880046,-2.004784704725,-0.988184087674,-6.037699128861,6.438127078125,0.0000000000000000e+00,0.0000000000000000e+00,0.0000000000000000e+00,0.0000000000000000e+00,199.995594874473,0
QK1_STK_case_0001,18720.000000,2023-11-25T16:20:00Z,J2000,-1775173.636854102,-673443.173586275,-6540061.869329385,5092.210058435348,5356.333927346725,-1928.948670799315,-1771322.474889120,-669457.368822216,-6541130.156723355,5093.951582037406,5357.033421038072,-1922.739297256263,-3851.161964982,-3985.804764059,1068.287393970,5644.406616628,-1.741523602058,-0.699493691347,-6.209373543052,6.486795486055,0.0000000000000000e+00,0.0000000000000000e+00,0.0000000000000000e+00,0.0000000000000000e+00,199.995594874473,0
QK1_STK_case_0001,18780.000000,2023-11-25T16:21:00Z,J2000,-1465860.692048061,-350784.041770166,-6640894.625939404,5214.336093068117,5394.918545776643,-1430.880203790570,-1461913.209644397,-346765.098961743,-6641585.805046705,5215.803520476649,5395.322616313060,-1424.523401542332,-3947.482403664,-4018.942808423,691.179107302,5675.583422255,-1.467427408532,-0.404070536418,-6.356802248238,6.536478487758,0.0000000000000000e+00,0.0000000000000000e+00,0.0000000000000000e+00,0.0000000000000000e+00,199.995594874473,0
QK1_STK_case_0001,18840.000000,2023-11-25T16:22:00Z,J2000,-1149924.638670112,-26540.536777178,-6711638.290490962,5312.898909107667,5409.127254195231,-926.352422335428,-1145897.583191509,-22506.357195615,-6711944.261213139,5314.082348977081,5409.230217197029,-919.873167060093,-4027.055478603,-4034.179581563,305.970722177,5708.362182524,-1.183439869414,-0.102963001797,-6.479255275335,6.587251340826,0.0000000000000000e+00,0.0000000000000000e+00,0.0000000000000000e+00,0.0000000000000000e+00,199.995594874473,0
QK1_STK_case_0001,18900.000000,2023-11-25T16:23:00Z,J2000,-828792.896779237,297822.402234938,-6751972.758688456,5387.461470926116,5398.898132836621,-417.617294744855,-824703.579794917,301853.608343171,-6751886.939577064,5388.352009726762,5398.695371973117,-411.041203155635,-4089.316984320,-4031.206108233,-85.819111393,5742.865226103,-0.890538800646,0.202760863504,-6.576091589220,6.639213199848,0.0000000000000000e+00,0.0000000000000000e+00,0.0000000000000000e+00,0.0000000000000000e+00,199.995594874473,0
QK1_STK_case_0001,18960.000000,2023-11-25T16:24:00Z,J2000,-503916.011749407,620839.273919649,-6761713.584332040,5437.690016092546,5364.274235322705,93.056608242410,-499782.250708617,624849.050836075,-6761230.948054714,5438.279697638403,5363.762180523531,99.703341440982,-4133.761040789,-4009.776916426,-482.636277326,5779.206609738,-0.589681545858,0.512054799174,-6.646733198572,6.692457445205,0.0000000000000000e+00,0.0000000000000000e+00,0.0000000000000000e+00,0.0000000000000000e+00,199.995594874473,0
QK1_STK_case_0001,19020.000000,2023-11-25T16:25:00Z,J2000,-176761.441567401,941050.297813723,-6740812.736664626,5463.354743463330,5305.403198482098,603.391935858267,-172601.502213965,945020.007378152,-6739929.844844478,5463.636595019419,5304.579349556371,610.082549182119,-4159.939353436,-3969.709564429,-882.891820148,5817.489786521,-0.281851556090,0.823848925727,-6.690613323853,6.747034459776,0.0000000000000000e+00,0.0000000000000000e+00,0.0000000000000000e+00,0.0000000000000000e+00,199.995594874473,0
QK1_STK_case_0001,19080.000000,2023-11-25T16:26:00Z,J2000,151192.723390461,1257007.691757092,-6689358.886398061,5464.331321432319,5222.537335423440,1111.110843551564,155360.187551362,1260918.578652886,-6688073.921736759,5464.299390396717,5221.400285469186,1117.818077026107,-4167.464160901,-3910.886895793,-1284.964661302,5857.809148895,0.031931035601,1.137049954254,-6.707233474543,6.803005444033,0.0000000000000000e+00,0.0000000000000000e+00,0.0000000000000000e+00,0.0000000000000000e+00,199.995594874473,0
QK1_STK_case_0001,19140.000000,2023-11-25T16:27:00Z,J2000,478464.126130635,1567281.940175375,-6607577.153038670,5440.601905681403,5116.032995527064,1613.944473666500,482620.135401661,1571115.197602755,-6605889.947355632,5440.251274749883,5114.582437800150,1620.640620889763,-4156.009271026,-3833.257427381,-1687.205683038,5900.249027143,0.350630931520,1.450557726915,-6.696147223263,6.860426182452,0.0000000000000000e+00,0.0000000000000000e+00,0.0000000000000000e+00,0.0000000000000000e+00,199.995594874473,0
QK1_STK_case_0001,19200.000000,2023-11-25T16:28:00Z,J2000,803572.533408279,1870467.991437563,-6495828.291451759,5392.255100663791,4986.349034125873,2109.641869864120,807697.844715666,1874204.827624703,-6493740.351393972,5391.581913813582,4984.585780536445,2116.298817620352,-4125.311307387,-3736.836187141,-2087.940057787,5944.882821157,0.673186850209,1.763253589428,-6.656947756231,6.919335024778,0.0000000000000000e+00,0.0000000000000000e+00,0.0000000000000000e+00,0.0000000000000000e+00,199.995594874473,0
QK1_STK_case_0001,19260.000000,2023-11-25T16:29:00Z,J2000,1125046.221607719,2165191.366013757,-6354607.378025527,5319.486042073788,4834.045505525253,2595.977939732159,1129121.393249824,2168813.072139869,-6352121.908210807,5318.487541052680,4831.971513957394,2602.567210768695,-4075.171642105,-3621.706126112,-2485.469814721,5991.772640582,0.998501021107,2.073991567860,-6.589271036536,6.979752008893,0.0000000000000000e+00,0.0000000000000000e+00,0.0000000000000000e+00,0.0000000000000000e+00,199.995594874473,0
QK1_STK_case_0001,19320.000000,2023-11-25T16:30:00Z,J2000,1441428.389123415,2450114.201203583,-6184542.006099950,5222.597104800985,4659.782722149204,3070.762134434400,1445433.847980371,2453602.221114583,-6181663.929249588,5221.271674244381,4657.401128573762,3077.254945526367,-4005.458856956,-3488.019911000,-2878.076850361,6040.969285710,1.325430556604,2.381593575443,-6.492811091966,7.041686587383,0.0000000000000000e+00,0.0000000000000000e+00,0.0000000000000000e+00,0.0000000000000000e+00,199.995594874473,0
QK1_STK_case_0001,19380.000000,2023-11-25T16:31:00Z,J2000,1751283.601092447,2723941.220294787,-5986389.911996776,5101.998041447201,4464.319494745702,3531.848664699374,1755199.712472406,2727277.222029097,-5983125.885162670,5100.345252013895,4461.634641289604,3538.216002119214,-3916.111379960,-3336.001734311,-3264.026834107,6092.512378760,1.652789433306,2.684853456098,-6.367337419841,7.105148612779,0.0000000000000000e+00,0.0000000000000000e+00,0.0000000000000000e+00,0.0000000000000000e+00,199.995594874473,0
QK1_STK_case_0001,19440.000000,2023-11-25T16:32:00Z,J2000,2053204.195674720,2985425.553653424,-5761035.978237640,4958.204505349535,4248.509980610086,3977.146714669851,2057011.335541920,2988591.502479943,-5757394.404244662,4956.225143594326,4245.527432435309,3983.359415377045,-3807.139867200,-3165.948826520,-3641.573992978,6146.430434561,1.979361755208,2.982548174777,-6.212700707194,7.170154576438,0.0000000000000000e+00,0.0000000000000000e+00,0.0000000000000000e+00,0.0000000000000000e+00,199.995594874473,0
QK1_STK_case_0001,19500.000000,2023-11-25T16:33:00Z,J2000,2345816.569562824,3233374.353858654,-5509488.669192377,4791.835759366548,4013.300238612260,4404.628985288210,2349495.198051242,3236352.585985092,-5505479.703629200,4789.531853726467,4010.026805561098,4410.657787607887,-3678.628488418,-2978.232126437,-4008.965563177,6202.739639989,2.303905640082,3.273433051162,-6.028802319677,7.236698318196,0.0000000000000000e+00,0.0000000000000000e+00,0.0000000000000000e+00,0.0000000000000000e+00,199.995594874473,0
QK1_STK_case_0001,19560.000000,2023-11-25T16:34:00Z,J2000,2627787.342570968,3466654.228692111,-5232875.987452445,4603.613166567124,3759.725712742017,4812.339570588294,2631318.080415845,3469427.527685124,-5228511.542927714,4600.988052108805,3756.169503272571,4818.155190543841,-3530.737844877,-2773.298993014,-4364.444524731,6261.443367416,2.625114458318,3.556209469446,-5.815619955547,7.304744155493,0.0000000000000000e+00,0.0000000000000000e+00,0.0000000000000000e+00,0.0000000000000000e+00,199.995594874473,0
QK1_STK_case_0001,19620.000000,2023-11-25T16:35:00Z,J2000,2897829.452533156,3684196.533448296,-4932440.916307896,4394.359010613309,3488.908653078249,5198.403417584104,2901193.161091425,3686748.209213928,-4927734.660343262,4391.417379205543,3485.079106894195,5203.976660400684,-3363.708558269,-2551.675765633,-4706.255964634,6322.533486075,2.941631407767,3.829546184055,-5.573242816579,7.374256220631,0.0000000000000000e+00,0.0000000000000000e+00,0.0000000000000000e+00,0.0000000000000000e+00,199.995594874473,0
QK1_STK_case_0001,19680.000000,2023-11-25T16:36:00Z,J2000,3154708.143183414,3885002.463100751,-4609536.256355310,4164.993972414033,3202.053971349601,5561.036673495856,3157886.006998168,3887316.432385801,-4604503.602575242,4161.741911730857,3197.961880373904,5566.338549217635,-3177.863814753,-2313.969285050,-5032.653780068,6385.990631633,3.252060683176,4.092090975698,-5.301875721779,7.445199353250,0.0000000000000000e+00,0.0000000000000000e+00,0.0000000000000000e+00,0.0000000000000000e+00,199.995594874473,0
QK1_STK_case_0001,19740.000000,2023-11-25T16:37:00Z,J2000,3397246.754836764,4068147.853490870,-4265618.865372312,3916.533221021821,2900.443852185630,5898.556056283135,3400220.366427464,4070208.721499590,-4260276.957748096,3912.978248329785,2896.101375189635,5903.557897332189,-2973.611590701,-2060.868008720,-5341.907624216,6451.784242159,3.554972692036,4.342476995995,-5.001841049054,7.517536244134,0.0000000000000000e+00,0.0000000000000000e+00,0.0000000000000000e+00,0.0000000000000000e+00,199.995594874473,0
QK1_STK_case_0001,19800.000000,2023-11-25T16:38:00Z,J2000,3624332.266583140,4232787.650287870,-3902243.377043222,3650.082189608620,2585.432189409324,6209.386949458727,3627083.713241145,4234580.793068672,-3896611.066935841,3646.233284972833,2580.852863911941,6214.060530372560,-2751.446658005,-1793.142780801,-5632.310107381,6519.872459633,3.848904635788,4.579325497383,-4.673580913833,7.591221737277,0.0000000000000000e+00,0.0000000000000000e+00,0.0000000000000000e+00,0.0000000000000000e+00,199.995594874473,0
QK1_STK_case_0001,19860.000000,2023-11-25T16:39:00Z,J2000,3834920.589937335,4378160.047320938,-3521055.446406675,3366.832502733416,2258.439092600277,6492.071247894395,3837432.542585456,4379671.694888444,-3515153.262237321,3362.700147896520,2253.637849681062,6496.388915709364,-2511.952648121,-1511.647567507,-5902.184169354,6590.202003256,4.132354836896,4.801242919215,-4.317667814969,7.666194977155,0.0000000000000000e+00,0.0000000000000000e+00,0.0000000000000000e+00,0.0000000000000000e+00,199.995594874473,0
QK1_STK_case_0001,19920.000000,2023-11-25T16:40:00Z,J2000,4028041.609326871,4503590.284293355,-3123784.519207999,3068.057483846540,1920.944931624089,6745.275353423023,4030297.413726652,4504807.604527859,-3117634.627569555,3063.653694662058,1915.938099777774,6749.210182890284,-2255.804399781,-1217.320234504,-6149.891638443,6662.708849110,4.403789184483,5.006831846316,-3.934829467260,7.742390280467,0.0000000000000000e+00,0.0000000000000000e+00,0.0000000000000000e+00,0.0000000000000000e+00,199.995594874473,0
QK1_STK_case_0001,19980.000000,2023-11-25T16:41:00Z,J2000,4202803.928665750,4608494.069052401,-2712236.132975604,2755.106856090049,1574.483841021835,6967.797635293546,4204787.697933606,4609405.251185035,-2705862.290350650,2750.445199451571,1569.289138939010,6971.323578974072,-1983.769267857,-911.182132634,-6373.842624954,6737.318694749,4.661656638478,5.194702082825,-3.525943680526,7.819734725847,0.0000000000000000e+00,0.0000000000000000e+00,0.0000000000000000e+00,0.0000000000000000e+00,199.995594874473,0
QK1_STK_case_0001,20040.000000,2023-11-25T16:42:00Z,J2000,4358399.285087835,4692380.605894963,-2288283.792620496,2429.401032298221,1220.637121869899,7158.575290443257,4360095.993453231,4692974.943994232,-2281711.287833722,2424.496646329817,1215.273654392207,7161.667350285581,-1696.708365396,-594.338099268,-6572.504786774,6813.947183946,4.904385968404,5.363467477692,-3.092059842325,7.898140235514,0.0000000000000000e+00,0.0000000000000000e+00,0.0000000000000000e+00,0.0000000000000000e+00,199.995594874473,0
QK1_STK_case_0001,20100.000000,2023-11-25T16:43:00Z,J2000,4494106.607195366,4754855.215031215,-1853860.434723551,2092.424851520027,861.026028421017,7316.691178438623,4495502.184291225,4755123.190249668,-1847116.020311991,2087.294442434319,855.514252464089,7319.325590803957,-1395.577095858,-267.975218452,-6744.414411560,6892.501135513,5.130409085708,5.511775956928,-2.634412365334,7.977524684808,0.0000000000000000e+00,0.0000000000000000e+00,0.0000000000000000e+00,0.0000000000000000e+00,199.995594874473,0
QK1_STK_case_0001,20160.000000,2023-11-25T16:44:00Z,J2000,4609295.668218880,4795621.484450766,-1410949.500904839,1745.720370678772,497.303456924709,7441.379781439359,4610377.092681763,4795554.844681093,-1404061.313841189,1740.382197643283,491.665133305480,7443.534191079135,-1081.424462883,66.639769672,-6888.187063650,6972.878942852,5.338173035490,5.638323619229,-2.154409639776,8.057807734611,0.0000000000000000e+00,0.0000000000000000e+00,0.0000000000000000e+00,0.0000000000000000e+00,199.995594874473,0
QK1_STK_case_0001,20220.000000,2023-11-25T16:45:00Z,J2000,4703430.292067044,4814482.909738398,-961575.705829698,1390.879328212450,131.145384018677,7532.031444732856,4704185.684263892,4814074.746365246,-954573.177806436,1385.353184680225,125.403523776025,7533.685081129917,-755.392196847,408.163373152,-7002.528023262,7054.970831039,5.526143532225,5.741860242652,-1.653636397061,8.138902550011,0.0000000000000000e+00,0.0000000000000000e+00,0.0000000000000000e+00,0.0000000000000000e+00,199.995594874473,0
QK1_STK_case_0001,20280.000000,2023-11-25T16:46:00Z,J2000,4776071.117954133,4811344.037556112,-507795.583073088,1029.535983394152,-235.757092862490,7588.195772010197,4776489.831221379,4810588.858596574,-500709.339923642,1023.843169482389,-241.578290376261,7589.329629211646,-418.713267246,755.178959538,-7086.243149445,7138.659400347,5.692813911763,5.821197513771,-1.133857201449,8.220711823290,0.0000000000000000e+00,0.0000000000000000e+00,0.0000000000000000e+00,0.0000000000000000e+00,199.995594874473,0
QK1_STK_case_0001,20340.000000,2023-11-25T16:47:00Z,J2000,4826877.934882304,4786211.136932886,-51687.818124525,663.359758865833,-601.705721099870,7609.585414731359,4826950.644846315,4785104.936282306,-44549.568261152,657.523044202721,-607.580938036121,7610.182449559049,-72.709964011,1106.200650580,-7138.249863373,7223.820161809,5.836714663112,5.875216936251,-0.597034827689,8.303123670769,0.0000000000000000e+00,0.0000000000000000e+00,0.0000000000000000e+00,0.0000000000000000e+00,199.995594874473,0
QK1_STK_case_0001,20400.000000,2023-11-25T16:48:00Z,J2000,4855611.536876814,4739192.361816855,404656.643555211,294.046467999138,-965.004209679355,7596.079491368808,4855330.327670810,4737732.683434835,411814.233423030,288.090011154039,-970.907121834533,7596.124831447612,281.209206004,1459.678382020,-7157.589867819,7310.323680411,5.956456845099,5.902912155178,-0.045340078804,8.386048281641,0.0000000000000000e+00,0.0000000000000000e+00,0.0000000000000000e+00,0.0000000000000000e+00,199.995594874473,0
QK1_STK_case_0001,20460.000000,2023-11-25T16:49:00Z,J2000,4862135.009656474,4670497.339772460,859144.628751700,-76.691658584935,-1323.967972065313,7547.724493762161,4861493.453948630,4668683.334114083,866288.068286886,-82.742407084818,-1329.871364428768,7547.205585951559,641.555707844,1814.005658377,-7143.439535185,7398.036134525,6.050748499883,5.903392363455,0.518907810601,8.469407542540,0.0000000000000000e+00,0.0000000000000000e+00,0.0000000000000000e+00,0.0000000000000000e+00,199.995594874473,0
QK1_STK_case_0001,20520.000000,2023-11-25T16:50:00Z,J2000,4846414.427763699,4580436.207045434,1309690.740463147,-447.135334944265,-1676.932552189693,7464.732857765899,4845407.661674587,4578268.681542493,1316785.859861236,-453.253733611456,-1682.808431941309,7463.639632148292,1006.766089112,2167.525502941,-7095.119398089,7486.819353853,6.118398667190,5.875879751616,1.093225617607,8.553122667022,0.0000000000000000e+00,0.0000000000000000e+00,0.0000000000000000e+00,0.0000000000000000e+00,199.995594874473,0
QK1_STK_case_0001,20580.000000,2023-11-25T16:51:00Z,J2000,4808519.021820226,4469418.181005605,1754227.272392846,-815.566737107028,-2022.260935994670,7347.481715954776,4807143.812725583,4466899.642821753,1761239.375804150,-821.725066489655,-2028.080654742969,7345.806725805352,1375.209094643,2518.538183851,-7012.103411304,7576.531454982,6.158329382627,5.819718748299,1.674990149423,8.637114048969,0.0000000000000000e+00,0.0000000000000000e+00,0.0000000000000000e+00,0.0000000000000000e+00,199.995594874473,0
QK1_STK_case_0001,20640.000000,2023-11-25T16:52:00Z,J2000,4748620.824815482,4337949.676830289,2190714.062490319,-1180.278525636254,-2358.351703353902,7196.511726370193,4746875.632950610,4335084.368622352,2197608.089710962,-1186.448101086005,-2364.086087450257,7194.250309694642,1745.191864872,2865.308207936,-6894.027220642,7667.026613404,6.169575449751,5.734384096355,2.261416675552,8.721285890003,0.0000000000000000e+00,0.0000000000000000e+00,0.0000000000000000e+00,0.0000000000000000e+00,199.995594874473,0
QK1_STK_case_0001,20700.000000,2023-11-25T16:53:00Z,J2000,4666993.764247413,4186631.901658250,2617148.211123308,-1539.582940546157,-2683.647966695901,7012.523450132441,4664878.796077994,4183425.827731936,2623888.909299169,-1545.734270172515,-2689.267504871465,7009.673851531070,2114.968169419,3206.073926314,-6740.698175862,7758.157788851,6.151329626358,5.619538175565,2.849598601371,8.805582187889,0.0000000000000000e+00,0.0000000000000000e+00,0.0000000000000000e+00,0.0000000000000000e+00,199.995594874473,0
QK1_STK_case_0001,20760.000000,2023-11-25T16:54:00Z,J2000,4564012.261979670,4016157.944505823,3031573.508652544,-1891.818916455389,-2996.644977394456,6796.371782603442,4561529.514454570,4012618.885821690,3038125.608053209,-1897.921812663073,-3002.119971310143,6792.935201850698,2482.747525100,3539.058684133,-6552.099400665,7849.775678280,6.102896207684,5.474993915688,3.436580752743,8.889937444589,0.0000000000000000e+00,0.0000000000000000e+00,0.0000000000000000e+00,0.0000000000000000e+00,199.995594874473,0
QK1_STK_case_0001,20820.000000,2023-11-25T16:55:00Z,J2000,4440149.464173080,3827309.463973575,3432089.563203348,-2235.357719294564,-3295.896170904504,6549.062005637576,4437302.764468561,3823446.986111577,3438417.957772528,-2241.381382222877,-3301.196856841143,6545.042747348590,2846.699704520,3862.477861998,-6328.394569180,7941.726025580,6.023662928313,5.300685936639,4.019258288987,8.974197661429,0.0000000000000000e+00,0.0000000000000000e+00,0.0000000000000000e+00,0.0000000000000000e+00,199.995594874473,0
QK1_STK_case_0001,20880.000000,2023-11-25T16:56:00Z,J2000,4295975.087363445,3620952.999055099,3816860.770034466,-2568.610677030141,-3580.020099215019,6271.748104050917,4292770.124235321,3616778.450344739,3822930.710138653,-2574.523913912014,-3585.116868747561,6267.153761323844,3204.963128124,4174.548710359,-6069.940104187,8033.854520479,5.913236881873,5.096769532542,4.594342727073,9.058223621815,0.0000000000000000e+00,0.0000000000000000e+00,0.0000000000000000e+00,0.0000000000000000e+00,199.995594874473,0
QK1_STK_case_0001,20940.000000,2023-11-25T16:57:00Z,J2000,4132152.685007278,3398035.798750918,4184125.134407657,-2890.040661457886,-3847.709469121234,5965.728611073367,4128597.022680272,3393562.292467134,4189902.425814294,-2895.812177987726,-3852.573122155417,5960.570056330110,3555.662327006,4473.506283784,-5777.291406636,8126.013109264,5.771516529840,4.863653034183,5.158554743256,9.142002566742,0.0000000000000000e+00,0.0000000000000000e+00,0.0000000000000000e+00,0.0000000000000000e+00,199.995594874473,0
QK1_STK_case_0001,21000.000000,2023-11-25T16:58:00Z,J2000,3949436.199608377,3159581.108309199,4532202.659285895,-3198.173375432335,-4097.739468465750,5632.435925810682,3945539.279421702,3154823.494032852,4537653.855621123,-3203.771921358804,-4102.341362813134,5626.727272548460,3896.920186675,4757.614276347,-5451.196335228,8218.054637748,5.598545926469,4.601894347384,5.708653262221,9.225501078182,0.0000000000000000e+00,0.0000000000000000e+00,0.0000000000000000e+00,0.0000000000000000e+00,199.995594874473,0
QK1_STK_case_0001,21060.000000,2023-11-25T16:59:00Z,J2000,3748665.989508857,2906683.072194493,4859502.967683909,-3491.602955889881,-4328.971941703914,5273.423055108215,3744439.121429509,2901657.896096584,4864595.566929134,-3496.997538745268,-4333.284200940026,5267.181614544475,4226.868079348,5025.176097909,-5092.599245224,8309.836078267,5.394582855387,4.312259236112,6.241440563739,9.308742354033,0.0000000000000000e+00,0.0000000000000000e+00,0.0000000000000000e+00,0.0000000000000000e+00,199.995594874473,0
QK1_STK_case_0001,21120.000000,2023-11-25T17:00:00Z,J2000,3530764.671594971,2640501.476452111,5164532.251598301,-3768.993641412118,-4540.357426491935,4890.355050679710,3526221.014732542,2635226.931242610,5169234.884253654,-3774.153607429854,-4544.353049091435,4883.601276907358,4543.656862430,5274.545209501,-4702.632655352,8401.214123075,5.159966017736,3.995622599499,6.753773772352,9.391682992410,0.0000000000000000e+00,0.0000000000000000e+00,0.0000000000000000e+00,0.0000000000000000e+00,199.995594874473,0
QK1_STK_case_0001,21180.000000,2023-11-25T17:01:00Z,J2000,3296732.822043771,2362256.326143854,5445899.852866306,-4029.083564013138,-4730.938922880840,4485.004388581485,3291887.361113817,2356752.194198648,5450182.473105811,-4033.978762172499,-4734.591969419091,4477.761970377560,4845.460929954,5504.131945206,-4282.620239504,8492.043111629,4.895198159361,3.653046538251,7.242418203925,9.474193130320,0.0000000000000000e+00,0.0000000000000000e+00,0.0000000000000000e+00,0.0000000000000000e+00,199.995594874473,0
QK1_STK_case_0001,21240.000000,2023-11-25T17:02:00Z,J2000,3047644.328434275,2073222.137430842,5702324.531138715,-4270.692238114468,-4899.857237614832,4059.244371977580,3042513.835075310,2067509.719458796,5706158.610947060,-4275.293310035950,-4903.143073890301,4051.540176837657,5130.493358965,5712.417972046,-3834.079808345,8582.182075119,4.601071921481,3.285836275468,7.704195139923,9.556212932425,0.0000000000000000e+00,0.0000000000000000e+00,0.0000000000000000e+00,0.0000000000000000e+00,199.995594874473,0
QK1_STK_case_0001,21300.000000,2023-11-25T17:03:00Z,J2000,2784641.276350299,1774721.938588404,5932640.206681882,-4492.727856466834,-5046.354949745595,3615.038432440746,2779244.254136872,1768823.969980133,5935998.921072267,-4497.006443708515,-5049.250397280211,3606.902333791136,5397.022213427,5897.968608272,-3358.714390385,8671.496112700,4.278587241681,2.895447534616,8.136098649610,9.637739695934,0.0000000000000000e+00,0.0000000000000000e+00,0.0000000000000000e+00,0.0000000000000000e+00,199.995594874473,0
QK1_STK_case_0001,21360.000000,2023-11-25T17:04:00Z,J2000,2508928.493008826,1468121.103158161,6135801.025403248,-4694.191264181352,-5169.778192236985,3154.428960086999,2503285.113740622,1462061.663272006,6138659.429441685,-4698.120143839585,-5172.261665190491,3145.893756735312,5643.379268205,6059.439886155,-2858.404038437,8759.852449995,3.928879658233,2.483472953506,8.535203351688,9.718715426142,0.0000000000000000e+00,0.0000000000000000e+00,0.0000000000000000e+00,0.0000000000000000e+00,199.995594874473,0
QK1_STK_case_0001,21420.000000,2023-11-25T17:05:00Z,J2000,2221767.918388810,1154821.085645088,6310885.821420849,-4874.178267812036,-5269.578561867443,2679.528539545542,2215899.948451528,1148625.495926973,6313221.024416366,-4877.731562857814,-5271.630285422346,2670.629857376131,5867.969937282,6195.589718115,-2335.202995516,8847.122479673,3.553295045778,2.051723554904,8.898682169411,9.799082588707,0.0000000000000000e+00,0.0000000000000000e+00,0.0000000000000000e+00,0.0000000000000000e+00,199.995594874473,0
QK1_STK_case_0001,21480.000000,2023-11-25T17:06:00Z,J2000,1924472.809224197,836253.000824275,6457102.079507710,-5031.883278136020,-5345.316375966381,2192.511263035385,1918403.522190656,829947.711132788,6458893.406851462,-5035.036625165852,-5346.918514379693,2183.287346390587,6069.287033541,6305.289691487,-1791.327343752,8933.184025954,3.153347029833,1.602138413312,9.223916644798,9.878819932368,0.0000000000000000e+00,0.0000000000000000e+00,0.0000000000000000e+00,0.0000000000000000e+00,199.995594874473,0
QK1_STK_case_0001,21540.000000,2023-11-25T17:07:00Z,J2000,1618401.695137696,513871.026532639,6573789.292753812,-5166.603267550929,-5396.662551332147,1695.601263268390,1612155.776882645,507483.494769243,6575018.440429550,-5169.334007270252,-5397.799381243442,1686.092834463532,6245.918255051,6387.531763396,-1229.147675737,9017.918877765,2.730739719324,1.136829911295,9.508428804858,9.957888330312,0.0000000000000000e+00,0.0000000000000000e+00,0.0000000000000000e+00,0.0000000000000000e+00,199.995594874473,0
QK1_STK_case_0001,21600.000000,2023-11-25T17:08:00Z,J2000,1304952.161324498,189145.788766533,6660421.617345089,-5277.739546110199,-5423.397631311798,1191.061601729533,1298555.601702741,182704.350174408,6661072.792427288,-5280.026876640073,-5424.055622869116,1181.311605389115,6396.559621757,6441.438592124,-651.175082199,9101.216134039,2.287330529875,0.657991557317,9.749996340418,10.036297249512,0.0000000000000000e+00,0.0000000000000000e+00,0.0000000000000000e+00,0.0000000000000000e+00,199.995594874473,0
QK1_STK_case_0001,21660.000000,2023-11-25T17:09:00Z,J2000,985554.565554733,-136442.176996736,6716609.954090447,-5364.798606641238,-5425.410765330586,681.186198900962,979034.544269277,-142908.442890188,6716670.003400140,-5366.623694711084,-5425.578669653843,671.239684300319,6520.021285455,6466.265893452,-60.049309693,9182.966736693,1.825088069846,0.167904323256,9.946514600643,10.113965148510,0.0000000000000000e+00,0.0000000000000000e+00,0.0000000000000000e+00,0.0000000000000000e+00,199.995594874473,0
QK1_STK_case_0001,21720.000000,2023-11-25T17:10:00Z,J2000,661665.670006919,-461408.968182399,6742103.585911252,-5427.394293969830,-5402.700904570655,168.292490159348,655050.432710086,-467870.380121339,6741562.118948332,-5428.740490531518,-5402.369953049875,158.196422697173,6615.237296833,6461.411938940,541.466962920,9263.066188365,1.346196561688,-0.330951520779,10.096067462175,10.190797431634,0.0000000000000000e+00,0.0000000000000000e+00,0.0000000000000000e+00,0.0000000000000000e+00,199.995594874473,0
QK1_STK_case_0001,21780.000000,2023-11-25T17:11:00Z,J2000,334762.106839061,-784273.963834377,6736791.300391913,-5465.250899120131,-5355.378679937415,-345.288830253300,328080.828450280,-790700.391532950,6735640.792934305,-5466.103876491410,-5354.542664414161,-355.485900992772,6681.278388781,6426.427698573,1150.507457608,9341.419661025,0.852977371279,-0.836015523254,10.197070739473,10.266778658218,0.0000000000000000e+00,0.0000000000000000e+00,0.0000000000000000e+00,0.0000000000000000e+00,199.995594874473,0
QK1_STK_case_0001,21840.000000,2023-11-25T17:12:00Z,J2000,6333.696287625,-1103566.523502344,6700701.811196930,-5478.204504206172,-5283.665757344743,-857.226232465741,-383.660584012,-1109927.542323626,6698937.693852936,-5478.552371293557,-5282.321106556528,-867.474404749245,6717.356871637,6361.018821282,1764.117343994,9417.937873495,0.347867087386,-1.344650788214,10.248172283504,10.341863101256,0.0000000000000000e+00,0.0000000000000000e+00,0.0000000000000000e+00,0.0000000000000000e+00,199.995594874473,0
QK1_STK_case_0001,21900.000000,2023-11-25T17:13:00Z,J2000,-322123.244643977,-1417832.571306590,6634003.484936891,-5466.202353546155,-5187.892215897865,-1365.197583285031,-328846.080127478,-1424097.623257945,6631624.215968840,-5466.035769749709,-5186.038053583287,-1375.445901511492,6722.835483501,6265.051951355,2379.268968051,9492.539897926,-0.166583796446,-1.854162314578,10.248318226461,10.416030650917,0.0000000000000000e+00,0.0000000000000000e+00,0.0000000000000000e+00,0.0000000000000000e+00,199.995594874473,0
QK1_STK_case_0001,21960.000000,2023-11-25T17:14:00Z,J2000,-649112.561572803,-1725641.041807647,6537003.535454197,-5429.302724286306,-5068.494850575223,-1866.898100188453,-655809.793904347,-1731779.597888908,6534010.655144731,-5428.614969767117,-5066.133018478198,-1877.094800665149,6697.232331544,6138.556081261,2992.880309466,9565.151551975,-0.687754519189,-2.361832097025,10.196700476697,10.489230560182,0.0000000000000000e+00,0.0000000000000000e+00,0.0000000000000000e+00,0.0000000000000000e+00,199.995594874473,0
QK1_STK_case_0001,22020.000000,2023-11-25T17:15:00Z,J2000,-973144.956017954,-2025590.269831000,6410146.719849765,-5367.676077848861,-4926.016811768979,-2360.049572928010,-979785.181752134,-2031571.995111637,6406544.893017072,-5366.463197944704,-4923.151974798863,-2370.142340888918,6640.225734181,5981.725280637,3601.826832692,9635.704004721,-1.212879904157,-2.864836970116,10.092767960908,10.561360406689,0.0000000000000000e+00,0.0000000000000000e+00,0.0000000000000000e+00,0.0000000000000000e+00,199.995594874473,0
QK1_STK_case_0001,22080.000000,2023-11-25T17:16:00Z,J2000,-1292744.735619765,-2316314.338234967,6254013.391694472,-5281.605338778264,-4761.106080970420,-2842.412505540441,-1299296.399884050,-2322109.263508808,6249810.427451324,-5279.866213511407,-4757.745725303832,-2852.348924970121,6551.664264286,5794.925273841,4202.964243149,9704.142001770,-1.739125266857,-3.360355666588,9.936419429680,10.632449293663,0.0000000000000000e+00,0.0000000000000000e+00,0.0000000000000000e+00,0.0000000000000000e+00,199.995594874473,0
QK1_STK_case_0001,22140.000000,2023-11-25T17:17:00Z,J2000,-1606456.500766992,-2596489.253420705,6069316.807971864,-5171.483347302683,-4574.511238357504,-3311.797974314514,-1612888.065149491,-2602067.940790308,6064523.655923944,-5169.219655847493,-4570.665596787107,-3321.525797283090,6431.564382499,5578.687369603,4793.152047921,9770.418605591,-2.263691455190,-3.845641570397,9.727822968577,10.702513620652,0.0000000000000000e+00,0.0000000000000000e+00,0.0000000000000000e+00,0.0000000000000000e+00,199.995594874473,0
QK1_STK_case_0001,22200.000000,2023-11-25T17:18:00Z,J2000,-1912851.624167943,-2864838.831722094,5856899.831212586,-5037.809154986660,-4367.076724814711,-3766.075790821987,-1919131.735524647,-2870172.539361109,5851530.564552452,-5035.025401447093,-4362.758765924014,-3775.543201849314,6280.111356704,5333.707639016,5369.266660134,9834.493393089,-2.783753539568,-4.317958890697,9.467411027327,10.771533052967,0.0000000000000000e+00,0.0000000000000000e+00,0.0000000000000000e+00,0.0000000000000000e+00,199.995594874473,0
QK1_STK_case_0001,22260.000000,2023-11-25T17:19:00Z,J2000,-2210534.546727270,-3120140.351640979,5617731.217125636,-4881.185766376288,-4139.739801645484,-4203.180815641210,-2216632.207411672,-3125201.197355343,5611802.998017104,-4877.889292450728,-4134.965199662338,-4212.336711816115,6097.660684401,5060.845714364,5928.219108531,9896.333005990,-3.296473925559,-4.774601983147,9.155896174905,10.839464894772,0.0000000000000000e+00,0.0000000000000000e+00,0.0000000000000000e+00,0.0000000000000000e+00,199.995594874473,0
QK1_STK_case_0001,22320.000000,2023-11-25T17:20:00Z,J2000,-2498148.985709725,-3361230.061472053,5352901.493054702,-4702.319261228200,-3893.528493847519,-4621.120600607933,-2504033.724135488,-3365991.183982468,5346434.521322007,-4698.520264854454,-3888.315602232139,-4629.914874210239,5884.738425762,4761.122510415,6466.971732694,9955.910671068,-3.798996373747,-5.212891615380,8.794273602306,10.906230358546,0.0000000000000000e+00,0.0000000000000000e+00,0.0000000000000000e+00,0.0000000000000000e+00,199.995594874473,0
QK1_STK_case_0001,22380.000000,2023-11-25T17:21:00Z,J2000,-2774384.089046419,-3587008.545624964,5063618.312803974,-4502.017621482444,-3629.558706502453,-5017.985093378506,-2780026.131534526,-3591444.264150929,5056635.756559999,-4497.729168734287,-3623.928510594847,-5026.368971690017,5642.042488107,4435.718525965,6982.556243976,10013.207976442,-4.288452748158,-5.630195907606,8.383878311511,10.971752297305,0.0000000000000000e+00,0.0000000000000000e+00,0.0000000000000000e+00,0.0000000000000000e+00,199.995594874473,0
QK1_STK_case_0001,22440.000000,2023-11-25T17:22:00Z,J2000,-3037980.481352692,-3796445.871947643,4751201.203648893,-4281.188232039906,-3349.029806073850,-5391.956909086420,-3043350.923279298,-3800531.841155884,4743729.108447729,-4276.426211216972,-3343.005812776292,-5399.883303582254,5370.441926606,4085.969208241,7472.095201165,10068.217198343,-4.762020822935,-6.023993297557,7.926394495835,11.035989637123,0.0000000000000000e+00,0.0000000000000000e+00,0.0000000000000000e+00,0.0000000000000000e+00,199.995594874473,0
QK1_STK_case_0001,22500.000000,2023-11-25T17:23:00Z,J2000,-3287736.125558800,-3988586.440369441,4417075.713471614,-4040.834334662852,-3053.219211802074,-5741.320949060240,-3292807.098423560,-3992299.797877375,4409142.892134904,-4035.617387218292,-3046.827326982135,-5748.744757267352,5070.972864760,3713.357507933,7932.821336710,10120.940872123,-5.216947444560,-6.391884819940,7.423808207112,11.098903571374,0.0000000000000000e+00,0.0000000000000000e+00,0.0000000000000000e+00,0.0000000000000000e+00,199.995594874473,0
QK1_STK_case_0001,22560.000000,2023-11-25T17:24:00Z,J2000,-3522511.951229869,-4162553.489732447,4062767.001102653,-3782.050811592820,-2743.476420689451,-6064.473415786694,-3527256.785782906,-4165872.996062440,4054404.905039460,-3776.400249148623,-2736.744803702562,-6071.351840115162,4744.834553037,3319.506329994,8362.096063193,10171.392617563,-5.650562444197,-6.731616986889,6.878424328468,11.160476891083,0.0000000000000000e+00,0.0000000000000000e+00,0.0000000000000000e+00,0.0000000000000000e+00,199.995594874473,0
QK1_STK_case_0001,22620.000000,2023-11-25T17:25:00Z,J2000,-3741237.204251395,-4317553.227090700,3689892.902564563,-3506.019041265743,-2421.216396408314,-6359.930164128808,-3745630.586721390,-4320459.395451216,3681135.474850042,-3499.958712380652,-2414.175285260012,-6366.222985111051,4393.382469995,2906.168360516,8757.427714521,10219.597068495,-6.060328885091,-7.041111148302,6.292820982241,11.220714251453,0.0000000000000000e+00,0.0000000000000000e+00,0.0000000000000000e+00,0.0000000000000000e+00,199.995594874473,0
QK1_STK_case_0001,22680.000000,2023-11-25T17:26:00Z,J2000,-3942914.459906902,-4452878.550599051,3300156.532565685,-3214.000938717833,-2087.912776030916,-6626.333782372658,-3946932.580061648,-4455353.766740260,3291040.046065691,-3207.557091155059,-2080.594323621151,-6632.003601318720,4018.120154746,2475.216141209,9116.486499994,10265.588664477,-6.443847562773,-7.318452409765,5.669818946062,11.279617190640,0.0000000000000000e+00,0.0000000000000000e+00,0.0000000000000000e+00,0.0000000000000000e+00,199.995594874473,0
QK1_STK_case_0001,22740.000000,2023-11-25T17:27:00Z,J2000,-4126624.272851766,-4567912.375162655,2895338.496670053,-2907.332927696410,-1745.091435954092,-6862.459616739531,-4130244.963700036,-4569941.007188438,2885901.377800270,-2900.534062960342,-1737.529535571732,-6867.472084718042,3620.690848270,2028.632025783,9437.118869783,10309.411364244,-6.798864736069,-7.561900382360,5.012467978512,11.337183703535,0.0000000000000000e+00,0.0000000000000000e+00,0.0000000000000000e+00,0.0000000000000000e+00,199.995594874473,0
QK1_STK_case_0001,22800.000000,2023-11-25T17:28:00Z,J2000,-4291529.476400592,-4662130.577965596,2477288.753007284,-2587.420289623509,-1394.324150980859,-7067.221547072595,-4294732.345002123,-4663699.075211401,2467571.392263812,-2580.297014950895,-1386.554252672795,-7071.545577705883,3202.868601531,1568.497245805,9717.360743473,10351.118331251,-7.123274672614,-7.769898308065,4.324030633288,11.393401717520,0.0000000000000000e+00,0.0000000000000000e+00,0.0000000000000000e+00,0.0000000000000000e+00,199.995594874473,0
QK1_STK_case_0001,22860.000000,2023-11-25T17:29:00Z,J2000,-4436879.148390692,-4735104.547713098,2047918.121283616,-2255.731598134137,-1037.221620455520,-7239.677986893464,-4439645.697515559,-4736201.528209768,2037962.671107583,-2248.316468515284,-1029.280529421801,-7243.285968345334,2766.549124868,1096.980496670,9955.450176033,10390.772275334,-7.415129618853,-7.941091033719,3.607981451871,11.448257693957,0.0000000000000000e+00,0.0000000000000000e+00,0.0000000000000000e+00,0.0000000000000000e+00,199.995594874473,0
QK1_STK_case_0001,22920.000000,2023-11-25T17:30:00Z,J2000,-4562012.226056215,-4786503.285876792,1609189.430417242,-1913.792449341447,-675.425504923419,-7379.037831543531,-4564325.965535283,-4787119.610880376,1599039.590852647,-1906.119785404049,-667.351150324071,-7381.905819212097,2313.739479067,616.325003584,10149.839564596,10428.446196537,-7.672663937398,-8.074354599348,2.867987668566,11.501753229804,0.0000000000000000e+00,0.0000000000000000e+00,0.0000000000000000e+00,0.0000000000000000e+00,199.995594874473,0
QK1_STK_case_0001,22980.000000,2023-11-25T17:31:00Z,J2000,-4666360.706685361,-4816095.007565643,1163108.328893128,-1563.177874204573,-310.599804548626,-7484.665627595834,-4668207.253606067,-4816223.841823491,1152809.122412140,-1555.283546020373,-302.430996433593,-7486.773512542847,1846.546920706,128.834257848,10299.206480988,10464.224191711,-7.894328184200,-8.168808115033,2.107884947013,11.553918056223,0.0000000000000000e+00,0.0000000000000000e+00,0.0000000000000000e+00,0.0000000000000000e+00,199.995594874473,0
QK1_STK_case_0001,23040.000000,2023-11-25T17:32:00Z,J2000,-4749452.354363829,-4823748.219542514,711713.825680762,-1205.503519512196,55.577869648879,-7556.085277201660,-4750819.517936727,-4823385.076749206,701311.363245059,-1197.424691133467,63.801680676197,-7557.416894773470,1367.163572898,-363.142793308,10402.462435703,10498.201448324,-8.078828378729,-8.223811027317,1.331617571810,11.604815429103,0.0000000000000000e+00,0.0000000000000000e+00,0.0000000000000000e+00,0.0000000000000000e+00,199.995594874473,0
QK1_STK_case_0001,23100.000000,2023-11-25T17:33:00Z,J2000,-4810912.861102001,-4809432.280968856,257068.664197868,-842.416536023590,421.424754230410,-7592.981892938958,-4811790.713270449,-4808575.055201304,246609.906798950,-834.191432938906,429.663710104440,-7593.525082798749,877.852168449,-857.225767552,10458.757398918,10530.482741814,-8.225103084684,-8.238955874030,0.543189859791,11.654517144510,0.0000000000000000e+00,0.0000000000000000e+00,0.0000000000000000e+00,0.0000000000000000e+00,199.995594874473,0
QK1_STK_case_0001,23160.000000,2023-11-25T17:34:00Z,J2000,-4850467.482079558,-4773217.469322436,-198750.369759536,-475.587240700877,785.260982445927,-7595.202318167356,-4850848.414746175,-4771866.452780103,-209217.852655851,-467.254930788805,793.475042378408,-7594.948965127011,380.932666617,-1351.016542333,10467.482896315,10561.181448058,-8.332309912072,-8.214059932481,-0.253353040344,11.703091762789,0.0000000000000000e+00,0.0000000000000000e+00,0.0000000000000000e+00,0.0000000000000000e+00,199.995594874473,0
QK1_STK_case_0001,23220.000000,2023-11-25T17:35:00Z,J2000,-4867942.195992956,-4715274.570762515,-653662.156475398,-106.701508322473,1145.417452615993,-7562.755266501093,-4867820.964926553,-4713432.457904603,-664090.430493946,-98.301681861660,1153.566619431449,-7561.701320899303,-121.231066403,-1842.112857912,10428.274018548,10590.419054913,-8.399826460814,-8.149166815456,-1.053945601790,11.750608736974,0.0000000000000000e+00,0.0000000000000000e+00,0.0000000000000000e+00,0.0000000000000000e+00,199.995594874473,0
QK1_STK_case_0001,23280.000000,2023-11-25T17:36:00Z,J2000,-4863264.407704356,-4635873.994020814,-1105590.955623528,262.547015249500,1500.243874816675,-7495.811281841121,-4862638.163245921,-4633545.872226633,-1115931.965371282,270.974264884870,1508.288417999292,-7493.956758220891,-626.244458435,-2328.121794181,10341.009747754,10618.324529482,-8.427249635370,-8.044543182617,-1.854523620230,11.797138182281,0.0000000000000000e+00,0.0000000000000000e+00,0.0000000000000000e+00,0.0000000000000000e+00,199.995594874473,0
QK1_STK_case_0001,23340.000000,2023-11-25T17:37:00Z,J2000,-4836463.164112411,-4535384.395631055,-1552476.095366542,630.465350605852,1848.116972122266,-7394.701844949355,-4835331.468559537,-4532577.722562713,-1562681.907683839,638.879757081603,1856.017650045486,-7392.050797979521,-1131.695552874,-2806.673068343,10205.812317297,10645.034222249,-8.414406475751,-7.900677923220,-2.651046969834,11.842761418769,0.0000000000000000e+00,0.0000000000000000e+00,0.0000000000000000e+00,0.0000000000000000e+00,199.995594874473,0
QK1_STK_case_0001,23400.000000,2023-11-25T17:38:00Z,J2000,-4787668.856322164,-4414270.818210884,-1992281.568430494,995.369726870386,2187.448446986700,-7259.917169956009,-4786033.687344992,-4410995.385883903,-2002304.613289651,1003.731085054345,2195.166724745810,-7256.477631551267,-1635.168977172,-3275.432326980,10023.044859157,10670.691765823,-8.361358183959,-7.718277759110,-3.439538404741,11.887579513295,0.0000000000000000e+00,0.0000000000000000e+00,0.0000000000000000e+00,0.0000000000000000e+00,199.995594874473,0
QK1_STK_case_0001,23460.000000,2023-11-25T17:39:00Z,J2000,-4717112.422831326,-4273092.362027046,-2423005.467104778,1355.593641863587,2516.692592471693,-7092.103137802083,-4714978.163206793,-4269360.248422641,-2432798.773158919,1363.862012287303,2524.190834484594,-7087.887020673758,-2134.259624532,-3732.113604405,9793.306054141,10695.446674692,-8.268370423716,-7.498242012900,-4.216117128324,11.931690005509,0.0000000000000000e+00,0.0000000000000000e+00,0.0000000000000000e+00,0.0000000000000000e+00,199.995594874473,0
QK1_STK_case_0001,23520.000000,2023-11-25T17:40:00Z,J2000,-4625124.078301655,-4112499.403466107,-2842689.219286912,1709.495715997127,2834.353845846639,-6892.057748254682,-4622497.494357600,-4108324.912842996,-2852206.644474804,1717.631630885608,2841.595519440968,-6887.080764918979,-2626.583944056,-4174.490623111,9517.425187892,10719.454155167,-8.135914888480,-7.241673594329,-4.976983335704,11.975195641127,0.0000000000000000e+00,0.0000000000000000e+00,0.0000000000000000e+00,0.0000000000000000e+00,199.995594874473,0
QK1_STK_case_0001,23580.000000,2023-11-25T17:41:00Z,J2000,-4512131.562851082,-3933230.358936810,-3249426.585869255,2055.467872259693,3138.994332138716,-6660.726524200809,-4509021.769038474,-3928629.949382018,-3258623.041226688,2063.432559224549,3145.944199158298,-6655.008032605780,-3109.793812608,-4600.409554791,9196.455357433,10742.875628527,-7.964686964856,-6.949867019582,-5.718491595029,12.018237647860,0.0000000000000000e+00,0.0000000000000000e+00,0.0000000000000000e+00,0.0000000000000000e+00,199.995594874473,0
QK1_STK_case_0001,23640.000000,2023-11-25T17:42:00Z,J2000,-4378657.899853046,-3736108.014067841,-3641372.332241721,2391.943331460187,3429.240633737933,-6399.196279314039,-4375076.311522367,-3731100.215393695,-3650203.995232784,2399.698892882473,3435.864897627352,-6392.759111763963,-3581.588330679,-5007.798674146,8831.662991063,10765.876356291,-7.755561422286,-6.624263889419,-6.437167550076,12.060958963502,0.0000000000000000e+00,0.0000000000000000e+00,0.0000000000000000e+00,0.0000000000000000e+00,199.995594874473,0
QK1_STK_case_0001,23700.000000,2023-11-25T17:43:00Z,J2000,-4225318.703411723,-3522035.484712242,-4016750.496543017,2717.403589364527,3703.789340704769,-6108.688144018241,-4221278.979436185,-3516640.807965685,-4025175.014707733,2724.913169060787,3710.055781041835,-6101.558441478755,-4039.723975538,-5394.676746557,8424.518164716,10788.624254557,-7.509579696260,-6.266440337066,-7.129702539485,12.103500320735,0.0000000000000000e+00,0.0000000000000000e+00,0.0000000000000000e+00,0.0000000000000000e+00,199.995594874473,0
QK1_STK_case_0001,23760.000000,2023-11-25T17:44:00Z,J2000,-4052819.094217092,-3291991.868109139,-4373862.245604250,3030.384611732554,3961.411962450504,-5790.550846777184,-4048337.069642480,-3286232.707177899,-4381838.929798113,3037.612549182830,3967.290054551930,-5782.757878868736,-4482.024574611,-5759.160931240,7976.684193864,10811.288991049,-7.227937450276,-5.878092101426,-7.792967908448,12.146003266921,0.0000000000000000e+00,0.0000000000000000e+00,0.0000000000000000e+00,0.0000000000000000e+00,199.995594874473,0
QK1_STK_case_0001,23820.000000,2023-11-25T17:45:00Z,J2000,-3861950.248444332,-3047027.600917574,-4711093.331507744,3329.482934457636,4200.959819266671,-5446.253999538578,-3857043.858665458,-3040928.127649363,-4718583.338163428,3336.394899140959,4206.420839605453,-5437.829991158485,-4906.389778874,-6099.473268212,7490.006655684,10834.040544232,-6.911964683323,-5.461020338783,-8.424008380092,12.188597791049,0.0000000000000000e+00,0.0000000000000000e+00,0.0000000000000000e+00,0.0000000000000000e+00,199.995594874473,0
QK1_STK_case_0001,23880.000000,2023-11-25T17:46:00Z,J2000,-3653585.582229226,-2788259.528009025,-5026921.125059553,3613.361645227345,4421.368714046828,-5077.380638748441,-3648274.779232379,-2781845.580977819,-5033887.628452515,3619.924777176846,4426.385849978386,-5068.360590266845,-5310.802996847,-6413.947031207,6966.503392961,10857.049070285,-6.563131949500,-5.017135931558,-9.020048481595,12.231419727595,0.0000000000000000e+00,0.0000000000000000e+00,0.0000000000000000e+00,0.0000000000000000e+00,199.995594874473,0
QK1_STK_case_0001,23940.000000,2023-11-25T17:47:00Z,J2000,-3428676.595668905,-2516865.710964452,-5319921.181071040,3880.755669998116,4621.662881938579,-4685.619175548594,-3422983.255701642,-2510164.678004335,-5326329.533192380,3886.938691422259,4626.211305279721,-4676.040643428187,-5693.339967263,-6701.032960118,6408.352121340,10880.484347054,-6.183021424143,-4.548423341142,-9.578532120408,12.274615529757,0.0000000000000000e+00,0.0000000000000000e+00,0.0000000000000000e+00,0.0000000000000000e+00,199.995594874473,0
QK1_STK_case_0001,24000.000000,2023-11-25T17:48:00Z,J2000,-3188248.421902666,-2234080.018854718,-5588773.323534743,4130.476397381207,4800.958393042158,-4272.755581875713,-3182196.248648439,-2227120.716636815,-5594591.202446397,4136.249697058360,4805.015325682758,-4262.658526138515,-6052.173254227,-6959.302217903,5817.878911655,10904.512987290,-5.773299677153,-4.056932640601,-10.097055737198,12.318288280953,0.0000000000000000e+00,0.0000000000000000e+00,0.0000000000000000e+00,0.0000000000000000e+00,199.995594874473,0
QK1_STK_case_0001,24060.000000,2023-11-25T17:49:00Z,J2000,-2933395.097587944,-1941186.514421757,-5832267.269555526,4361.416523219531,4958.466663193584,-3840.665621125789,-2927009.518044546,-1933999.062388959,-5837464.818460888,4366.752287529742,4962.011466072539,-3830.092207160561,-6385.579543398,-7187.452032798,5197.548905363,10929.300410020,-5.335764310211,-3.544802878955,-10.573413965229,12.362568143588,0.0000000000000000e+00,0.0000000000000000e+00,0.0000000000000000e+00,0.0000000000000000e+00,199.995594874473,0
QK1_STK_case_0001,24120.000000,2023-11-25T17:50:00Z,J2000,-2665274.530625444,-1639513.630934861,-6049307.753673517,4572.555091286743,5093.497713187488,-3391.305797046279,-2658582.584275303,-1632129.321527923,-6053857.705970423,4577.427390871078,5096.511928014565,-3380.300167277187,-6691.946350140,-7384.309406938,4549.952296906,10955.009688479,-4.872299584336,-3.014214827077,-11.005629769092,12.407605767336,0.0000000000000000e+00,0.0000000000000000e+00,0.0000000000000000e+00,0.0000000000000000e+00,199.995594874473,0
QK1_STK_case_0001,24180.000000,2023-11-25T17:51:00Z,J2000,-2385103.193451443,-1330428.186879225,-6238919.071107596,4762.961408961201,5205.462254998455,-2926.703303399912,-2378133.417675108,-1322879.354006040,-6242796.862947805,4767.346255788612,5207.929634080631,-2915.311378200996,-6969.775776335,-7548.832873184,3877.791840208,10981.799564536,-4.384846827412,-2.467379082177,-11.391925198915,12.453545718899,0.0000000000000000e+00,0.0000000000000000e+00,0.0000000000000000e+00,0.0000000000000000e+00,199.995594874473,0
QK1_STK_case_0001,24240.000000,2023-11-25T17:52:00Z,J2000,-2094150.630802651,-1015329.308112212,-6400249.030979654,4931.797409830757,5293.872841318326,-2448.946627658749,-2086932.942849381,-1007649.193488815,-6403432.902403209,4935.672803958369,5295.779373122510,-2437.215912019623,-7217.687953271,-7680.114623397,3183.871423556,11009.823670752,-3.875394127612,-1.906531804184,-11.730715639125,12.500529291623,0.0000000000000000e+00,0.0000000000000000e+00,0.0000000000000000e+00,0.0000000000000000e+00,199.995594874473,0
QK1_STK_case_0001,24300.000000,2023-11-25T17:53:00Z,J2000,-1793733.846257598,-695642.282776598,-6532572.385234165,5078.319547656143,5358.345075027303,-1960.177401469001,-1786299.422924004,-687864.901392210,-6535043.469794638,5081.665503452222,5359.678995151971,-1948.156821246254,-7434.423333594,-7777.381384388,2471.084560473,11039.228705227,-3.345955796079,-1.333920124668,-12.020580222747,12.548669729490,0.0000000000000000e+00,0.0000000000000000e+00,0.0000000000000000e+00,0.0000000000000000e+00,199.995594874473,0
QK1_STK_case_0001,24360.000000,2023-11-25T17:54:00Z,J2000,-1485211.559065493,-372812.333580475,-6635293.779006591,5201.881323981355,5398.599102862080,-1462.582368360283,-1477592.714744957,-364972.338175823,-6637036.185032764,5204.679925731169,5399.350934745530,-1450.322132347997,-7618.844320536,-7839.995404652,1742.406026174,11070.153363237,-2.798601749813,-0.751831883449,-12.260236012286,12.598047865125,0.0000000000000000e+00,0.0000000000000000e+00,0.0000000000000000e+00,0.0000000000000000e+00,199.995594874473,0
QK1_STK_case_0001,24420.000000,2023-11-25T17:55:00Z,J2000,-1169978.294001123,-48298.313101323,-6707950.192400639,5301.936176610464,5414.460501499927,-958.384367372515,-1162208.353881668,-40430.855528020,-6708951.074244387,5304.171652051208,5414.623067044068,-945.935756503392,-7769.940119455,-7867.457573304,1000.881843747,11102.730411606,-2.235475440744,-0.162565544141,-12.448610869123,12.648782177473,0.0000000000000000e+00,0.0000000000000000e+00,0.0000000000000000e+00,0.0000000000000000e+00,199.995594874473,0
QK1_STK_case_0001,24480.000000,2023-11-25T17:56:00Z,J2000,-849458.314864258,276433.618597157,-6750212.822996194,5378.039626598384,5405.859990295896,-449.832967450087,-841571.485803878,284293.023755236,-6750462.439913178,5379.698361927243,5405.428381237645,-437.248182984507,-7886.829060381,-7859.405158079,249.616916984,11137.083580172,-1.658735328860,0.431609058250,-12.584784465580,12.700964109684,0.0000000000000000e+00,0.0000000000000000e+00,0.0000000000000000e+00,0.0000000000000000e+00,199.995594874473,0
QK1_STK_case_0001,24540.000000,2023-11-25T17:57:00Z,J2000,-525099.458529655,599916.285999983,-6761888.427602580,5429.850570632813,5372.832986625963,60.804150644536,-517130.698569875,607731.898161996,-6761380.195164616,5430.921148240093,5371.804587428723,73.472123513886,-7968.759959780,-7815.612162014,-508.232437964,11173.326674478,-1.070577607281,1.028399197240,-12.667972869350,12.754657107923,0.0000000000000000e+00,0.0000000000000000e+00,0.0000000000000000e+00,0.0000000000000000e+00,199.995594874473,0
QK1_STK_case_0001,24600.000000,2023-11-25T17:58:00Z,J2000,-198366.900692886,920687.781768814,-6742920.156650792,5457.132310303873,5315.519723303142,571.249656678110,-190351.785960345,928423.773186733,-6741650.688758360,5457.605545283792,5313.894238757191,583.947230112017,-8015.114732541,-7735.991417918,-1269.467892432,11211.564392350,-0.473234979919,1.625484545951,-12.697573433907,12.809938425488,0.0000000000000000e+00,0.0000000000000000e+00,0.0000000000000000e+00,0.0000000000000000e+00,199.995594874473,0
QK1_STK_case_0001,24660.000000,2023-11-25T17:59:00Z,J2000,129263.134202113,1237297.759313352,-6693387.867098524,5459.753345943988,5234.165253747159,1079.225522743261,137288.543363228,1244918.353433952,-6691357.006747353,5459.622286597552,5231.944685572898,1091.898650927449,-8025.409161115,-7620.594120601,-2030.860351171,11251.890539825,0.131059346436,2.220568174261,-12.673128184188,12.866867433128,0.0000000000000000e+00,0.0000000000000000e+00,0.0000000000000000e+00,0.0000000000000000e+00,199.995594874473,0
QK1_STK_case_0001,24720.000000,2023-11-25T18:00:00Z,J2000,456309.697951041,1548313.699162445,-6613507.896858165,5437.687774471566,5129.118557199856,1582.461777584426,464308.992069088,1555783.309014273,-6610718.741331000,5436.947753883575,5126.307240185191,1595.056070004403,-7999.294118048,-7469.609851827,-2789.155527164,11294.386494195,0.740020587990,2.811317014665,-12.594292419977,12.925453005117,0.0000000000000000e+00,0.0000000000000000e+00,0.0000000000000000e+00,0.0000000000000000e+00,199.995594874473,0
QK1_STK_case_0001,24780.000000,2023-11-25T18:01:00Z,J2000,781293.470004718,1852327.110541809,-6503632.341510227,5391.015929265763,5000.831489718970,2078.704453162303,789230.029812809,1859610.480000860,-6500091.256896372,5389.664605429887,4997.436093509931,2091.165366540668,-7936.559808091,-7283.369459051,-3541.084613855,11339.123974405,1.351323835875,3.395396209039,-12.460913378365,12.985728849351,0.0000000000000000e+00,0.0000000000000000e+00,0.0000000000000000e+00,0.0000000000000000e+00,199.995594874473,0
QK1_STK_case_0001,24840.000000,2023-11-25T18:02:00Z,J2000,1102743.168278545,2147959.686290012,-6364247.845544598,5319.925643908506,4849.858224221628,2565.724140952617,1110580.304000135,2155022.028791836,-6359964.472246965,5317.963038359673,4845.887757474255,2577.997080273879,-7837.135721590,-7062.342501824,-4283.373297632,11386.161106297,1.962605548832,3.970466747374,-12.272939321261,13.047661335108,0.0000000000000000e+00,0.0000000000000000e+00,0.0000000000000000e+00,0.0000000000000000e+00,199.995594874473,0
QK1_STK_case_0001,24900.000000,2023-11-25T18:03:00Z,J2000,1419202.029351329,2433869.416253619,-6195973.823709548,5224.713039356220,4676.854180830623,3041.326418461302,1426903.125799957,2440676.557642887,-6190961.074722994,5222.141625864746,4672.320048446390,3053.356966719793,-7701.096448628,-6807.141389268,-5012.748986554,11435.546021364,2.571413491474,4.534132384234,-12.030548258492,13.111240033719,0.0000000000000000e+00,0.0000000000000000e+00,0.0000000000000000e+00,0.0000000000000000e+00,199.995594874473,0
QK1_STK_case_0001,24960.000000,2023-11-25T18:04:00Z,J2000,1729234.284457350,2708756.587160368,-5999560.029619963,5105.781493793651,4482.573242651016,3503.362811182922,1736762.948306620,2715275.108268147,-5993834.070615082,5102.606164313696,4477.489170632488,3515.096981754941,-7528.663849270,-6518.521107779,-5725.959004881,11487.319239642,3.175329479954,5.084072018528,-11.734170572019,13.176542209893,0.0000000000000000e+00,0.0000000000000000e+00,0.0000000000000000e+00,0.0000000000000000e+00,199.995594874473,0
QK1_STK_case_0001,25020.000000,2023-11-25T18:05:00Z,J2000,2031431.525395168,2971369.576815153,-5775883.515696830,4963.639208324563,4267.863925554714,3949.739789138810,2038751.727843319,2977566.949590760,-5769463.736456845,4959.867247199117,4262.245922543068,3961.124078841614,-7320.202448151,-6197.372775607,-6419.779239985,11541.505910924,3.771961125446,5.618003011645,-11.384289702804,13.243553171567,0.0000000000000000e+00,0.0000000000000000e+00,0.0000000000000000e+00,0.0000000000000000e+00,199.995594874473,0
QK1_STK_case_0001,25080.000000,2023-11-25T18:06:00Z,J2000,2324418.930028027,3220510.437056080,-5525945.123098341,4798.897364881554,4033.666557864235,4378.425679607776,2331495.153803179,3226355.165043974,-5518854.106394483,4794.538547207926,4027.532998888040,4389.407241537809,-7076.223775151,-5844.727987894,-7091.016703857,11598.116487727,4.358817673627,6.133558976195,-10.981561930032,13.312195147665,0.0000000000000000e+00,0.0000000000000000e+00,0.0000000000000000e+00,0.0000000000000000e+00,199.995594874473,0
QK1_STK_case_0001,25140.000000,2023-11-25T18:07:00Z,J2000,2606861.424725171,3455040.357544560,-5250865.543899691,4612.269688220428,3781.011813568856,4787.458759485720,2613658.814335736,3460502.117408343,-5243129.016917895,4607.336282050610,3774.383406632968,4797.985634400622,-6797.389610565,-5461.759863782,-7736.526981796,11657.151284405,4.933406169819,6.628406935888,-10.526874914902,13.382427672815,0.0000000000000000e+00,0.0000000000000000e+00,0.0000000000000000e+00,0.0000000000000000e+00,199.995594874473,0
QK1_STK_case_0001,25200.000000,2023-11-25T18:08:00Z,J2000,2877469.814178315,3673885.019732913,-4951880.811681261,4404.571379088121,3511.018089072548,5174.957908257225,2883954.325327510,3678934.800094505,-4943527.588307694,4399.078185821380,3503.917886062447,5184.979194953470,-6484.511149195,-5049.780361593,-8353.223373568,11718.596642648,5.493193266741,7.100203010102,-10.021286696245,13.454153340094,0.0000000000000000e+00,0.0000000000000000e+00,0.0000000000000000e+00,0.0000000000000000e+00,199.995594874473,0
QK1_STK_case_0001,25260.000000,2023-11-25T18:09:00Z,J2000,3135006.787942108,3876039.721270484,-4630337.136033251,4176.716098749389,3224.886575307477,5539.133341505643,3141145.341515840,3880649.964181937,-4621399.045550895,4170.680474765943,3217.339944422297,5548.599501506837,-6138.553573731,-4610.242911453,-8938.090482357,11782.429339952,6.035623983445,7.546630885181,-9.466160001194,13.527327147479,0.0000000000000000e+00,0.0000000000000000e+00,0.0000000000000000e+00,0.0000000000000000e+00,199.995594874473,0
QK1_STK_case_0001,25320.000000,2023-11-25T18:10:00Z,J2000,3378292.707169209,4060574.167914458,-4287685.151428839,3929.711894684631,2923.895410671519,5878.295314220660,3384053.340351883,4064718.904067076,-4278196.948943074,3923.153684138893,2915.929923386001,5887.158355621144,-5760.633182675,-4144.736152619,-9488.202485765,11848.616748424,6.558210545738,7.965487285517,-8.863041400484,13.601934278795,0.0000000000000000e+00,0.0000000000000000e+00,0.0000000000000000e+00,0.0000000000000000e+00,199.995594874473,0
QK1_STK_case_0001,25380.000000,2023-11-25T18:11:00Z,J2000,3606211.151320457,4226636.931131715,-3925473.689349220,3664.657392331074,2609.394514871054,6190.861590169432,3611563.166979589,4230291.911295823,-3915472.959798449,3657.598960909656,2601.039952650418,6199.075223179751,-5352.015659133,-3654.980164108,-10000.729550771,11917.111359859,7.058431421418,8.354562220636,-8.213633010318,13.677862817616,0.0000000000000000e+00,0.0000000000000000e+00,0.0000000000000000e+00,0.0000000000000000e+00,199.995594874473,0
QK1_STK_case_0001,25440.000000,2023-11-25T18:12:00Z,J2000,3817714.243106103,4373459.612397549,-3545343.090084569,3382.738074182215,2282.800799254836,6475.365540188970,3822628.362236696,4376602.440241366,-3534870.137348870,3375.204306198530,2274.089117079877,6482.885484590408,-4914.119130593,-3142.827843817,-10472.952735699,11987.855216414,7.533767983685,8.711682174959,-7.519944401438,13.755021997446,0.0000000000000000e+00,0.0000000000000000e+00,0.0000000000000000e+00,0.0000000000000000e+00,199.995594874473,0
QK1_STK_case_0001,25500.000000,2023-11-25T18:13:00Z,J2000,4011827.725604453,4500360.697473673,-3149018.007406006,3085.221574321040,1945.592420259974,6730.464740079297,4016276.235612555,4502970.956151483,-3138115.725781593,3077.239796900492,1936.557637056778,6737.248937751744,-4448.510008102,-2610.258677810,-10902.281624413,12060.780914820,7.981777420548,9.034783203196,-6.784197672447,13.833344367100,0.0000000000000000e+00,0.0000000000000000e+00,0.0000000000000000e+00,0.0000000000000000e+00,199.995594874473,0
QK1_STK_case_0001,25560.000000,2023-11-25T18:14:00Z,J2000,4187655.725462757,4606749.031560483,-2738299.724104517,2773.452119909614,1599.302074579731,6954.948404768562,4191612.626720506,4608808.406323281,-2727013.460103743,2765.052107856743,1589.980235613916,6960.957240888665,-3956.901257749,-2059.374762797,-11286.264000774,12135.808463897,8.400012052872,9.321838965815,-6.008836120103,13.912691893061,0.0000000000000000e+00,0.0000000000000000e+00,0.0000000000000000e+00,0.0000000000000000e+00,199.995594874473,0
QK1_STK_case_0001,25620.000000,2023-11-25T18:15:00Z,J2000,4344385.187079326,4692126.892163199,-2315058.057329313,2448.845211411801,1245.510385054416,7147.743988791569,4347826.338779506,4693619.289398257,-2303435.453185669,2440.059119716534,1235.939446861174,7152.940591320728,-3441.151700180,-1492.397235058,-11622.604143643,12212.849856225,8.786091695268,9.570938193242,-5.196602529160,13.992960480991,0.0000000000000000e+00,0.0000000000000000e+00,0.0000000000000000e+00,0.0000000000000000e+00,199.995594874473,0
QK1_STK_case_0001,25680.000000,2023-11-25T18:16:00Z,J2000,4481289.983734339,4756092.659271048,-1881222.850632056,2112.881893996608,885.838858713953,7307.924405522465,4484193.243108934,4757004.316465836,-1869313.672892187,2103.744175568193,876.058567157959,7312.274860902179,-2903.259374594,-911.657194788,-11909.177739869,12291.808177676,9.137718428415,9.780291555994,-4.350455379714,14.074035064903,0.0000000000000000e+00,0.0000000000000000e+00,0.0000000000000000e+00,0.0000000000000000e+00,199.995594874473,0
QK1_STK_case_0001,25740.000000,2023-11-25T18:17:00Z,J2000,4597734.636767308,4798343.022542083,-1438775.029931216,1767.101339573684,521.941468614911,7434.715010756535,4600079.995783105,4798662.613117685,-1426630.984329364,1757.648670213068,511.993237215148,7438.188669170877,-2345.359015797,-319.590575602,-12144.045601852,12372.578172266,9.452669360616,9.948231399763,-3.473658414342,14.155796297061,0.0000000000000000e+00,0.0000000000000000e+00,0.0000000000000000e+00,0.0000000000000000e+00,199.995594874473,0
QK1_STK_case_0001,25800.000000,2023-11-25T18:18:00Z,J2000,4693177.544181328,4818674.652966288,-989737.300383008,1413.092136594272,155.495439336182,7527.498383353418,4694947.257441822,4818393.379739009,-977411.827027528,1403.363221449439,145.422127770495,7530.068088833513,-1769.713260494,281.273227279,-12325.473355480,12455.050906737,9.728915144833,10.073311565686,-2.569705480095,14.238215550032,0.0000000000000000e+00,0.0000000000000000e+00,0.0000000000000000e+00,0.0000000000000000e+00,199.995594874473,0
QK1_STK_case_0001,25860.000000,2023-11-25T18:19:00Z,J2000,4767173.691929978,4816985.336611495,-536164.630697732,1052.484009593890,-211.807278506625,7585.816812331519,4768352.393765092,4816097.013397716,-523712.691224371,1042.519470580332,-221.961499868083,7587.459029832928,-1178.701835113,888.323213780,-12451.939473361,12539.108931518,9.964539013558,10.154221361458,-1.642217501408,14.321212502164,0.0000000000000000e+00,0.0000000000000000e+00,0.0000000000000000e+00,0.0000000000000000e+00,199.995594874473,0
QK1_STK_case_0001,25920.000000,2023-11-25T18:20:00Z,J2000,4819376.902035615,4793274.627893575,-80134.608314547,686.940605596276,-578.267604477958,7609.374469260853,4819951.719819171,4791775.755243591,-67612.462037992,676.782896220743,-588.457385687257,7610.069543845350,-574.817783556,1498.872649984,-12522.146276555,12624.626017296,10.157709375533,10.189781209300,-0.695074584497,14.404646109127,0.0000000000000000e+00,0.0000000000000000e+00,0.0000000000000000e+00,0.0000000000000000e+00,199.995594874473,0
QK1_STK_case_0001,25980.000000,2023-11-25T18:21:00Z,J2000,4849541.648334295,4747644.041585190,376262.356461656,318.151968333360,-942.187396875910,7598.040225534356,4849502.306810174,4745533.870554781,388797.393817011,307.845172101662,-952.366447490165,7597.772610341053,39.341524121,2110.171030410,-12535.037355355,12711.472417987,10.306796231698,10.179050614255,0.267615193303,14.488434624244,0.0000000000000000e+00,0.0000000000000000e+00,0.0000000000000000e+00,0.0000000000000000e+00,199.995594874473,0
QK1_STK_case_0001,26040.000000,2023-11-25T18:22:00Z,J2000,4857524.378074508,4680296.723710312,830932.975943841,-52.174408780573,-1301.878661272504,7551.849375455799,4856863.291054836,4677577.305658264,843422.782391335,-62.584761387501,-1311.999953531878,7550.607771530841,661.087019672,2719.418052047,-12489.806447494,12799.513103444,10.410352606928,10.121292259374,1.241603924957,14.572493908274,0.0000000000000000e+00,0.0000000000000000e+00,0.0000000000000000e+00,0.0000000000000000e+00,199.995594874473,0
QK1_STK_case_0001,26100.000000,2023-11-25T18:23:00Z,J2000,4843284.278468728,4591536.568080456,1281791.063501799,-422.322839352476,-1655.672540138341,7471.003101367177,4841996.630545627,4588212.793232515,1294176.970615040,-432.789955286250,-1665.688513533750,7468.780630683456,1287.647923101,3323.774847941,-12385.907113240,12888.607815877,10.467115933774,10.015973395409,2.222470683720,14.656725929367,0.0000000000000000e+00,0.0000000000000000e+00,0.0000000000000000e+00,0.0000000000000000e+00,199.995594874473,0
QK1_STK_case_0001,26160.000000,2023-11-25T18:24:00Z,J2000,4806883.510313775,4481766.824915795,1726767.444109194,-790.577902607207,-2001.927282557358,7355.867072302549,4804967.326088694,4477846.447113762,1738990.507679737,-801.053950661802,-2011.790089515134,7352.661424075055,1916.184225081,3920.377802034,-12223.063570544,12978.613452318,10.476048054595,9.862806957776,3.205648227493,14.741055745331,0.0000000000000000e+00,0.0000000000000000e+00,0.0000000000000000e+00,0.0000000000000000e+00,199.995594874473,0
QK1_STK_case_0001,26220.000000,2023-11-25T18:25:00Z,J2000,4748486.947351724,4351488.239680789,2163819.789934751,-1155.232680674565,-2339.036208004051,7206.970313724543,4745943.147234152,4346981.886455169,2175821.066437664,-1165.668990646361,-2348.697935368347,7202.783851639185,2543.800117572,4506.353225621,-12001.276502912,13069.383158037,10.436309971796,9.661727364295,4.186462085358,14.825383849383,0.0000000000000000e+00,0.0000000000000000e+00,0.0000000000000000e+00,0.0000000000000000e+00,199.995594874473,0
QK1_STK_case_0001,26280.000000,2023-11-25T18:26:00Z,J2000,4668361.404700233,4201296.688565549,2590942.365991359,-1514.597521105668,-2665.436452420227,7025.002997798223,4665193.848857963,4196217.857786044,2602663.197465308,-1524.944822485150,-2674.849392509966,7019.842893843639,3167.555842270,5078.830779506,-11720.831473949,13160.768311215,10.347301379482,9.412940089739,5.160103954585,14.909619706517,0.0000000000000000e+00,0.0000000000000000e+00,0.0000000000000000e+00,0.0000000000000000e+00,199.995594874473,0
QK1_STK_case_0001,26340.000000,2023-11-25T18:27:00Z,J2000,4566874.342906483,4031880.290685553,3006175.576694581,-1867.008571252465,-2979.617411683467,6810.812080571734,4563089.859060745,4026245.329270498,3017557.880681516,-1877.217253259481,-2988.734344210804,6804.690333650717,3784.483845739,5634.961415054,-11382.303986935,13252.620577788,10.208682007016,9.116932527338,6.121746921018,14.993713095607,0.0000000000000000e+00,0.0000000000000000e+00,0.0000000000000000e+00,0.0000000000000000e+00,199.995594874473,0
QK1_STK_case_0001,26400.000000,2023-11-25T18:28:00Z,J2000,4444492.086735483,3844016.054143649,3407615.217010183,-2210.835462923299,-3280.127806973795,6565.396144818270,4440100.484024627,3837844.122024194,3418601.775830477,-2220.855783748074,-3288.902212345841,6558.329599388658,4391.602710856,6171.932119454,-10986.558820293,13344.789064235,10.020320824774,8.774405372045,7.066545429613,15.077568881393,0.0000000000000000e+00,0.0000000000000000e+00,0.0000000000000000e+00,0.0000000000000000e+00,199.995594874473,0
QK1_STK_case_0001,26460.000000,2023-11-25T18:29:00Z,J2000,4301777.584775258,3638566.124839752,3793421.434530592,-2544.489180591502,-3565.582085060015,6289.900995427141,4296791.654514479,3631879.146299676,3803956.188800410,-2554.271540261138,-3573.968392681548,6281.911439538250,4985.930260780,6686.978540075,-10534.754269818,13437.121346711,9.782359669636,8.386307621533,7.989555888891,15.161059314270,0.0000000000000000e+00,0.0000000000000000e+00,0.0000000000000000e+00,0.0000000000000000e+00,199.995594874473,0
QK1_STK_case_0001,26520.000000,2023-11-25T18:30:00Z,J2000,4139387.655893658,3416473.634017006,4161827.426572220,-2866.431387044298,-3834.667549735096,5985.614846854154,4133823.151889136,3409296.231104066,4171855.773221128,-2875.926703664276,-3842.621463670884,5976.728997461049,5564.504004522,7177.402912941,-10028.346648907,13529.469830769,9.495316619978,7.953913935788,8.885849393105,15.244149830295,0.0000000000000000e+00,0.0000000000000000e+00,0.0000000000000000e+00,0.0000000000000000e+00,199.995594874473,0
QK1_STK_case_0001,26580.000000,2023-11-25T18:31:00Z,J2000,3958069.652066925,3178758.098800746,4511147.767991391,-3175.184179223037,-4086.151906841922,5653.960412250820,3951945.249201057,3171117.505661058,4520616.850260236,-3184.344181205759,-4093.630676307163,5644.209742460073,6124.402865867,7640.593139688,-9469.082268844,13621.692002238,9.160001982722,7.478769465242,9.750669790747,15.326878038462,0.0000000000000000e+00,0.0000000000000000e+00,0.0000000000000000e+00,0.0000000000000000e+00,199.995594874473,0
QK1_STK_case_0001,26640.000000,2023-11-25T18:32:00Z,J2000,3758657.595989070,2926510.407184593,4839786.160221579,-3469.337288037137,-4318.889169868847,5296.483955918859,3751994.836194408,2918436.371343877,4848645.148895560,-3478.114742329513,-4325.851820841572,5285.904572475376,6662.759794662,8074.035840716,-8858.988673981,13713.646603448,8.777454292376,6.962650972725,10.579383443484,15.409268849203,0.0000000000000000e+00,0.0000000000000000e+00,0.0000000000000000e+00,0.0000000000000000e+00,199.995594874473,0
QK1_STK_case_0001,26700.000000,2023-11-25T18:33:00Z,J2000,3542067.996956977,2660887.524656033,5146242.524282229,-3747.551904953097,-4531.823207834974,4914.845101316799,3534891.219276707,2652412.193136731,5154442.891834537,-3755.900830230891,-4538.230758198289,4903.477569186050,7176.777680270,8475.331519302,-8200.367552307,13805.195044875,8.348925277794,6.407550363315,11.367532130749,15.491353772225,0.0000000000000000e+00,0.0000000000000000e+00,0.0000000000000000e+00,0.0000000000000000e+00,199.995594874473,0
QK1_STK_case_0001,26760.000000,2023-11-25T18:34:00Z,J2000,3309295.474491025,2383107.020264991,5429119.572048983,-4008.563806508971,-4723.990547903772,4510.809575883221,3301631.735305083,2374264.814919797,5436615.355987936,-4016.439630380443,-4729.806179497793,4498.698838821463,7663.739185942,8842.205345195,-7495.783938954,13896.196261431,7.875823871472,5.815631594021,12.110737061757,15.573057653230,0.0000000000000000e+00,0.0000000000000000e+00,0.0000000000000000e+00,0.0000000000000000e+00,199.995594874473,0
QK1_STK_case_0001,26820.000000,2023-11-25T18:35:00Z,J2000,3061408.146109298,2094441.404033369,5687128.995896457,-4251.188287171206,-4894.523992924147,4086.243278282085,3053287.127187700,2085268.884980296,5693877.060528762,-4258.548131056140,-4899.713296053137,4073.438604378768,8121.018921598,9172.519053072,-6748.064632305,13986.508870540,7.359843884934,5.189303128990,12.804673903317,15.654259571932,0.0000000000000000e+00,0.0000000000000000e+00,0.0000000000000000e+00,0.0000000000000000e+00,199.995594874473,0
QK1_STK_case_0001,26880.000000,2023-11-25T18:36:00Z,J2000,2799542.661458640,1796212.217947276,5919097.265412506,-4474.326790804566,-5042.657104414309,3643.104720886663,2790996.558274202,1786747.931112233,5925057.556509851,-4481.129797443535,-5047.188339346500,3629.659511168118,8546.103184438,9464.286835042,-5960.291097346,14075.996408785,6.803006638968,4.531234932191,13.445209718545,15.734886517424,0.0000000000000000e+00,0.0000000000000000e+00,0.0000000000000000e+00,0.0000000000000000e+00,199.995594874473,0
QK1_STK_case_0001,26940.000000,2023-11-25T18:37:00Z,J2000,2524898.837126627,1489783.859730669,6123970.885312995,-4676.973232832196,-5167.728399109325,3183.434637383566,2515962.228875241,1480068.169374798,6129106.669897779,-4683.180840801454,-5171.572731511397,3169.406143034565,8936.608251386,9715.690355871,-5135.784584784,14164.529269665,6.207607969258,3.844332402073,14.028494349001,15.814927822080,0.0000000000000000e+00,0.0000000000000000e+00,0.0000000000000000e+00,0.0000000000000000e+00,199.995594874473,0
QK1_STK_case_0001,27000.000000,2023-11-25T18:38:00Z,J2000,2238733.964804970,1176557.194986987,6300820.971448547,-4858.218426063640,-5269.184068152084,2709.343977268541,2229443.669591015,1166632.103162026,6305099.058893518,-4863.794591949997,-5272.315752539707,2694.792971859225,9290.295213954,9925.091824961,-4278.087444970,14251.984601561,5.576165886358,3.131684387624,14.551005409316,15.894427687646,0.0000000000000000e+00,0.0000000000000000e+00,0.0000000000000000e+00,0.0000000000000000e+00,199.995594874473,0
QK1_STK_case_0001,27060.000000,2023-11-25T18:39:00Z,J2000,1942356.913919240,857963.062390717,6448847.111648669,-5017.252591787801,-5346.578800770783,2223.002400770876,1932751.832770211,847872.020780252,6452238.055778467,-5022.163963034262,-5348.975287021392,2207.992900375224,9605.081149029,10091.041610465,-3390.944129797,14338.242805692,4.911371246460,2.396486250610,15.009500395652,15.973409654704,0.0000000000000000e+00,0.0000000000000000e+00,0.0000000000000000e+00,0.0000000000000000e+00,199.995594874473,0
QK1_STK_case_0001,27120.000000,2023-11-25T18:40:00Z,J2000,1637122.118923537,535455.774436688,6567380.592600483,-5153.366926524515,-5399.575357113733,1726.628862460464,1627243.068763010,525243.488509786,6569858.880257765,-5157.583026179507,-5401.217431868534,1711.227883056300,9879.050160527,10212.285926902,-2478.287657283,14423.187083278,4.216099654992,1.642074754801,15.400979404165,16.051855730996,0.0000000000000000e+00,0.0000000000000000e+00,0.0000000000000000e+00,0.0000000000000000e+00,199.995594874473,0
QK1_STK_case_0001,27180.000000,2023-11-25T18:41:00Z,J2000,1324423.468338814,210506.637207764,6655887.127784268,-5265.955502760185,-5427.944688590615,1222.484094835778,1314313.003772983,200218.861795541,6657431.349789492,-5269.448907748575,-5428.816594922278,1206.761395874782,10110.464565831,10287.775412223,-1544.222005224,14506.703218536,3.493404988389,0.871906331664,15.722698960996,16.129704327178,0.0000000000000000e+00,0.0000000000000000e+00,0.0000000000000000e+00,0.0000000000000000e+00,199.995594874473,0
QK1_STK_case_0001,27240.000000,2023-11-25T18:42:00Z,J2000,1005688.050850829,-115402.585123096,6713969.135371704,-5354.518093529573,-5431.567605055470,712.862685129118,995390.275274761,-125719.257398185,6714562.144221951,-5357.264647446005,-5431.657220937261,696.890517042097,10297.775576068,10316.672275089,-593.008850247,14588.679451655,2.746553916432,0.089615881791,15.972168087021,16.206842469222,0.0000000000000000e+00,0.0000000000000000e+00,0.0000000000000000e+00,0.0000000000000000e+00,199.995594874473,0
QK1_STK_case_0001,27300.000000,2023-11-25T18:43:00Z,J2000,682369.722912759,-440786.324965242,6741367.472759724,-5418.663079519627,-5410.436749806837,200.082788956833,671930.085398898,-451084.688290820,6740996.521250408,-5420.642108484589,-5409.735774056749,183.935481348191,10439.637513861,10298.363325578,370.951509315,14669.012360370,1.979028964961,-0.700975750088,16.147307608642,16.283226512411,0.0000000000000000e+00,0.0000000000000000e+00,0.0000000000000000e+00,0.0000000000000000e+00,199.995594874473,0
QK1_STK_case_0001,27360.000000,2023-11-25T18:44:00Z,J2000,355942.533766821,-764161.940603641,6737962.497381469,-5458.109128467163,-5364.656845662463,-313.525724287463,345407.616169079,-774394.407161298,6736619.349202898,-5459.303563251769,-5363.160846857749,-329.772186460365,10534.917597742,10232.466557657,1343.148178570,14747.606845668,1.194434784606,-1.495998804714,16.246462172902,16.358857539997,0.0000000000000000e+00,0.0000000000000000e+00,0.0000000000000000e+00,0.0000000000000000e+00,199.995594874473,0
QK1_STK_case_0001,27420.000000,2023-11-25T18:45:00Z,J2000,27894.094006163,-1084056.393546988,6703774.436610988,-5472.685553199636,-5294.442908969703,-825.631958989920,17311.391239676,-1094175.226586109,6701455.455682075,-5473.082052169366,-5292.151365956126,-841.900280118644,10582.702766487,10118.833039121,2318.980928913,14824.373594391,0.396498969729,-2.291543013577,16.268321128725,16.433704791172,0.0000000000000000e+00,0.0000000000000000e+00,0.0000000000000000e+00,0.0000000000000000e+00,199.995594874473,0
QK1_STK_case_0001,27480.000000,2023-11-25T18:46:00Z,J2000,-300281.073685109,-1399012.807123297,6638963.181710145,-5462.332773544274,-5200.118437550082,-1333.912782809280,-310863.381437965,-1408970.357310073,6635669.400235532,-5461.921856878714,-5197.034793795211,-1350.124713013138,10582.307752855,9957.550186776,3293.781474613,14899.229493528,-0.410916665560,-3.083643754870,16.211930203858,16.507707056031,0.0000000000000000e+00,0.0000000000000000e+00,0.0000000000000000e+00,0.0000000000000000e+00,199.995594874473,0
QK1_STK_case_0001,27540.000000,2023-11-25T18:47:00Z,J2000,-627088.229540593,-1707596.947272386,6543827.552791667,-5427.103272599225,-5082.114587510455,-1836.062050315708,-637621.512320458,-1717345.892376853,6539564.716383602,-5425.879444033323,-5078.246310567250,-1852.138799414904,10533.282779865,9748.945104467,4262.836408066,14972.099085046,-1.223828565903,-3.868276943205,16.076749099196,16.580807714540,0.0000000000000000e+00,0.0000000000000000e+00,0.0000000000000000e+00,0.0000000000000000e+00,199.995594874473,0
QK1_STK_case_0001,27600.000000,2023-11-25T18:48:00Z,J2000,-951039.150413409,-2008403.655943475,6418803.952674980,-5367.161644815221,-4940.969119000809,-2329.801807711366,-961474.569674981,-2017897.243073964,6413582.538678881,-5365.123448626875,-4936.327714456451,-2345.664520538370,10435.419261572,9493.587130489,5221.413996099,15042.916468811,-2.038196188346,-4.641404544358,15.862712827005,16.653003875536,0.0000000000000000e+00,0.0000000000000000e+00,0.0000000000000000e+00,0.0000000000000000e+00,199.995594874473,0
QK1_STK_case_0001,27660.000000,2023-11-25T18:49:00Z,J2000,-1270658.804174272,-2300063.172742343,6264464.325913833,-5282.782446827029,-4777.323541865861,-2812.893682160827,-1280947.554917735,-2309255.459236326,6258299.533938266,-5279.932455593327,-4771.924502545984,-2828.463871504977,10288.750743463,9192.286493983,6164.791975568,15111.624100361,-2.849991233702,-5.399039319878,15.570189344150,16.724319771591,0.0000000000000000e+00,0.0000000000000000e+00,0.0000000000000000e+00,0.0000000000000000e+00,199.995594874473,0
QK1_STK_case_0001,27720.000000,2023-11-25T18:50:00Z,J2000,-1584491.853332380,-2581247.242817477,6081513.509956471,-5174.347226016315,-4591.919285031025,-3283.147430590147,-1594585.405441438,-2590093.333580638,6074425.228786042,-5170.692031282761,-4585.782027426298,-3298.347330389835,10093.552109057,8846.090763161,7088.281170429,15178.170045147,-3.655194733555,-6.137257604727,15.199899799688,16.794741241458,0.0000000000000000e+00,0.0000000000000000e+00,0.0000000000000000e+00,0.0000000000000000e+00,199.995594874473,0
QK1_STK_case_0001,27780.000000,2023-11-25T18:51:00Z,J2000,-1891109.025452729,-2850675.019223779,5870786.146134815,-5042.343244958001,-4385.594804926145,-3738.427666868845,-1900959.366023106,-2859131.300949538,5862798.900645261,-5037.893508565027,-4378.742634792161,-3753.180568072634,9850.340570376,8456.281725758,7987.245489554,15242.506371597,-4.449736392974,-6.852170133985,14.752901203789,16.864177520437,0.0000000000000000e+00,0.0000000000000000e+00,0.0000000000000000e+00,0.0000000000000000e+00,199.995594874473,0
QK1_STK_case_0001,27840.000000,2023-11-25T18:52:00Z,J2000,-2189113.461541555,-3107118.818924281,5633243.159436667,-4887.363735224144,-4159.283366205716,-4176.661859335270,-2198673.341265683,-3115143.192386162,5624386.035125649,-4882.134256205783,-4151.743435840720,-4190.892527386417,9559.879724127,8024.373461882,8857.124311018,15304.591495900,-5.229479018362,-7.539930364996,14.230668051147,16.932510560883,0.0000000000000000e+00,0.0000000000000000e+00,0.0000000000000000e+00,0.0000000000000000e+00,199.995594874473,0
QK1_STK_case_0001,27900.000000,2023-11-25T18:53:00Z,J2000,-2477147.070538804,-3349409.726014871,5369967.691486894,-4710.107513505630,-3914.009982119491,-4595.850412613944,-2486370.252432418,-3356961.834144126,5360274.231919871,-4704.117229817651,-3905.813189133278,-4609.485557732837,9223.181893614,7552.108129255,9693.459567024,15364.393245949,-5.990283687979,-8.196792986213,13.635145118893,16.999649888588,0.0000000000000000e+00,0.0000000000000000e+00,0.0000000000000000e+00,0.0000000000000000e+00,199.995594874473,0
QK1_STK_case_0001,27960.000000,2023-11-25T18:54:00Z,J2000,-2753896.804209250,-3576442.971051055,5082160.410393720,-4511.376668635913,-3650.887069864069,-4994.077025619964,-2762738.310128136,-3583484.419496996,5071668.486995766,-4504.648589135299,-3642.067916709162,-5007.045745037041,8841.505918886,7041.448445942,10491.923397954,15421.889628677,-6.728079500615,-8.819153154908,12.968719417078,17.065526638671,0.0000000000000000e+00,0.0000000000000000e+00,0.0000000000000000e+00,0.0000000000000000e+00,199.995594874473,0
QK1_STK_case_0001,28020.000000,2023-11-25T18:55:00Z,J2000,-3018100.751385978,-3787183.034684940,4771134.229976028,-4292.073062451552,-3371.109786825464,-5369.517939802256,-3026517.103597451,-3793677.603891393,4759885.886455884,-4284.634177005078,-3361.706241404245,-5381.752130557606,8416.352211473,6494.569206453,11248.343520144,15477.068381064,-7.438885446474,-9.403545421219,12.234190755349,17.130064407729,0.0000000000000000e+00,0.0000000000000000e+00,0.0000000000000000e+00,0.0000000000000000e+00,199.995594874473,0
QK1_STK_case_0001,28080.000000,2023-11-25T18:56:00Z,J2000,-3268554.015242997,-3980668.477961618,4438308.491242604,-4053.194706286015,-3075.951570552837,-5720.450876369258,-3276503.472244981,-3986582.326563797,4426349.762701875,-4045.075877372815,-3066.004906894729,-5731.885666669921,7949.457001984,5913.848602179,11958.728540731,15529.927888654,-8.118828913200,-9.946663658108,11.434790300663,17.193194295112,0.0000000000000000e+00,0.0000000000000000e+00,0.0000000000000000e+00,0.0000000000000000e+00,199.995594874473,0
QK1_STK_case_0001,28140.000000,2023-11-25T18:57:00Z,J2000,-3504114.362461090,-4156016.488544537,4085202.588427458,-3795.831549545654,-2766.758834047726,-6045.264637092799,-3511557.146954927,-4161318.345634424,4072583.294479285,-3787.067357798822,-2756.313419385091,-6055.838819160131,7442.784493837,5301.857089887,12619.293948173,15580.478470627,-8.764191746832,-10.445414662635,10.574182067332,17.254885419576,0.0000000000000000e+00,0.0000000000000000e+00,0.0000000000000000e+00,0.0000000000000000e+00,199.995594874473,0
QK1_STK_case_0001,28200.000000,2023-11-25T18:58:00Z,J2000,-3723707.576884530,-4312427.058788789,3713429.027998209,-3521.159846246570,-2444.944095237123,-6342.467971186468,-3730606.092857013,-4317088.401719577,3700202.541098890,-3511.788383547244,-2434.047125333432,-6352.124380608130,6898.515972483,4661.342930788,13226.486899319,15628.742631410,-9.371462699327,-10.896969903691,9.656409421662,17.315152587418,0.0000000000000000e+00,0.0000000000000000e+00,0.0000000000000000e+00,0.0000000000000000e+00,199.995594874473,0
QK1_STK_case_0001,28260.000000,2023-11-25T18:59:00Z,J2000,-3926332.450712679,-4449186.733633131,3324686.018871605,-3230.435956050215,-2111.978785896919,-6610.696365501005,-3932651.487579813,-4453181.949765419,3310909.012350206,-3220.498610730446,-2100.680024366043,-6619.382183974283,6319.036867134,3995.216132288,13777.006521399,15674.753189846,-9.937345319769,-11.298761530877,8.685818473277,17.374011818998,0.0000000000000000e+00,0.0000000000000000e+00,0.0000000000000000e+00,0.0000000000000000e+00,199.995594874473,0
QK1_STK_case_0001,28320.000000,2023-11-25T19:00:00Z,J2000,-4111065.417780858,-4565671.949033888,2920749.697863010,-2924.990684109275,-1769.386823938072,-6848.717684173344,-4116772.342232049,-4568978.482635504,2906481.876693857,-2914.531945042393,-1757.738364924519,-6856.384724531154,5706.924451190,3306.533601615,14267.821169153,15718.551843765,-10.458739066882,-11.648459013553,7.667040357810,17.431446529414,0.0000000000000000e+00,0.0000000000000000e+00,0.0000000000000000e+00,0.0000000000000000e+00,199.995594874473,0
QK1_STK_case_0001,28380.000000,2023-11-25T19:01:00Z,J2000,-4277064.862074314,-4661351.998079527,2503466.009777784,-2606.223986655862,-1418.738452463177,-7055.438186992191,-4282129.798052993,-4663950.482705072,2488769.823619180,-2595.291235355572,-1406.794464513265,-7062.043198492961,5064.935978678,2598.484625544,14696.186158603,15760.189923526,-10.932751300289,-11.943987949911,6.605011500770,17.487426227633,0.0000000000000000e+00,0.0000000000000000e+00,0.0000000000000000e+00,0.0000000000000000e+00,199.995594874473,0
QK1_STK_case_0001,28440.000000,2023-11-25T19:02:00Z,J2000,-4423575.093102016,-4735791.604028417,2074742.210887085,-2275.599005833454,-1061.643146722081,-7229.908931034839,-4427971.088013208,-4737665.978040021,2059682.549039651,-2264.242263553762,-1049.459566962890,-7235.413886006423,4395.994911192,1874.374011603,15059.661847433,15799.729875971,-11.356742279692,-12.183579759190,5.504954971584,17.541942315350,0.0000000000000000e+00,0.0000000000000000e+00,0.0000000000000000e+00,0.0000000000000000e+00,199.995594874473,0
QK1_STK_case_0001,28500.000000,2023-11-25T19:03:00Z,J2000,-4549929.930344132,-4788653.031863030,1636538.009867555,-1934.635023180042,-699.741401387390,-7371.331223414501,-4553633.104955444,-4789790.634616596,1621181.880840173,-1922.906665869300,-687.375604500662,-7375.703540941609,3703.174611312,1137.602753565,15356.129027381,15837.245370719,-11.728357310742,-12.365796886728,4.372317527108,17.595012316282,0.0000000000000000e+00,0.0000000000000000e+00,0.0000000000000000e+00,0.0000000000000000e+00,199.995594874473,0
QK1_STK_case_0001,28560.000000,2023-11-25T19:04:00Z,J2000,-4655555.846918101,-4819697.696681444,1190856.429230573,-1584.899966349250,-334.696371612181,-7479.060501586704,-4658545.527938201,-4820089.345066120,1175272.628554590,-1572.854433645591,-322.206847393072,-7482.273222387870,2989.681020100,391.648384676,15583.800675983,15872.820309193,-12.045532703659,-12.489524219109,3.212720801166,17.646661108574,0.0000000000000000e+00,0.0000000000000000e+00,0.0000000000000000e+00,0.0000000000000000e+00,199.995594874473,0
QK1_STK_case_0001,28620.000000,2023-11-25T19:05:00Z,J2000,-4739974.664806118,-4828787.284289928,739734.462536135,-1228.002949597145,31.814039106497,-7552.609476698722,-4742233.499815512,-4828427.330137013,723993.230838071,-1215.696447046470,44.368001554334,-7554.641413817316,2258.835009394,-359.954152916,15741.231698064,15906.548273085,-12.306502550675,-12.553962447837,2.031937118594,17.696913477367,0.0000000000000000e+00,0.0000000000000000e+00,0.0000000000000000e+00,0.0000000000000000e+00,199.995594874473,0
QK1_STK_case_0001,28680.000000,2023-11-25T19:06:00Z,J2000,-4802805.794999016,-4815884.399365071,285233.549342518,-865.586477373474,398.105130111275,-7591.650995853749,-4804319.849046154,-4814770.767758500,269406.222003175,-853.076660542754,410.663766930905,-7592.486862298047,1514.054047138,-1113.631606572,15827.327339343,15938.532734212,-12.509816830721,-12.558636819630,0.835866444297,17.745803690401,0.0000000000000000e+00,0.0000000000000000e+00,0.0000000000000000e+00,0.0000000000000000e+00,199.995594874473,0
QK1_STK_case_0001,28740.000000,2023-11-25T19:07:00Z,J2000,-4843767.994274822,-4781052.725745269,-170570.099018812,-499.318170421855,762.493699972270,-7596.020053367584,-4844526.826967495,-4779186.933442927,-186411.448510017,-486.663813521590,774.997108863206,-7595.650541015717,758.832692673,-1865.792302343,15841.349491205,15968.887302297,-12.654356900264,-12.503408890936,-0.369512351868,17.793384215246,0.0000000000000000e+00,0.0000000000000000e+00,0.0000000000000000e+00,0.0000000000000000e+00,199.995594874473,0
QK1_STK_case_0001,28800.000000,2023-11-25T19:08:00Z,J2000,-4862680.619525244,-4724456.682787805,-625595.258342182,-130.882346325329,1123.306512820958,-7565.714602907656,-4862677.342211691,-4721843.836435541,-641378.178192468,-118.143011844284,1135.694988818483,-7564.136411146419,-3.277313554,-2612.846352265,15782.919850287,15997.735333537,-12.739334481045,-12.388475997525,-1.578191761237,17.839721684949,0.0000000000000000e+00,0.0000000000000000e+00,0.0000000000000000e+00,0.0000000000000000e+00,199.995594874473,0
QK1_STK_case_0001,28860.000000,2023-11-25T19:09:00Z,J2000,-4859464.378681308,-4646360.573096733,-1077765.467881013,238.028338051293,1478.888780620764,-7500.895374546274,-4858695.691904200,-4643009.347363439,-1093417.488357528,250.792627755248,1491.103150302333,-7498.111201615636,-768.686777107,-3351.225733293,15652.020476515,16025.209461160,-12.764289703955,-12.214369681570,-2.784172930638,17.884896904154,0.0000000000000000e+00,0.0000000000000000e+00,0.0000000000000000e+00,0.0000000000000000e+00,199.995594874473,0
QK1_STK_case_0001,28920.000000,2023-11-25T19:10:00Z,J2000,-4834141.577840985,-4547127.219157128,-1525018.770344557,605.721373149831,1827.612731496211,-7401.884817868033,-4832607.788930561,-4543049.814796980,-1540467.762440296,618.450470717759,1839.594687721240,-7397.903310257025,-1533.788910423,-4077.404360148,15448.992095738,16051.451383351,-12.729097567929,-11.981956225029,-3.981507611008,17.929015665364,0.0000000000000000e+00,0.0000000000000000e+00,0.0000000000000000e+00,0.0000000000000000e+00,199.995594874473,0
QK1_STK_case_0001,28980.000000,2023-11-25T19:11:00Z,J2000,-4786835.852121350,-4427216.086316079,-1965317.352508157,970.513076105581,2167.886079077313,-7269.164778086631,-4784540.872609071,-4422428.168451402,-1980491.881898967,983.147043358191,2179.578500616221,-7264.000422292524,-2294.979512279,-4787.917864676,15174.529390810,16076.611293218,-12.633967252610,-11.692421538908,-5.164355794107,17.972212461233,0.0000000000000000e+00,0.0000000000000000e+00,0.0000000000000000e+00,0.0000000000000000e+00,199.995594874473,0
QK1_STK_case_0001,29040.000000,2023-11-25T19:12:00Z,J2000,-4717771.380011236,-4287180.915035756,-2396657.004713883,1330.737055191221,2498.159831160134,-7103.372832713250,-4714722.703535639,-4281701.533320738,-2411486.677708269,1343.216476647709,2509.507064973164,-7097.045802812094,-3048.676475597,-5479.381715018,14829.672994386,16100.846355150,-12.479421456488,-11.347233813030,-6.327029901157,18.014632454379,0.0000000000000000e+00,0.0000000000000000e+00,0.0000000000000000e+00,0.0000000000000000e+00,199.995594874473,0
QK1_STK_case_0001,29100.000000,2023-11-25T19:13:00Z,J2000,-4627271.605256024,-4127666.912354398,-2817076.334278647,1684.752138098552,2816.935177452744,-6905.297870181733,-4623480.267362307,-4121518.405282705,-2831492.134085764,1697.018414146455,2827.883289410503,-6897.833861010959,-3791.337893716,-6148.507071693,14415.799807117,16124.319096131,-12.266276047903,-10.948111957759,-7.464009170774,18.056414827545,0.0000000000000000e+00,0.0000000000000000e+00,0.0000000000000000e+00,0.0000000000000000e+00,199.995594874473,0
QK1_STK_case_0001,29160.000000,2023-11-25T19:14:00Z,J2000,-4515757.496021481,-3949407.549255712,-3224665.705605725,2030.949934777055,3122.769843868801,-6675.875452578400,-4511238.016574369,-3942615.433749125,-3238600.318281080,2042.945567148976,3133.266859603050,-6667.305497248547,-4519.479447113,-6792.115506587,13934.612675355,16147.196596928,-11.995632371922,-10.497015734249,-8.569955329853,18.097697911144,0.0000000000000000e+00,0.0000000000000000e+00,0.0000000000000000e+00,0.0000000000000000e+00,199.995594874473,0
QK1_STK_case_0001,29220.000000,2023-11-25T19:15:00Z,J2000,-4383745.352722451,-3753220.978744306,-3617575.891500959,2367.762334569215,3414.284431335079,-6416.182701761641,-4378515.661555639,-3745813.825558914,-3630964.020102043,2379.431201182007,3424.280569413002,-6406.542963765965,-5229.691166812,-7407.153185392,13388.128601084,16169.649824633,-11.668866612792,-9.996138077923,-9.639737995675,18.138626550136,0.0000000000000000e+00,0.0000000000000000e+00,0.0000000000000000e+00,0.0000000000000000e+00,199.995594874473,0
QK1_STK_case_0001,29280.000000,2023-11-25T19:16:00Z,J2000,-4231844.172194256,-3540006.075281463,-3994026.390050643,2693.668726037163,3690.168626365857,-6127.432254450020,-4225925.518675230,-3532015.370669370,-4006805.055348737,2704.956338431378,3699.616519994750,-6116.763784198719,-5918.653519027,-7990.704612093,12778.665298094,16191.853089647,-11.287612394215,-9.447893628893,-10.668470251301,18.179360414706,0.0000000000000000e+00,0.0000000000000000e+00,0.0000000000000000e+00,0.0000000000000000e+00,199.995594874473,0
QK1_STK_case_0001,29340.000000,2023-11-25T19:17:00Z,J2000,-4060752.594973914,-3310738.114347104,-4352313.353724250,3007.202660206292,3949.186952158138,-5810.965440275560,-4054169.442962058,-3302198.109171120,-4364422.179530160,3018.056393301255,3958.041844785644,-5799.313910554697,-6583.152011856,-8540.005175984,12108.825805910,16213.982891779,-10.853733094963,-8.854892627506,-11.651529720862,18.220065597508,0.0000000000000000e+00,0.0000000000000000e+00,0.0000000000000000e+00,0.0000000000000000e+00,199.995594874473,0
QK1_STK_case_0001,29400.000000,2023-11-25T19:18:00Z,J2000,-3871255.469026849,-3066464.124327874,-4690817.094639015,3306.957995379996,4190.183934737834,-5468.245007668897,-3864035.378690239,-3057411.672195311,-4702198.577004427,3317.327298033335,4198.403851644644,-5455.660440812367,-7220.090336610,-9052.452132563,11381.482365412,16236.216767318,-10.369302653340,-8.219916906810,-12.584566856530,18.260908915985,0.0000000000000000e+00,0.0000000000000000e+00,0.0000000000000000e+00,0.0000000000000000e+00,199.995594874473,0
QK1_STK_case_0001,29460.000000,2023-11-25T19:19:00Z,J2000,-3664220.056691068,-2808297.945896465,-5008009.142309484,3591.594653312667,4412.088684389813,-5100.847484968250,-3656393.554126483,-2798772.331667534,-5018608.902029436,3601.431243101413,4419.634580968716,-5087.383968104311,-7826.502564586,-9525.614228932,10599.759719952,16258.732267696,-9.836589788746,-7.545896578903,-13.463516863938,18.302058359570,0.0000000000000000e+00,0.0000000000000000e+00,0.0000000000000000e+00,0.0000000000000000e+00,199.995594874473,0
QK1_STK_case_0001,29520.000000,2023-11-25T19:20:00Z,J2000,-3440591.908848981,-2537415.035093901,-5302458.832664710,3859.843941269329,4613.918853589475,-4710.455214048055,-3432192.344673448,-2527457.795301743,-5312225.850435556,3869.101976409705,4620.754736625599,-4696.170609785191,-8399.564175534,-9957.239792158,9767.017770845,16281.705646321,-9.258035140376,-6.835883036123,-14.284604262865,18.343675490224,0.0000000000000000e+00,0.0000000000000000e+00,0.0000000000000000e+00,0.0000000000000000e+00,199.995594874473,0
QK1_STK_case_0001,29580.000000,2023-11-25T19:21:00Z,J2000,-3201390.434320844,-2255047.046980455,-5572839.415590589,4110.513392748046,4794.784012615146,-4298.848319495304,-3192453.832539157,-2244701.783608514,-5581726.250185237,4119.149628953774,4800.877044711280,-4283.803988801786,-8936.601781687,-10345.263371940,8886.834594648,16305.310630341,-8.636236205728,-6.093032096134,-15.044330693518,18.385904980217,0.0000000000000000e+00,0.0000000000000000e+00,0.0000000000000000e+00,0.0000000000000000e+00,199.995594874473,0
QK1_STK_case_0001,29640.000000,2023-11-25T19:22:00Z,J2000,-2947704.187909016,-1962476.227619880,-5817933.684085337,4342.491384266311,4953.888738125835,-3867.896801203244,-2938269.085319811,-1951788.415670261,-5825896.673964751,4350.465330475610,4959.209338082916,-3852.157324516253,-9435.102589206,-10687.811949619,7962.989879415,16329.718091839,-7.973946209299,-5.320599957082,-15.739476686991,18.428882994702,0.0000000000000000e+00,0.0000000000000000e+00,0.0000000000000000e+00,0.0000000000000000e+00,199.995594874473,0
QK1_STK_case_0001,29700.000000,2023-11-25T19:23:00Z,J2000,-2680685.879084624,-1661029.621204911,-6036639.122402033,4554.751830634886,5090.535686102503,-3419.552229662490,-2670793.155586001,-1650046.410499057,-6043638.570067935,4562.025899382825,5095.057623139306,-3403.185109777044,-9892.723498623,-10983.210705855,6999.447665902,16355.095941544,-7.274068747939,-4.521937036803,-16.367119885446,18.472753017867,0.0000000000000000e+00,0.0000000000000000e+00,0.0000000000000000e+00,0.0000000000000000e+00,199.995594874473,0
QK1_STK_case_0001,29760.000000,2023-11-25T19:24:00Z,J2000,-2401547.105714491,-1352073.100376220,-6227972.524608414,4746.358512364819,5204.128304925132,-2955.838376908889,-2391239.806070192,-1340843.112125115,-6233972.862198639,4752.898146642440,5207.828773197186,-2938.913708152802,-10307.299644299,-11229.988251104,6000.337590225,16381.608995272,-6.539634277622,-3.700468272053,-16.924668756086,18.517685989906,0.0000000000000000e+00,0.0000000000000000e+00,0.0000000000000000e+00,0.0000000000000000e+00,199.995594874473,0
QK1_STK_case_0001,29820.000000,2023-11-25T19:25:00Z,J2000,-2111552.859126223,-1037005.259262811,-6391074.025272735,4916.468288356879,5294.172640286507,-2478.841150745322,-2100876.008526611,-1025578.379259855,-6396043.959915903,4922.242039547601,5297.032295746585,-2461.431284865873,-10676.850599612,-11426.880002956,4969.934643168,16409.417286600,-5.773751190722,-2.859655460078,-17.409865879448,18.563869804087,0.0000000000000000e+00,0.0000000000000000e+00,0.0000000000000000e+00,0.0000000000000000e+00,199.995594874473,0
QK1_STK_case_0001,29880.000000,2023-11-25T19:26:00Z,J2000,-1812015.874616934,-717251.228826424,-6525210.534624328,5064.333107908918,5360.278170617548,-1990.698992038005,-1801016.290791708,-705678.399364120,-6529123.174865964,5069.312679712190,5362.281141550537,-1972.878248317248,-10999.583825226,-11572.829462304,3912.640241636,16438.673296595,-4.979571803272,-2.002970932988,-17.820743720757,18.611473199703,0.0000000000000000e+00,0.0000000000000000e+00,0.0000000000000000e+00,0.0000000000000000e+00,199.995594874473,0
QK1_STK_case_0001,29940.000000,2023-11-25T19:27:00Z,J2000,-1504290.878489910,-394256.458140043,-6629778.632668380,5189.301602735458,5402.158214443877,-1493.594472617579,-1493016.981172244,-382589.469383159,-6632611.599145772,5193.461902589126,5403.292113680734,-1475.438897266898,-11273.897317666,-11666.988756884,2832.966477392,16469.519921496,-4.160299853669,-1.133899236858,-18.155575350681,18.660619996828,0.0000000000000000e+00,0.0000000000000000e+00,0.0000000000000000e+00,0.0000000000000000e+00,199.995594874473,0
QK1_STK_case_0001,30000.000000,2023-11-25T19:28:00Z,J2000,-1189768.729715752,-69480.468595975,-6704306.985744577,5290.821100566216,5419.630490123644,-989.746625110974,-1178270.346214890,-57771.748782235,-6706042.507964469,5294.140316588808,5419.886441260172,-971.333758971737,-11498.383500862,-11708.719813741,1735.522219891,16502.090176257,-3.319216022592,-0.255951136528,-18.412866139237,18.711396138460,0.0000000000000000e+00,0.0000000000000000e+00,0.0000000000000000e+00,0.0000000000000000e+00,199.995594874473,0
QK1_STK_case_0001,30060.000000,2023-11-25T19:29:00Z,J2000,-869870.426028418,255609.431964136,-6748458.296446024,5368.440059468564,5412.617849950501,-481.402860696649,-858198.591920463,267307.028025593,-6749083.294695894,5370.899738295963,5411.990512651519,-462.811479184848,-11671.834107955,-11697.596061456,624.998249870,16536.507729051,-2.459678827400,0.627337298982,-18.591381511801,18.763875893269,0.0000000000000000e+00,0.0000000000000000e+00,0.0000000000000000e+00,0.0000000000000000e+00,199.995594874473,0
QK1_STK_case_0001,30120.000000,2023-11-25T19:30:00Z,J2000,-546040.970594448,579544.472327840,-6762030.739131959,5421.810095914632,5381.148665345058,29.170066242101,-534247.726372972,591177.875819852,-6761536.890406642,5423.395201493085,5379.636246951778,47.860229813143,-11793.244221476,-11633.403492012,-493.848725318,16572.886671876,-1.585105578452,1.512418393281,-18.690163571042,18.818134429414,0.0000000000000000e+00,0.0000000000000000e+00,0.0000000000000000e+00,0.0000000000000000e+00,199.995594874473,0
QK1_STK_case_0001,30180.000000,2023-11-25T19:31:00Z,J2000,-219743.145517212,900860.742495946,-6744958.841129239,5450.687075379497,5325.356495461827,539.695318982404,-207881.330547206,912376.883279348,-6743342.628373578,5451.386018473425,5322.960742222315,558.403840961445,-11861.814970005,-11516.140783402,-1616.212755661,16611.330368076,-0.698943093927,2.395753239512,-18.708521979040,18.874240373414,0.0000000000000000e+00,0.0000000000000000e+00,0.0000000000000000e+00,0.0000000000000000e+00,199.995594874473,0
QK1_STK_case_0001,30240.000000,2023-11-25T19:32:00Z,J2000,107548.760487283,1218105.482265037,-6697313.825735608,5454.931676827830,5245.479307926739,1047.894543630428,119425.715643438,1229451.500923233,-6694576.572174389,5454.736347607889,5242.205498045998,1066.540541372297,-11876.955156154,-11346.018658196,-2737.253561218,16651.929624876,0.195329219941,3.273809880742,-18.645997741869,18.932226927364,0.0000000000000000e+00,0.0000000000000000e+00,0.0000000000000000e+00,0.0000000000000000e+00,199.995594874473,0
QK1_STK_case_0001,30300.000000,2023-11-25T19:33:00Z,J2000,434355.265149768,1529843.326384611,-6619303.465198497,5434.510322880906,5141.858922702571,1551.495794264245,446193.549191755,1540966.786479062,-6615451.355226777,5433.416152758814,5137.715881892480,1569.998150991316,-11838.284041986,-11123.460094451,-3852.109971720,16694.762195546,1.094170122092,4.143040810091,-18.502356727071,18.992082557369,0.0000000000000000e+00,0.0000000000000000e+00,0.0000000000000000e+00,0.0000000000000000e+00,199.995594874473,0
QK1_STK_case_0001,30360.000000,2023-11-25T19:34:00Z,J2000,759198.080103289,1834662.530223272,-6511271.446167242,5389.496626287384,5014.940843511426,2048.242087419758,770943.715805517,1845511.632015923,-6506315.531633054,5387.502664960832,5009.940973526629,2066.519721866857,-11745.635702228,-10849.101792651,-4955.914534188,16739.894164150,1.993961326552,4.999869984797,-18.277634447100,19.053779221416,0.0000000000000000e+00,0.0000000000000000e+00,0.0000000000000000e+00,0.0000000000000000e+00,199.995594874473,0
QK1_STK_case_0001,30420.000000,2023-11-25T19:35:00Z,J2000,1080606.577615388,2131181.178759294,-6373696.177742481,5320.072390299759,4865.273701661074,2535.901426383180,1092205.640584733,2141704.974093809,-6367652.366293341,5317.181352157942,4859.432983116643,2553.873616337100,-11599.062969345,-10523.795334514,-6043.811449141,16787.381774486,2.891038141816,5.840718544431,-17.972189953920,19.117314309089,0.0000000000000000e+00,0.0000000000000000e+00,0.0000000000000000e+00,0.0000000000000000e+00,199.995594874473,0
QK1_STK_case_0001,30480.000000,2023-11-25T19:36:00Z,J2000,1397124.276888024,2418053.326077517,-6207188.970832253,5226.527185608771,4693.507413004234,3012.277488709683,1408523.115504057,2428201.931967436,-6200077.994551199,5222.745444538138,4686.845359880091,3029.864190705458,-11398.838616033,-10148.605889920,-7110.976281054,16837.271363644,3.781741070632,6.662053124143,-17.586701995775,19.182716294686,0.0000000000000000e+00,0.0000000000000000e+00,0.0000000000000000e+00,0.0000000000000000e+00,199.995594874473,0
QK1_STK_case_0001,30540.000000,2023-11-25T19:37:00Z,J2000,1707315.265500837,2693974.985163914,-6012491.599702851,5109.256743843918,4500.390130120383,3475.219299809859,1718460.719798913,2703699.793772050,-6004338.966214950,5104.594314817025,4492.929724476514,3492.341410019254,-11145.454298076,-9724.808608137,-8152.633487901,16889.596998254,4.662429026893,7.460405643870,-17.122110209395,19.250001424014,0.0000000000000000e+00,0.0000000000000000e+00,0.0000000000000000e+00,0.0000000000000000e+00,199.995594874473,0
QK1_STK_case_0001,30600.000000,2023-11-25T19:38:00Z,J2000,2009770.519305182,2957689.924274881,-5790473.331469868,4968.761420732633,4286.765059781637,3922.629320848425,2020610.139822181,2966943.809686570,-5781309.260691556,4963.231975282119,4278.532711535826,3939.208909473039,-10839.620516999,-9253.885411689,-9164.070778313,16944.378459983,5.529445450514,8.232348245811,-16.579588624614,19.319137754878,0.0000000000000000e+00,0.0000000000000000e+00,0.0000000000000000e+00,0.0000000000000000e+00,199.995594874473,0
QK1_STK_case_0001,30660.000000,2023-11-25T19:39:00Z,J2000,2303114.154489835,3207995.292103100,-5542127.487128020,4805.645455665054,4053.567985016408,4352.471393852842,2313596.422587296,3216732.815341823,-5531986.833067071,4799.266356796275,4044.593514329254,4368.431968598283,-10482.268097462,-8737.523238723,-10140.654060950,17001.621146177,6.379098868779,8.974470687154,-15.960574745440,19.390048290219,0.0000000000000000e+00,0.0000000000000000e+00,0.0000000000000000e+00,0.0000000000000000e+00,199.995594874473,0
QK1_STK_case_0001,30720.000000,2023-11-25T19:40:00Z,J2000,2586009.636216448,3443747.103853389,-5268567.487107437,4620.615959092171,3801.824883204086,4762.780006820461,2596084.186259383,3451924.716996364,-5257489.642236615,4613.408275260112,3792.141498826737,4778.046834673926,-10074.550042935,-8177.613142975,-11077.844870822,17061.317717743,7.207683832060,9.683384377349,-15.266827853464,19.462648122230,0.0000000000000000e+00,0.0000000000000000e+00,0.0000000000000000e+00,0.0000000000000000e+00,199.995594874473,0
QK1_STK_case_0001,30780.000000,2023-11-25T19:41:00Z,J2000,2857165.886737397,3663865.561769046,-4971022.316306320,4414.480563155804,3532.648733408715,5151.670107488306,2866783.727615694,3671441.809775145,-4959051.095994731,4406.469035276808,3522.292977535229,5166.170543859185,-9617.840878297,-7576.248006099,-11971.220311589,17123.449207410,8.011527878995,10.355755873487,-14.500436370880,19.536860382700,0.0000000000000000e+00,0.0000000000000000e+00,0.0000000000000000e+00,0.0000000000000000e+00,199.995594874473,0
QK1_STK_case_0001,30840.000000,2023-11-25T19:42:00Z,J2000,3115343.223069239,3867340.158084350,-4650831.420981761,4188.144284115982,3247.235517220002,5517.346125964800,3124456.957338019,3874275.876622091,-4638014.929117106,4179.357290463759,3236.247192184944,5531.009912533377,-9113.734268780,-6935.718537740,-12816.491864655,17187.984398220,8.786993652224,10.988325035058,-13.663786568577,19.612587996283,0.0000000000000000e+00,0.0000000000000000e+00,0.0000000000000000e+00,0.0000000000000000e+00,199.995594874473,0
QK1_STK_case_0001,30900.000000,2023-11-25T19:43:00Z,J2000,3359359.114248218,4053234.524817097,-4309439.088515435,3942.606755856787,2946.859809036778,5858.110337354977,3367923.156161014,4059493.033532682,-4295829.565331036,3933.076309653534,2935.281896983131,5870.869910234293,-8564.041912795,-6258.508715585,-13609.523184399,17254.879499257,9.530446203253,11.577912053648,-12.759572879316,19.689696605527,0.0000000000000000e+00,0.0000000000000000e+00,0.0000000000000000e+00,0.0000000000000000e+00,199.995594874473,0
QK1_STK_case_0001,30960.000000,2023-11-25T19:44:00Z,J2000,3588093.784444413,4220691.004337882,-3948388.313509391,3678.959710736880,2632.869812070739,6172.371788559599,3596064.577934134,4226238.294548374,-3934041.963264926,3668.721445915134,2620.748362707124,6184.162642755337,-7970.793489721,-5547.290210491,-14346.350244464,17324.079856432,10.238264821745,12.121449363614,-11.790854195739,19.768051090080,0.0000000000000000e+00,0.0000000000000000e+00,0.0000000000000000e+00,0.0000000000000000e+00,199.995594874473,0
QK1_STK_case_0001,31020.000000,2023-11-25T19:45:00Z,J2000,3800495.635138926,4368934.891817073,-3569314.103376135,3398.383196473959,2306.681310452328,6458.655951108900,3807831.868709379,4373739.805946488,-3554290.899338692,3387.476278389468,2294.065284115724,6469.417015314472,-7336.233570453,-4804.914129414,-15023.204037444,17395.521904845,10.906918084492,12.616026336604,-10.761064205572,19.847556158483,0.0000000000000000e+00,0.0000000000000000e+00,0.0000000000000000e+00,0.0000000000000000e+00,199.995594874473,0
QK1_STK_case_0001,31080.000000,2023-11-25T19:46:00Z,J2000,3995586.377273830,4497278.283897828,-3173936.221314390,3102.139674833200,1969.770721576811,6715.613413312562,4002249.191823421,4501312.685130412,-3158299.689764895,3090.606659687990,1956.711822333170,6725.287376076158,-6662.814549590,-4034.401232583,-15636.531549495,17469.133061662,11.533015145210,13.058899243641,-9.673962763596,19.928141994342,0.0000000000000000e+00,0.0000000000000000e+00,0.0000000000000000e+00,0.0000000000000000e+00,199.995594874473,0
QK1_STK_case_0001,31140.000000,2023-11-25T19:47:00Z,J2000,4172465.776383973,4605123.513957195,-2764051.475383226,2791.567508618180,1623.668511905751,6942.026373448295,4178418.964450720,4608362.446279936,-2747868.461500210,2779.454209152761,1610.221040076925,6950.559960656867,-5953.188066746,-3238.932322741,-16183.013883016,17544.830266698,12.113299465419,13.447471828827,-8.533587208572,20.009713470520,0.0000000000000000e+00,0.0000000000000000e+00,0.0000000000000000e+00,0.0000000000000000e+00,199.995594874473,0
QK1_STK_case_0001,31200.000000,2023-11-25T19:48:00Z,J2000,4330316.038463806,4691966.216202498,-2341525.649832692,2468.075539081693,1269.953236256341,7136.814468234130,4335526.236757066,4694388.056062082,-2324866.066799006,2455.430935517999,1256.173947501505,7144.158742732556,-5210.198293260,-2421.839859583,-16659.583033685,17622.519156375,12.644603563694,13.779288754836,-7.344274498426,20.092117005939,0.0000000000000000e+00,0.0000000000000000e+00,0.0000000000000000e+00,0.0000000000000000e+00,199.995594874473,0
QK1_STK_case_0001,31260.000000,2023-11-25T19:49:00Z,J2000,4468405.892497352,4757398.018609101,-1908285.060803332,2133.138124538139,910.244882886335,7299.041535299527,4472842.769130208,4758984.616710047,-1891221.618999805,2120.014260362538,896.192789907899,7305.152257697741,-4436.876632855,-1586.598100946,-17063.441803527,17702.096315732,13.123864175602,14.052092978435,-6.110722398214,20.175184167741,0.0000000000000000e+00,0.0000000000000000e+00,0.0000000000000000e+00,0.0000000000000000e+00,199.995594874473,0
QK1_STK_case_0001,31320.000000,2023-11-25T19:50:00Z,J2000,4586094.341569872,4801108.786541652,-1466307.688206830,1788.288812210038,546.196537454725,7427.922708629550,4589730.774702757,4801845.595425780,-1448915.602401054,1774.740606218653,531.932640155786,7432.760692469681,-3636.433132885,-736.808884128,-17392.085805776,17783.452475185,13.548205991385,14.263897298939,-4.837983840131,20.258794124455,0.0000000000000000e+00,0.0000000000000000e+00,0.0000000000000000e+00,0.0000000000000000e+00,199.995594874473,0
QK1_STK_case_0001,31380.000000,2023-11-25T19:51:00Z,J2000,4682833.972364614,4822888.332002042,-1017613.921930213,1435.112005298917,179.485146139625,7522.829903160015,4685646.215232947,4822764.516738610,-999970.599305762,1421.196996709728,165.072152010871,7526.361293868797,-2812.242868333,123.815263432,-17643.322624451,17866.473446106,13.915008589189,14.412994128754,-3.531390708783,20.342875512837,0.0000000000000000e+00,0.0000000000000000e+00,0.0000000000000000e+00,0.0000000000000000e+00,199.995594874473,0
QK1_STK_case_0001,31440.000000,2023-11-25T19:52:00Z,J2000,4758173.733660028,4822627.583604425,-564257.050803617,1075.233883642786,-188.196999361475,7583.294942617963,4760141.563955861,4821636.116797315,-546441.764285874,1061.011975436700,-202.694916752725,7585.491439595554,-1967.830295833,991.466807111,-17815.286517743,17951.038861639,14.221908206086,14.497917391250,-2.196496977591,20.427356184255,0.0000000000000000e+00,0.0000000000000000e+00,0.0000000000000000e+00,0.0000000000000000e+00,199.995594874473,0
QK1_STK_case_0001,31500.000000,2023-11-25T19:53:00Z,J2000,4811761.187316315,4800319.281018868,-108313.606874402,710.314072561128,-555.149682015598,7609.011545756292,4812868.042025161,4798457.023883416,-90407.155226322,695.847299322349,-569.667119713473,7609.850626105274,-1106.854708846,1862.257135452,-17906.451648079,18037.021361911,14.466773238778,14.517437697875,-0.839080348983,20.512132533844,0.0000000000000000e+00,0.0000000000000000e+00,0.0000000000000000e+00,0.0000000000000000e+00,199.995594874473,0
QK1_STK_case_0001,31560.000000,2023-11-25T19:54:00Z,J2000,4843344.287360143,4756058.226489799,348126.408949279,342.038124267835,-919.672415757714,7599.837386413766,4843577.383799376,4753325.994445926,366042.054639660,327.390424241231,-934.143021143963,7599.302533511878,-233.096439233,2732.232043873,-17915.645690382,18124.287196876,14.647700026605,14.470605386249,0.534852901888,20.597077558251,0.0000000000000000e+00,0.0000000000000000e+00,0.0000000000000000e+00,0.0000000000000000e+00,199.995594874473,0
QK1_STK_case_0001,31620.000000,2023-11-25T19:55:00Z,J2000,4852772.711184472,4690041.039031450,802969.419361637,-27.890026814914,-1280.073363395725,7555.795763390810,4852123.153967929,4686443.648782074,820811.482499967,-42.653058830232,-1294.430171811871,7553.876674455440,649.557216542,3597.390249377,-17842.063138330,18212.697719340,14.763032015318,14.356808416146,1.919088935370,20.682068671317,0.0000000000000000e+00,0.0000000000000000e+00,0.0000000000000000e+00,0.0000000000000000e+00,199.995594874473,0
QK1_STK_case_0001,31680.000000,2023-11-25T19:56:00Z,J2000,4839998.725764398,4602565.350770601,1254128.229639264,-397.756030082036,-1634.678825445322,7477.076115650884,4838461.598088920,4598111.646472455,1271813.506126603,-412.567418071802,-1648.854610106439,7473.768868930072,1537.127675478,4453.704298146,-17685.276487339,18302.110476655,14.811387989765,14.175784661117,3.307246720812,20.766992218760,0.0000000000000000e+00,0.0000000000000000e+00,0.0000000000000000e+00,0.0000000000000000e+00,199.995594874473,0
QK1_STK_case_0001,31740.000000,2023-11-25T19:57:00Z,J2000,4805077.560455849,4494028.445609508,1699531.984360385,-765.843629552410,-1981.842182953861,7364.033508856272,4802651.997815033,4488731.304561930,1716977.229906600,-780.635328775504,-1995.769786639094,7359.340709258389,2425.562640816,5297.141047578,-17445.245546216,18392.380204047,14.791699223094,13.927603685232,4.692799597882,20.851735620453,0.0000000000000000e+00,0.0000000000000000e+00,0.0000000000000000e+00,0.0000000000000000e+00,199.995594874473,0
QK1_STK_case_0001,31800.000000,2023-11-25T19:58:00Z,J2000,4748167.247232460,4364925.387425028,2137136.074760555,-1130.443955425377,-2319.952051028134,7217.187522641922,4744856.490926054,4358801.706146619,2154258.400402872,-1145.147214948561,-2333.564712392416,7211.118427580168,3310.756306407,6123.681278409,-17122.325642317,18483.360493198,14.703259523184,13.612661364282,6.069095061754,20.936196046400,0.0000000000000000e+00,0.0000000000000000e+00,0.0000000000000000e+00,0.0000000000000000e+00,199.995594874473,0
QK1_STK_case_0001,31860.000000,2023-11-25T19:59:00Z,J2000,4669527.878775150,4215846.665620308,2564931.951554776,-1489.865545511284,-2647.440332613311,7037.220039680624,4665339.306363882,4208917.325731053,2581649.225230643,-1504.411309120161,-2660.672037710089,7029.790625494079,4188.572411268,6929.339889255,-16717.273675867,18574.905902833,14.545763608877,13.231705096779,7.429414186545,21.020310508855,0.0000000000000000e+00,0.0000000000000000e+00,0.0000000000000000e+00,0.0000000000000000e+00,199.995594874473,0
QK1_STK_case_0001,31920.000000,2023-11-25T20:00:00Z,J2000,4569520.265735814,4047475.348885980,2980956.747648241,-1842.444127698441,-2962.790542392795,6824.971027188649,4564465.397558773,4039765.161041635,2997187.996925190,-1856.763418510461,-2975.576400871284,6816.203958268161,5054.868177041,7710.187844345,-16231.249276949,18666.872849323,14.319290812020,12.785858478488,8.767068920489,21.104069840856,0.0000000000000000e+00,0.0000000000000000e+00,0.0000000000000000e+00,0.0000000000000000e+00,199.995594874473,0
QK1_STK_case_0001,31980.000000,2023-11-25T20:01:00Z,J2000,4448604.047339105,3860583.741513559,3383302.585404594,-2186.550914722458,-3264.545937187231,6581.432376717501,4442698.531795251,3852121.366861375,3398968.395936944,-2200.575154431067,-3276.822547497294,6571.356906078964,5905.515543854,8462.374652184,-15665.810532350,18759.118268941,14.024239708609,12.276610310063,10.075470638537,21.187486134454,0.0000000000000000e+00,0.0000000000000000e+00,0.0000000000000000e+00,0.0000000000000000e+00,199.995594874473,0
QK1_STK_case_0001,32040.000000,2023-11-25T20:02:00Z,J2000,4307335.357969655,3656029.578481915,3770125.488451169,-2520.599202817160,-3551.316653996513,6307.741148801690,4300598.939296886,3646847.429365900,3785148.396259444,-2534.260487880736,-3563.022427858925,6296.393024364000,6736.418672769,9182.149116015,-15022.907808275,18851.497498594,13.661285063576,11.705773862412,11.348124437689,21.270537829578,0.0000000000000000e+00,0.0000000000000000e+00,0.0000000000000000e+00,0.0000000000000000e+00,199.995594874473,0
QK1_STK_case_0001,32100.000000,2023-11-25T20:03:00Z,J2000,4146364.118739875,3434751.830155544,4139653.907431859,-2843.050549507575,-3821.785614085069,6005.173599166137,4138820.587696187,3424885.952480414,4153958.786857982,-2856.281963023678,-3832.861070230268,5992.595012992105,7543.531043687,9865.877675130,-14304.879426123,18943.863869433,13.231413516103,11.075456145199,12.578586174032,21.353146433158,0.0000000000000000e+00,0.0000000000000000e+00,0.0000000000000000e+00,0.0000000000000000e+00,199.995594874473,0
QK1_STK_case_0001,32160.000000,2023-11-25T20:04:00Z,J2000,3966430.930450733,3197766.175832182,4490196.912110250,-3152.422112349544,-4074.713806840354,5675.139899853430,3958108.053214911,3187256.113513872,4503711.360900033,-3165.158120118602,-4085.101879107405,5661.379417156157,8322.877235822,10510.062318309,-13514.448789784,19036.071588146,12.736007769059,10.388072267052,13.760482697273,21.435223893884,0.0000000000000000e+00,0.0000000000000000e+00,0.0000000000000000e+00,0.0000000000000000e+00,199.995594874473,0
QK1_STK_case_0001,32220.000000,2023-11-25T20:05:00Z,J2000,3768363.480639661,2946160.156138200,4820152.048876521,-3447.295326594554,-4308.945839732872,5319.177848517916,3759292.903339079,2935048.796470707,4832806.766275011,-3459.472207005544,-4318.592205268131,5304.290254737335,9070.577300582,11111.359667493,-12654.717398490,19127.978425904,12.176880410989,9.646365535259,14.887593780580,21.516719851291,0.0000000000000000e+00,0.0000000000000000e+00,0.0000000000000000e+00,0.0000000000000000e+00,199.995594874473,0
QK1_STK_case_0001,32280.000000,2023-11-25T20:06:00Z,J2000,3553072.433216707,2681087.980704865,5128012.747450370,-3726.324065685415,-4523.415749640809,4938.944084680577,3543289.560891733,2669421.379495286,5139741.899719486,-3737.880300373928,-4532.269169593544,4922.990106181178,9782.872324975,11666.601209580,-11729.152269116,19219.448162271,11.556234688513,8.853419952735,15.953978499399,21.597662720646,0.0000000000000000e+00,0.0000000000000000e+00,0.0000000000000000e+00,0.0000000000000000e+00,199.995594874473,0
QK1_STK_case_0001,32340.000000,2023-11-25T20:07:00Z,J2000,3321546.893830155,2403765.001454858,5412375.138089925,-3988.240486389365,-4717.152185704016,4536.203532708286,3311090.749151882,2391592.188591147,5423116.704848126,-3999.117044821792,-4725.164808721198,4519.249498650401,10456.144678273,12172.812863710,-10741.566758201,19310.349322805,10.876558432427,8.012623017182,16.954034057886,21.678120808442,0.0000000000000000e+00,0.0000000000000000e+00,0.0000000000000000e+00,0.0000000000000000e+00,199.995594874473,0
QK1_STK_case_0001,32400.000000,2023-11-25T20:08:00Z,J2000,3074849.594381709,2115461.911498690,5671944.235296028,-4231.858774643125,-4889.282352025758,4112.819146282771,3063762.661468130,2102834.679889108,5681640.336269354,-4241.999344699554,-4896.409967857379,4094.936686886732,11086.932913579,12627.231609582,-9696.100973326,19400.552405465,10.140570056429,7.127615831622,17.882459396039,21.758134629685,0.0000000000000000e+00,0.0000000000000000e+00,0.0000000000000000e+00,0.0000000000000000e+00,199.995594874473,0
QK1_STK_case_0001,32460.000000,2023-11-25T20:09:00Z,J2000,2814111.869082081,1817498.740125525,5905539.546067599,-4456.078655678063,-5039.034935520091,3670.742971656943,2802439.922632209,1804471.420278264,5914136.751219253,-4465.429915813606,-5045.237205805385,3652.008752888987,11671.946449871,13027.319847261,-8597.205151654,19489.929008365,9.351260135544,6.202270285295,18.734218767956,21.837700786944,0.0000000000000000e+00,0.0000000000000000e+00,0.0000000000000000e+00,0.0000000000000000e+00,199.995594874473,0
QK1_STK_case_0001,32520.000000,2023-11-25T20:10:00Z,J2000,2540528.392082405,1511238.690963363,6112100.160728833,-4659.889883282238,-5165.742452810161,3212.007613400041,2528320.308355823,1497867.912081529,6119549.783574331,-4668.401823490452,-5170.983125819935,3192.503029326572,12208.083726582,13370.778881834,-7449.622845498,19578.353268912,8.511940208214,5.240673009774,19.504584073469,21.916810433605,0.0000000000000000e+00,0.0000000000000000e+00,0.0000000000000000e+00,0.0000000000000000e+00,199.995594874473,0
QK1_STK_case_0001,32580.000000,2023-11-25T20:11:00Z,J2000,2255351.631338164,1198081.855747227,6290689.312618054,-4842.376983937723,-5268.843030834113,2738.716948554832,2242659.180271761,1184426.294944992,6296947.683065572,-4850.003199346732,-5273.090121274334,2718.527759837700,12692.451066403,13655.560802235,-6258.370447517,19665.702518724,7.626215409009,4.247090440220,20.189188717133,21.995460434554,0.0000000000000000e+00,0.0000000000000000e+00,0.0000000000000000e+00,0.0000000000000000e+00,199.995594874473,0
QK1_STK_case_0001,32640.000000,2023-11-25T20:12:00Z,J2000,1959886.045835308,879458.839882130,6440498.363246489,-5002.722860163232,-5347.881576697019,2253.036472566166,1946763.667365137,865578.961119650,6445527.079128790,-5009.420800015357,-5351.107540347973,2232.252452609018,13122.378470172,13879.878762480,-5028.715882300,19751.856484910,6.697939852124,3.225963650953,20.784019957148,22.073620575680,0.0000000000000000e+00,0.0000000000000000e+00,0.0000000000000000e+00,0.0000000000000000e+00,199.995594874473,0
QK1_STK_case_0001,32700.000000,2023-11-25T20:13:00Z,J2000,1655482.104121408,556824.320901145,6560850.228723166,-5140.211396137644,-5402.511072278781,1757.184430716668,1641986.669753116,542782.102907495,6564616.385504323,-5145.942594784200,-5404.692993489692,1735.899002153110,13495.434368292,14042.217993650,-3766.156781157,19836.697604952,5.731198646556,2.181921210910,21.285428563558,22.151227668715,0.0000000000000000e+00,0.0000000000000000e+00,0.0000000000000000e+00,0.0000000000000000e+00,199.995594874473,0
QK1_STK_case_0001,32760.000000,2023-11-25T20:14:00Z,J2000,1343530.141367724,231650.504829270,6651202.281876894,-5254.230343234830,-5432.494625545463,1253.422849202762,1329720.701832920,217509.157091132,6653678.680066904,-5258.960669476864,-5433.614431029212,1231.732682591042,13809.439534804,14141.347738139,-2476.398190011,19920.112552690,4.730326242034,1.119805483748,21.690166611720,22.228209066897,0.0000000000000000e+00,0.0000000000000000e+00,0.0000000000000000e+00,0.0000000000000000e+00,199.995594874473,0
QK1_STK_case_0001,32820.000000,2023-11-25T20:15:00Z,J2000,1025454.036210562,-94579.541674985,6711148.670354539,-5344.274250794379,-5437.707299144450,744.046969185427,1011391.554021849,-108755.875135452,6712313.995743150,-5347.974143637515,-5437.751932260686,722.051477869469,14062.482188713,14176.333460467,-1165.325388611,20001.995374251,3.699892843136,0.044633116236,21.995491315957,22.304547460016,0.0000000000000000e+00,0.0000000000000000e+00,0.0000000000000000e+00,0.0000000000000000e+00,199.995594874473,0
QK1_STK_case_0001,32880.000000,2023-11-25T20:16:00Z,J2000,702704.741604464,-420378.624945386,6740421.963827633,-5409.946276498162,-5418.136361509165,231.373735795254,688451.811614808,-434525.169457828,6740260.935983872,-5412.590906180862,-5417.097864064626,209.174551334035,14252.929989656,14146.544512442,161.027843762,20082.247506168,2.644629682700,-1.038497444539,22.199184461220,22.380266616915,0.0000000000000000e+00,0.0000000000000000e+00,0.0000000000000000e+00,0.0000000000000000e+00,199.995594874473,0
QK1_STK_case_0001,32940.000000,2023-11-25T20:17:00Z,J2000,376753.746371443,-744262.125645575,6738894.134814639,-5450.958792926264,-5373.880111226591,-282.268601395728,362374.308059220,-758313.783102877,6737397.626319332,-5452.528192944196,-5371.755670084613,-304.568080456667,14379.438312223,14051.657457301,1496.508495307,20160.775311205,1.569400017932,-2.124441141977,22.299479060939,22.455356442757,0.0000000000000000e+00,0.0000000000000000e+00,0.0000000000000000e+00,0.0000000000000000e+00,199.995594874473,0
QK1_STK_case_0001,33000.000000,2023-11-25T20:18:00Z,J2000,49086.503611520,-1064754.624399032,6706576.968593442,-5467.134167649595,-5305.146818345273,-794.549322759912,34645.544496880,-1078646.284018286,6703742.098078866,-5467.613400054327,-5301.938838390690,-816.844372812734,14440.959114639,13891.659619253,2834.870514575,20237.489912593,0.479232404731,-3.207979954583,22.295050052823,22.529759340584,0.0000000000000000e+00,0.0000000000000000e+00,0.0000000000000000e+00,0.0000000000000000e+00,199.995594874473,0
QK1_STK_case_0001,33060.000000,2023-11-25T20:19:00Z,J2000,-278804.211587270,-1380396.486029034,6643621.933843311,-5458.406167729153,-5212.254245425516,-1303.144773875571,-293240.962775481,-1394063.339678635,6639452.130010971,-5457.785484526371,-5207.970415763239,-1325.329881523499,14436.751188211,13666.853649600,4169.803832340,20312.310000345,-0.620683202782,-4.283829662278,22.185107647928,22.603438799523,0.0000000000000000e+00,0.0000000000000000e+00,0.0000000000000000e+00,0.0000000000000000e+00,199.995594874473,0
QK1_STK_case_0001,33120.000000,2023-11-25T20:20:00Z,J2000,-605425.007668757,-1689750.397332310,6550319.428976140,-5424.820392974832,-5095.628348297771,-1805.749542447538,-619791.394995180,-1703128.256587982,6544824.460051307,-5423.095300107155,-5090.281623543468,-1827.718995799461,14366.387326423,13377.859255672,5494.968924832,20385.163393072,-1.725092867677,-5.346724754303,21.969453351923,22.676425899659,0.0000000000000000e+00,0.0000000000000000e+00,0.0000000000000000e+00,0.0000000000000000e+00,199.995594874473,0
QK1_STK_case_0001,33180.000000,2023-11-25T20:21:00Z,J2000,-929288.546396774,-1991407.776125120,6427097.357003463,-5366.532586794543,-4955.800251315932,-2300.087134452276,-943518.301418788,-2004433.385714224,6420293.327313454,-5363.703830120606,-4949.408772566017,-2321.735516833231,14229.755022015,13025.609589103,6804.029690009,20455.983309947,-2.828756673937,-6.391478749914,21.648382380955,22.748743364041,0.0000000000000000e+00,0.0000000000000000e+00,0.0000000000000000e+00,0.0000000000000000e+00,199.995594874473,0
QK1_STK_case_0001,33240.000000,2023-11-25T20:22:00Z,J2000,-1248920.078591584,-2283994.976227217,6274519.143067827,-5283.806382018421,-4793.402921440520,-2783.917650936065,-1262947.135035710,-2296606.323505346,6266428.462954013,-5279.879961152958,-4785.989963024174,-2805.140240689410,14027.056444126,12611.347278129,8090.680113815,20524.704562073,-3.926420865462,-7.412958416346,21.222589753346,22.820320969128,0.0000000000000000e+00,0.0000000000000000e+00,0.0000000000000000e+00,0.0000000000000000e+00,199.995594874473,0
QK1_STK_case_0001,33300.000000,2023-11-25T20:23:00Z,J2000,-1562863.897621786,-2566179.339380336,6093281.352386962,-5177.013073229136,-4609.169541177778,-3255.044206551565,-1576622.709216426,-2578315.962382787,6083932.684454984,-5172.000345347129,-4600.763523854769,-3275.737396941643,13758.811594641,12136.623002452,9348.667931978,20591.262868092,-5.012727882007,-8.406017323010,20.693190390077,22.890974128983,0.0000000000000000e+00,0.0000000000000000e+00,0.0000000000000000e+00,0.0000000000000000e+00,199.995594874473,0
QK1_STK_case_0001,33360.000000,2023-11-25T20:24:00Z,J2000,-1869689.835710379,-2836675.187706089,5884210.858599475,-5046.632821231903,-4403.932741582020,-3711.321867933618,-1883115.701407471,-2848278.484331064,5873639.034236996,-5040.550615853188,-4394.567232636988,-3731.383750851618,13425.865697093,11603.296624975,10571.824362479,20655.600514985,-6.082205378715,-9.365508945033,20.061882918000,22.960512326251,0.0000000000000000e+00,0.0000000000000000e+00,0.0000000000000000e+00,0.0000000000000000e+00,199.995594874473,0
QK1_STK_case_0001,33420.000000,2023-11-25T20:25:00Z,J2000,-2167999.805770354,-3094249.735695497,5648261.380331008,-4893.254594477975,-4178.622405773960,-4150.669458854542,-2181029.198757947,-3105263.269733729,5636507.277494838,-4886.125209947960,-4168.336004037263,-4170.000501839133,13029.392987593,11013.534038233,11754.102836169,20717.672338361,-7.129384530015,-10.286401736697,19.331042984591,23.028838601581,0.0000000000000000e+00,0.0000000000000000e+00,0.0000000000000000e+00,0.0000000000000000e+00,199.995594874473,0
QK1_STK_case_0001,33480.000000,2023-11-25T20:26:00Z,J2000,-2456434.263226411,-3337728.801993718,5386509.292990397,-4717.573580064362,-3934.261259666712,-4571.081427164309,-2469005.155856331,-3348098.598964893,5373619.674782692,-4709.424665696485,-3923.097385612377,-4589.585081735337,12570.892629920,10369.796971175,12889.618207704,20777.446625530,-8.148914367877,-11.163874054335,18.503654571027,23.095933013410,0.0000000000000000e+00,0.0000000000000000e+00,0.0000000000000000e+00,0.0000000000000000e+00,199.995594874473,0
QK1_STK_case_0001,33540.000000,2023-11-25T20:27:00Z,J2000,-2733678.462717383,-3566002.219073713,5100148.787236367,-4520.387213440364,-3671.959469830506,-4970.637603306542,-2745730.643247614,-3575677.048763800,5086176.107254232,-4511.251628062353,-3659.966143228081,-4988.220815630559,12052.180530231,9674.829690088,13972.679982136,20834.902710324,-9.135585378011,-11.993326602425,17.583212324017,23.161782289427,0.0000000000000000e+00,0.0000000000000000e+00,0.0000000000000000e+00,0.0000000000000000e+00,199.995594874473,0
QK1_STK_case_0001,33600.000000,2023-11-25T20:28:00Z,J2000,-2998468.475548453,-3778028.923866344,4790486.495852275,-4302.591343415381,-3392.909538646270,-5347.511407563924,-3009943.856674526,-3786960.569895010,4775488.673921304,-4292.507017843576,-3380.139163587429,-5364.085106806168,11475.381126073,8931.646028666,14997.821930971,20890.029570184,-10.084325571805,-12.770375058840,16.573699242245,23.226355890539,0.0000000000000000e+00,0.0000000000000000e+00,0.0000000000000000e+00,0.0000000000000000e+00,199.995594874473,0
QK1_STK_case_0001,33660.000000,2023-11-25T20:29:00Z,J2000,-3249596.984536290,-3972841.750876142,4458935.635909623,-4065.176517854762,-3098.381364888477,-5699.977995280366,-3260439.902865654,-3980985.266731272,4442975.804400058,-4054.186288661915,-3084.890491008571,-5715.457578841488,10842.918329364,8143.515855130,15959.831509566,20942.825745199,-10.990229192847,-13.490873879905,15.479583561121,23.289618351973,0.0000000000000000e+00,0.0000000000000000e+00,0.0000000000000000e+00,0.0000000000000000e+00,199.995594874473,0
QK1_STK_case_0001,33720.000000,2023-11-25T20:30:00Z,J2000,-3485918.839921532,-4149551.915254508,4107009.660943434,-3809.223662791740,-2789.716775954618,-6026.422257439939,-3496076.344612431,-4156865.865169684,4090155.882744792,-3797.375076445448,-2775.565831432371,-6040.728051357490,10157.504690899,7313.949915177,16853.778198642,20993.299037463,-11.848586346291,-14.150944522247,14.305793917551,23.351530332907,0.0000000000000000e+00,0.0000000000000000e+00,0.0000000000000000e+00,0.0000000000000000e+00,199.995594874473,0
QK1_STK_case_0001,33780.000000,2023-11-25T20:31:00Z,J2000,-3706356.343929630,-4307353.154864414,3736315.457826471,-3535.899513263698,-2468.323742886959,-6325.346006864439,-3715778.472999754,-4313799.838035212,3718640.417784765,-3523.244617741949,-2453.576750973809,-6338.403688484198,9422.129070124,6446.683170799,17675.040041707,21041.465742544,-12.654895521749,-14.746991913150,13.057681619759,23.412031104453,0.0000000000000000e+00,0.0000000000000000e+00,0.0000000000000000e+00,0.0000000000000000e+00,199.995594874473,0
QK1_STK_case_0001,33840.000000,2023-11-25T20:32:00Z,J2000,-3909904.266984637,-4445525.526150379,3348546.123565197,-3246.452195021410,-2135.670612384248,-6595.374960220083,-3918544.311156434,-4451071.183853830,3330126.794792695,-3233.047328813207,-2120.394903177742,-6607.115983142758,8640.044171797,5545.657703451,18419.328772502,21087.350594230,-13.404866208203,-15.275709206506,11.741022922674,23.471032126695,0.0000000000000000e+00,0.0000000000000000e+00,0.0000000000000000e+00,0.0000000000000000e+00,199.995594874473,0
QK1_STK_case_0001,33900.000000,2023-11-25T20:33:00Z,J2000,-4095634.590620561,-4563438.848546331,2945473.310113639,-2942.206399609282,-1793.280081805431,-6835.266173338895,-4103449.343409365,-4568053.853223043,2926390.594094713,-2928.111935211171,-1777.545973575528,-6845.628212533356,7814.752788804,4615.004676712,19082.716018925,21130.988618026,-14.094464398111,-15.734108229904,10.362039194462,23.528449688144,0.0000000000000000e+00,0.0000000000000000e+00,0.0000000000000000e+00,0.0000000000000000e+00,199.995594874473,0
QK1_STK_case_0001,33960.000000,2023-11-25T20:34:00Z,J2000,-4262700.929321540,-4660555.766711847,2528939.115998931,-2624.557443056163,-1442.722416768008,-7043.915583720932,-4269650.919661722,-4664214.790451794,2509277.456437734,-2609.837463337876,-1426.602847123475,-7052.842955061744,6949.990340183,3659.023739947,19661.659561196,21172.427285470,-14.719979718286,-16.119569644533,8.927371340811,23.584238115497,0.0000000000000000e+00,0.0000000000000000e+00,0.0000000000000000e+00,0.0000000000000000e+00,199.995594874473,0
QK1_STK_case_0001,34020.000000,2023-11-25T20:35:00Z,J2000,-4410342.561858512,-4736434.376767794,2100847.547265955,-2294.964262931338,-1085.607704388451,-7220.364659632684,-4416392.265949269,-4739116.536211685,2080694.520738309,-2279.686198888679,-1069.177814851299,-7227.808669639185,6049.704090758,2682.159443892,20153.026527646,21211.727348149,-15.278064042658,-16.429889537153,7.444010006500,23.638396647646,0.0000000000000000e+00,0.0000000000000000e+00,0.0000000000000000e+00,0.0000000000000000e+00,199.995594874473,0
QK1_STK_case_0001,34080.000000,2023-11-25T20:36:00Z,J2000,-4537888.027149554,-4790730.364247111,1663155.623959840,-1954.942024628881,-723.577396527584,-7363.805529707700,-4543006.058163426,-4792419.339553965,1642601.511983453,-1939.176281697308,-706.914088422148,-7369.724743873343,5118.031013872,1688.975306854,20554.111976387,21248.962284874,-15.765742931574,-16.663308105436,5.919214165643,23.690959953955,0.0000000000000000e+00,0.0000000000000000e+00,0.0000000000000000e+00,0.0000000000000000e+00,199.995594874473,0
QK1_STK_case_0001,34140.000000,2023-11-25T20:37:00Z,J2000,-4644758.275923120,-4823198.626381442,1217864.223149054,-1606.054720631135,-358.295674716233,-7473.584663898435,-4648917.551173916,-4823882.753738659,1197001.570586753,-1589.874301767212,-341.477178572426,-7477.945102631667,4159.275250796,684.127357217,20862.652562301,21284.216518069,-16.180418863923,-16.818496143807,4.360438733233,23.741971129153,0.0000000000000000e+00,0.0000000000000000e+00,0.0000000000000000e+00,0.0000000000000000e+00,199.995594874473,0
QK1_STK_case_0001,34200.000000,2023-11-25T20:38:00Z,J2000,-4730469.377426622,-4833694.389247723,767008.736856054,-1249.907738705192,8.558601062852,-7549.205478452523,-4733647.262863887,-4833366.728500962,745931.899681680,-1233.387865322823,25.453123783665,-7551.980774511529,3177.885437265,-327.660746761,21076.837174374,21317.583884962,-16.519873382369,-16.894522720812,2.775296059006,23.791456087190,0.0000000000000000e+00,0.0000000000000000e+00,0.0000000000000000e+00,0.0000000000000000e+00,199.995594874473,0
QK1_STK_case_0001,34260.000000,2023-11-25T20:39:00Z,J2000,-4794634.780705694,-4822173.868521771,312649.585387395,-888.140443022964,375.299162046491,-7590.330712292976,-4796813.212516215,-4820832.247760321,291454.269380059,-871.358169527720,392.189995261507,-7591.502266567190,2178.431810520,-1341.620761451,21195.316007336,21349.167011185,-16.782273495244,-16.890833215016,1.171554274214,23.839410432813,0.0000000000000000e+00,0.0000000000000000e+00,0.0000000000000000e+00,0.0000000000000000e+00,199.995594874473,0
QK1_STK_case_0001,34320.000000,2023-11-25T20:40:00Z,J2000,-4836967.125106319,-4788694.492374805,-143137.422931138,-522.418465016463,740.239897822374,-7596.785147090824,-4838132.707506976,-4786341.528941221,-164354.633077518,-505.452264992605,757.047193273518,-7596.342284919144,1165.582400657,-2352.963433585,21217.210146380,21379.079158097,-16.966200023858,-16.807295451143,-0.442862171679,23.885837865453,0.0000000000000000e+00,0.0000000000000000e+00,0.0000000000000000e+00,0.0000000000000000e+00,199.995594874473,0
QK1_STK_case_0001,34380.000000,2023-11-25T20:41:00Z,J2000,-4857279.563596762,-4733414.629213360,-598270.886130821,-154.425113471940,1101.703858499633,-7568.557760552177,-4857423.640313210,-4730057.723025163,-619413.005315480,-137.354416209786,1118.348131424008,-7566.497811456437,144.076716449,-3356.906188197,21142.119184659,21407.446855590,-17.070697262155,-16.644272924376,-2.059949095740,23.930815207057,0.0000000000000000e+00,0.0000000000000000e+00,0.0000000000000000e+00,0.0000000000000000e+00,199.995594874473,0
QK1_STK_case_0001,34440.000000,2023-11-25T20:42:00Z,J2000,-4855486.543498133,-4656592.740978635,-1050673.671414619,214.148037494533,1458.033185326041,-7505.801615944950,-4854605.240617466,-4652244.037631127,-1071643.793169056,231.243327262034,1474.435807655600,-7502.129849328994,-881.302880667,-4348.703347508,20970.121754437,21434.409764862,-17.095289767500,-16.402622329560,-3.671766615956,23.974503573652,0.0000000000000000e+00,0.0000000000000000e+00,0.0000000000000000e+00,0.0000000000000000e+00,199.995594874473,0
QK1_STK_case_0001,34500.000000,2023-11-25T20:43:00Z,J2000,-4831604.022545659,-4558585.959974654,-1498282.687595348,581.610316485060,1807.598032606911,-7408.831106654634,-4829698.263638949,-4553262.286704797,-1518984.455859343,598.650254194459,1823.681635599347,-7403.560570793834,-1905.758906710,-5323.673269856,20701.768263995,21460.117039542,-17.039937709399,-16.083602992436,-5.270535860800,24.017083724267,0.0000000000000000e+00,0.0000000000000000e+00,0.0000000000000000e+00,0.0000000000000000e+00,199.995594874473,0
QK1_STK_case_0001,34560.000000,2023-11-25T20:44:00Z,J2000,-4785749.168698946,-4439848.190672137,-1939058.457791677,946.279978083317,2148.803576507786,-7278.118448296474,-4782824.665623910,-4433570.970833342,-1959396.528912284,963.184959804587,2164.492378134559,-7271.269822394584,-2924.503075036,-6277.219838796,20338.071120607,21484.723504093,-16.904981721270,-15.688801626773,-6.848625901889,24.058690326465,0.0000000000000000e+00,0.0000000000000000e+00,0.0000000000000000e+00,0.0000000000000000e+00,199.995594874473,0
QK1_STK_case_0001,34620.000000,2023-11-25T20:45:00Z,J2000,-4718139.601946929,-4300927.816943238,-2370994.502136188,1306.491605406269,2480.096439696247,-7114.290912548063,-4714206.823170603,-4293722.964716964,-2390874.999282857,1323.182749210930,2495.316592951186,-7105.892389481965,-3932.778776326,-7204.852226273,19880.497146670,21508.389323813,-16.691143804661,-15.220153254939,-8.398523066098,24.099430207030,0.0000000000000000e+00,0.0000000000000000e+00,0.0000000000000000e+00,0.0000000000000000e+00,199.995594874473,0
QK1_STK_case_0001,34680.000000,2023-11-25T20:46:00Z,J2000,-4629092.184059192,-4142465.001552194,-2792126.562181564,1660.603914428257,2799.972013792900,-6918.128055406855,-4624166.299068679,-4134362.794085236,-2811457.521200307,1677.003467691013,2814.651994577801,-6908.215158599901,-4925.884990514,-8102.207466958,19330.959018744,21531.281554096,-16.399553262756,-14.679980784901,-9.912896806955,24.139442954807,0.0000000000000000e+00,0.0000000000000000e+00,0.0000000000000000e+00,0.0000000000000000e+00,199.995594874473,0
QK1_STK_case_0001,34740.000000,2023-11-25T20:47:00Z,J2000,-4519021.323769701,-3965188.523701040,-3200541.613525793,2007.007980766734,3106.982281582785,-6690.557156377834,-4513122.123436991,-3956223.450775701,-3219233.414971783,2023.039713538772,3121.053249970621,-6679.172469813447,-5899.200332709,-8965.072925339,18691.801445990,21553.573680910,-16.031732772038,-14.070968387836,-11.384686564388,24.178910132901,0.0000000000000000e+00,0.0000000000000000e+00,0.0000000000000000e+00,0.0000000000000000e+00,199.995594874473,0
QK1_STK_case_0001,34800.000000,2023-11-25T20:48:00Z,J2000,-4388436.802104177,-3769912.175162566,-3594386.545424762,2344.134816679230,3399.742470621188,-6432.646987849306,-4381588.596541593,-3760122.768890977,-3612352.328760141,2359.724371394914,3413.138564951707,-6419.839837242514,-6848.205562585,-9789.406271588,17965.783335379,21575.443574383,-15.589554715684,-13.396094330519,-12.807150606792,24.218023581840,0.0000000000000000e+00,0.0000000000000000e+00,0.0000000000000000e+00,0.0000000000000000e+00,199.995594874473,0
QK1_STK_case_0001,34860.000000,2023-11-25T20:49:00Z,J2000,-4237941.172980770,-3557530.800359324,-3971876.461846374,2670.462061530415,3676.936465641764,-6145.601625647952,-4230172.669759353,-3546959.449005229,-3989032.520891228,2685.537264990954,3689.595050296105,-6131.427784595010,-7768.503221418,-10571.351354094,17156.059044854,21597.070951947,-15.075203460539,-12.658584654341,-14.173841052942,24.256943233265,0.0000000000000000e+00,0.0000000000000000e+00,0.0000000000000000e+00,0.0000000000000000e+00,199.995594874473,0
QK1_STK_case_0001,34920.000000,2023-11-25T20:50:00Z,J2000,-4068226.770683972,-3329016.019129174,-4331302.625247435,2984.520504402005,3937.322124085603,-5830.754603395534,-4059570.934334399,-3317708.765783186,-4347568.786478976,2999.011685538846,3949.184053442535,-5815.276001055467,-8655.836349573,-11307.253345988,16266.161231541,21618.637384244,-14.491181136841,-11.861929356932,-15.478602340067,24.295819171444,0.0000000000000000e+00,0.0000000000000000e+00,0.0000000000000000e+00,0.0000000000000000e+00,199.995594874473,0
QK1_STK_case_0001,34980.000000,2023-11-25T20:51:00Z,J2000,-3880072.320181462,-3085411.619728371,-4671040.032107060,3284.900771400901,4179.736901675778,-5489.562302077904,-3870566.212457602,-3073417.944815936,-4686340.013656497,3298.741077602325,4190.746784591935,-5472.846664255319,-9506.107723860,-11993.674912435,15299.981549437,21640.327108801,-13.840306201423,-11.009882916157,-16.715637822585,24.334833991471,0.0000000000000000e+00,0.0000000000000000e+00,0.0000000000000000e+00,0.0000000000000000e+00,199.995594874473,0
QK1_STK_case_0001,35040.000000,2023-11-25T20:52:00Z,J2000,-3674339.153610638,-2827828.623011107,-4989554.549539508,3570.259649726544,4403.103039026685,-5123.595938363125,-3664023.755885305,-2815201.212304192,-5003816.296698940,3583.385320150488,4413.209451523837,-5105.716374890963,-10315.397725332,-12627.410706915,14261.747159432,21662.325900800,-13.125670423944,-10.106412497152,-17.879563472161,24.374199219577,0.0000000000000000e+00,0.0000000000000000e+00,0.0000000000000000e+00,0.0000000000000000e+00,199.995594874473,0
QK1_STK_case_0001,35100.000000,2023-11-25T20:53:00Z,J2000,-3451967.074284598,-2557440.066884831,-5285409.546009110,3839.325460845724,4606.431658351635,-4734.532900285206,-3440887.095153909,-2544234.568467442,-5298565.541963398,3851.676049629141,4615.587306284667,-4715.567500517311,-11079.979130689,-13205.498417389,13155.995954288,21684.818549793,-12.350588783417,-9.155647933031,-18.965399767896,24.414121338414,0.0000000000000000e+00,0.0000000000000000e+00,0.0000000000000000e+00,0.0000000000000000e+00,199.995594874473,0
QK1_STK_case_0001,35160.000000,2023-11-25T20:54:00Z,J2000,-3213969.924614221,-2275475.570847366,-5557272.008572747,4090.902638855981,4788.826118426224,-4324.148403612227,-3202173.594964435,-2261750.342804939,-5569259.561669804,4102.421215230364,4796.987985589511,-4304.179851526828,-11796.329649786,-13725.228042426,11987.553097058,21707.987177023,-11.518576374384,-8.161867163288,-19.968552085399,24.454789912632,0.0000000000000000e+00,0.0000000000000000e+00,0.0000000000000000e+00,0.0000000000000000e+00,199.995594874473,0
QK1_STK_case_0001,35220.000000,2023-11-25T20:55:00Z,J2000,-2961430.888910040,-1983215.705279077,-5803918.169080555,4323.876076930122,4949.485226488919,-3894.307344663998,-2948969.745233276,-1969031.554968884,-5814679.676948003,4334.509416227168,4956.614708059315,-3873.422534940139,-12461.143676764,-14184.150310193,10761.507867447,21732.010338122,-10.633339297047,-7.129481570397,-20.884809723860,24.496381146418,0.0000000000000000e+00,0.0000000000000000e+00,0.0000000000000000e+00,0.0000000000000000e+00,199.995594874473,0
QK1_STK_case_0001,35280.000000,2023-11-25T20:56:00Z,J2000,-2695497.536706566,-1681986.176082422,-6024238.631129270,4537.215410075449,5087.706060707797,-3446.955754873778,-2682426.193065342,-1667406.092004442,-6033721.821436605,4546.914181675090,5093.769071298299,-3425.245392867138,-13071.343641224,-14580.084077980,9483.190307335,21757.062639821,-9.698771599641,-6.063010590502,-21.710362006640,24.539072647961,0.0000000000000000e+00,0.0000000000000000e+00,0.0000000000000000e+00,0.0000000000000000e+00,199.995594874473,0
QK1_STK_case_0001,35340.000000,2023-11-25T20:57:00Z,J2000,-2417376.614128930,-1373151.863910262,-6217242.972420485,4729.979108888217,5202.885989196066,-2984.111910023049,-2403752.523216096,-1358240.742333148,-6225401.119287387,4738.698049735292,5207.853030412792,-2961.670104423483,-13624.090912835,-14911.121577113,8158.146866902,21783.313801866,-8.718940847075,-4.967041216725,-22.441805599565,24.583044288943,0.0000000000000000e+00,0.0000000000000000e+00,0.0000000000000000e+00,0.0000000000000000e+00,199.995594874473,0
QK1_STK_case_0001,35400.000000,2023-11-25T20:58:00Z,J2000,-2128328.600250745,-1058110.763264418,-6382063.808600062,4901.318161532792,5294.524050408610,-2507.857279886204,-2114211.804748839,-1042935.131537610,-6388855.924632964,4909.016223130302,5298.370259002922,-2484.781137249919,-14116.795501906,-15175.631726808,6792.116032902,21810.927393276,-7.698061597510,-3.846208594313,-23.076142636285,24.628476036495,0.0000000000000000e+00,0.0000000000000000e+00,0.0000000000000000e+00,0.0000000000000000e+00,199.995594874473,0
QK1_STK_case_0001,35460.000000,2023-11-25T20:59:00Z,J2000,-1829662.064786754,-738287.847366353,-6517960.310960394,5050.478954409674,5362.222102178713,-2020.327396301885,-1815114.941192596,-722915.584402256,-6523351.314982083,5057.119403405281,5364.927297318470,-1996.716617395261,-14547.123594158,-15372.262964096,5391.004021689,21840.059474802,-6.640448995608,-2.705195139757,-23.610778906623,24.675545063582,0.0000000000000000e+00,0.0000000000000000e+00,0.0000000000000000e+00,0.0000000000000000e+00,199.995594874473,0
QK1_STK_case_0001,35520.000000,2023-11-25T21:00:00Z,J2000,-1522727.883213490,-415128.865453937,-6624321.178139738,5176.805153968479,5405.685929599354,-1523.702825611049,-1507814.881112268,-399628.919398490,-6628282.039177872,5182.355628088774,5407.234658097181,-1499.659322431629,-14913.002101222,-15499.946055447,3960.861038135,21870.856854642,-5.550474120295,-1.548728497827,-24.043503179420,24.724408345981,0.0000000000000000e+00,0.0000000000000000e+00,0.0000000000000000e+00,0.0000000000000000e+00,199.995594874473,0
QK1_STK_case_0001,35580.000000,2023-11-25T21:01:00Z,J2000,-1208913.360368009,-90094.077672096,-6700667.077164573,5279.738980653894,5424.726181033448,-1020.200554090588,-1193700.738730326,-74536.181064355,-6703174.936481489,5284.171541225977,5425.107754281401,-995.828099484292,-15212.621637683,-15557.896607741,2507.859316916,21903.455487706,-4.432560572083,-0.381573247953,-24.372454606296,24.775183852087,0.0000000000000000e+00,0.0000000000000000e+00,0.0000000000000000e+00,0.0000000000000000e+00,199.995594874473,0
QK1_STK_case_0001,35640.000000,2023-11-25T21:02:00Z,J2000,-889636.276025356,235348.055846286,-6746652.581834516,5358.822683816558,5419.258927644923,-512.065809816708,-874191.835418414,250893.672557525,-6747690.854435553,5362.113896893225,5418.467438728588,-487.469698727762,-15444.440606943,-15545.616711239,1038.272601038,21937.979728958,-3.291213076666,0.791488916336,-24.596111088946,24.827952370674,0.0000000000000000e+00,0.0000000000000000e+00,0.0000000000000000e+00,0.0000000000000000e+00,199.995594874473,0
QK1_STK_case_0001,35700.000000,2023-11-25T21:03:00Z,J2000,-566338.824473187,559727.203589480,-6762067.622093821,5413.700548364180,5389.305671274446,-1.563838426873,-550731.633942091,575190.098981404,-6761626.077817716,5415.831582963370,5387.339992532415,23.149453940217,-15607.190531096,-15462.895391924,-441.544276106,21974.541895641,-2.131034599191,1.965678742031,-24.713292367091,24.882765541658,0.0000000000000000e+00,0.0000000000000000e+00,0.0000000000000000e+00,0.0000000000000000e+00,199.995594874473,0
QK1_STK_case_0001,35760.000000,2023-11-25T21:04:00Z,J2000,-240481.431448724,881577.476460790,-6746838.432060521,5444.120870756226,5334.992900334981,509.028552510219,-224781.549484390,896887.284540161,-6744913.255936307,5445.077589382328,5331.856672963602,533.751719852894,-15699.881964334,-15309.808079372,-1925.176124214,22013.241929131,-0.956718626102,3.136227371378,-24.723167342675,24.939651884267,0.0000000000000000e+00,0.0000000000000000e+00,0.0000000000000000e+00,0.0000000000000000e+00,199.995594874473,0
QK1_STK_case_0001,35820.000000,2023-11-25T21:05:00Z,J2000,86463.534367036,1199443.713116945,-6701027.987727250,5449.937465242876,5256.551687351380,1017.431537504816,102185.343613953,1214530.429606878,-6697621.819353150,5449.710493934095,5252.253331380176,1042.056793020668,-15721.809246917,-15086.716489932,-3406.168374099,22054.167031125,0.226971308781,4.298355971203,-24.625255515852,24.998611746479,0.0000000000000000e+00,0.0000000000000000e+00,0.0000000000000000e+00,0.0000000000000000e+00,199.995594874473,0
QK1_STK_case_0001,35880.000000,2023-11-25T21:06:00Z,J2000,413018.126739243,1511887.753448939,-6624835.926086039,5431.110758659181,5154.317685582779,1521.371105931972,428690.681136178,1526682.023417810,-6619957.877453936,5429.695548566459,5148.870431534634,1545.790555507176,-15672.554396936,-14794.269968871,-4878.048632103,22097.392237409,1.415210092721,5.447254048145,-24.419449575204,25.059627168565,0.0000000000000000e+00,0.0000000000000000e+00,0.0000000000000000e+00,0.0000000000000000e+00,199.995594874473,0
QK1_STK_case_0001,35940.000000,2023-11-25T21:07:00Z,J2000,737705.243521797,1817494.712788759,-6518597.912788948,5387.708546863620,5028.731004610252,2018.588638785627,753257.234078195,1831928.119878290,-6512263.562488161,5385.105424834714,5022.152905399614,2042.694695235255,-15551.990556398,-14433.407089531,-6334.350300786,22142.981827466,2.603122028906,6.578099210638,-24.106056449629,25.122690761044,0.0000000000000000e+00,0.0000000000000000e+00,0.0000000000000000e+00,0.0000000000000000e+00,199.995594874473,0
QK1_STK_case_0001,36000.000000,2023-11-25T21:08:00Z,J2000,1059055.078215668,2114879.222048054,-6382784.415858814,5319.906198224769,4880.335092575102,2506.851033784042,1074415.362493125,2128884.576762716,-6375015.777810240,5316.120390565298,4872.648978187523,2530.536842339460,-15360.284277457,-14005.354714662,-7768.638048574,22190.989858444,3.785807659471,7.686114387578,-23.685808555418,25.187818899964,0.0000000000000000e+00,0.0000000000000000e+00,0.0000000000000000e+00,0.0000000000000000e+00,199.995594874473,0
QK1_STK_case_0001,36060.000000,2023-11-25T21:09:00Z,J2000,1375611.562776722,2402691.562914959,-6217998.875649046,5227.986156754410,4709.774397798104,2983.960562884969,1390709.458930247,2416203.186773797,-6208824.343139100,5223.027789055756,4701.007790281757,3007.120394858308,-15097.896153525,-13511.623858838,-9174.532509946,22241.458907667,4.958367698654,8.766607516347,-23.159831973339,25.255031867214,0.0000000000000000e+00,0.0000000000000000e+00,0.0000000000000000e+00,0.0000000000000000e+00,199.995594874473,0
QK1_STK_case_0001,36120.000000,2023-11-25T21:10:00Z,J2000,1685938.763136853,2679623.641362126,-6024975.307645285,5112.336913561056,4517.791457889612,3447.763884014239,1700704.343574709,2692577.645800722,-6014429.574810276,5106.220999065184,4507.976487079306,3470.293496612235,-14765.580437856,-12954.004438597,-10545.732835008,22294.418083668,6.115914495872,9.814970810305,-22.529612597996,25.324326367028,0.0000000000000000e+00,0.0000000000000000e+00,0.0000000000000000e+00,0.0000000000000000e+00,199.995594874473,0
QK1_STK_case_0001,36180.000000,2023-11-25T21:11:00Z,J2000,1988627.204576556,2944414.788506761,-5804575.386396770,4973.451725507157,4305.224143868508,3896.160396818309,2002991.588787712,2956749.349393398,-5792699.348883016,4966.198153483393,4294.397484978802,3917.957375010465,-14364.384211156,-12334.560886637,-11876.037513754,22349.881276194,7.253572023764,10.826658889706,-21.796978192155,25.395651362532,0.0000000000000000e+00,0.0000000000000000e+00,0.0000000000000000e+00,0.0000000000000000e+00,199.995594874473,0
QK1_STK_case_0001,36240.000000,2023-11-25T21:12:00Z,J2000,2282300.116835422,3195857.406079057,-5557785.036740389,4811.927277481420,4073.003220007771,4327.110381237338,2296195.763965199,3207513.035017135,-5544625.671490599,4803.560815204470,4061.206049630449,4348.074489995422,-13895.647129777,-11655.628938078,-13159.365249790,22407.846591647,8.366462276951,11.797170377322,-20.964108758085,25.468898208678,0.0000000000000000e+00,0.0000000000000000e+00,0.0000000000000000e+00,0.0000000000000000e+00,199.995594874473,0
QK1_STK_case_0001,36300.000000,2023-11-25T21:13:00Z,J2000,2565619.606362958,3432802.471233817,-5285710.531322846,4628.462636922875,3822.150046729239,4738.643457384802,2578980.608467298,3443722.284464861,-5271320.754241401,4619.012952685226,3809.428001475902,4758.677037867987,-13361.002104340,-10919.813231043,-14389.777081445,22468.297280540,9.449684237649,12.722045253336,-20.033580483185,25.543909540152,0.0000000000000000e+00,0.0000000000000000e+00,0.0000000000000000e+00,0.0000000000000000e+00,199.995594874473,0
QK1_STK_case_0001,36360.000000,2023-11-25T21:14:00Z,J2000,2837292.772211255,3654164.894977572,-4989574.046599041,4423.858260567377,3553.773835859873,5128.868298142223,2850055.148909472,3664294.878936754,-4974012.544119823,4413.359936171883,3540.176933454827,5147.876745399185,-12762.376698218,-10129.983959182,-15561.502479219,22531.204881480,10.498324395495,13.596902405046,-19.008447256962,25.620531556666,0.0000000000000000e+00,0.0000000000000000e+00,0.0000000000000000e+00,0.0000000000000000e+00,199.995594874473,0
QK1_STK_case_0001,36420.000000,2023-11-25T21:15:00Z,J2000,3096077.732068295,3858928.676633512,-4670708.595756573,4199.013768298651,3269.067474135481,5495.983471617456,3108179.723775970,3868217.946441200,-4654039.625948083,4187.506225446365,3254.649950958599,5513.875753246406,-12101.991707675,-9289.269807688,-16668.969808489,22596.532728031,11.507542852286,14.417523176881,-17.892281628950,25.698682046805,0.0000000000000000e+00,0.0000000000000000e+00,0.0000000000000000e+00,0.0000000000000000e+00,199.995594874473,0
QK1_STK_case_0001,36480.000000,2023-11-25T21:16:00Z,J2000,3340789.452778169,4046151.757430602,-4330552.326015653,3954.923678832969,2969.301785283465,5838.287412050092,3352171.806344354,4054552.803451880,-4312845.490681888,3942.451013030394,2954.121877357682,5854.976491509135,-11382.353566185,-8401.046021278,-17706.835333765,22664.235360902,12.472665802574,15.179907925783,-16.689079459042,25.778331405430,0.0000000000000000e+00,0.0000000000000000e+00,0.0000000000000000e+00,0.0000000000000000e+00,199.995594874473,0
QK1_STK_case_0001,36540.000000,2023-11-25T21:17:00Z,J2000,3570305.290686117,4214970.516244096,-3970642.293465300,3692.672311706423,2655.819613193265,6154.185749291659,3580911.535086333,4222439.438439931,-3951972.289286331,3679.283158133790,2639.939389557348,6169.588881548622,-10606.244400216,-7468.922195835,-18670.004178969,22734.253343518,13.389153572632,15.880223635917,-15.403132256964,25.859377785318,0.0000000000000000e+00,0.0000000000000000e+00,0.0000000000000000e+00,0.0000000000000000e+00,199.995594874473,0
QK1_STK_case_0001,36600.000000,2023-11-25T21:18:00Z,J2000,3783570.255753961,4364603.943928530,-3592607.854541357,3413.430015405756,2330.031206972394,6442.197179658795,3793346.973513816,4371100.679027097,-3573054.205441407,3399.177509783150,2313.516464034991,6456.236273761797,-9776.717759855,-6496.735098567,-19553.649099950,22806.511575004,14.252505622605,16.514742937403,-14.039094103002,25.941603921960,0.0000000000000000e+00,0.0000000000000000e+00,0.0000000000000000e+00,0.0000000000000000e+00,199.995594874473,0
QK1_STK_case_0001,36660.000000,2023-11-25T21:19:00Z,J2000,3979602.099716322,4494357.569303581,-3198163.662501663,3118.450733625091,1993.410123938348,6700.961458232626,3988499.195249940,4499846.110007693,-3177810.426273121,3103.392459378124,1976.330234715314,6713.563570637913,-8897.095533619,-5488.540704112,-20353.236228543,22880.922467634,15.058274246967,17.079889223034,-12.602112405287,26.024747380973,0.0000000000000000e+00,0.0000000000000000e+00,0.0000000000000000e+00,0.0000000000000000e+00,199.995594874473,0
QK1_STK_case_0001,36720.000000,2023-11-25T21:20:00Z,J2000,4157496.219129006,4603627.082501128,-2789102.090214469,2809.067615899740,1647.486835528111,6929.249897133753,4165467.180980218,4608075.684337109,-2768037.532396051,2793.265412910896,1629.914460618212,6940.347802234551,-7970.961851212,-4448.601835981,-21064.557818419,22957.392866222,15.802202988844,17.572374909898,-11.097905100798,26.108647550208,0.0000000000000000e+00,0.0000000000000000e+00,0.0000000000000000e+00,0.0000000000000000e+00,199.995594874473,0
QK1_STK_case_0001,36780.000000,2023-11-25T21:21:00Z,J2000,4316430.190608316,4691901.492735289,-2367285.059192333,2486.685458120289,1293.840027960317,7125.973950969492,4323432.337454982,4695282.860310412,-2345601.296602362,2470.205101795381,1275.850751173571,7135.506545206330,-7002.146846666,-3381.367575123,-21683.762589971,23035.825732945,16.480356324908,17.989276786746,-9.532594236838,26.193254413881,0.0000000000000000e+00,0.0000000000000000e+00,0.0000000000000000e+00,0.0000000000000000e+00,199.995594874473,0
QK1_STK_case_0001,36840.000000,2023-11-25T21:22:00Z,J2000,4455667.826016104,4758765.768137024,-1934635.477636062,2152.772830804689,934.088465579202,7290.189863883118,4461662.534383843,4761057.221569381,-1912428.103452335,2135.683779524921,915.760519850181,7298.102411410432,-5994.708367738,-2291.453432357,-22207.374183726,23116.114625579,17.089051279768,18.327945729020,-7.912547527314,26.278464122937,0.0000000000000000e+00,0.0000000000000000e+00,0.0000000000000000e+00,0.0000000000000000e+00,199.995594874473,0
QK1_STK_case_0001,36900.000000,2023-11-25T21:23:00Z,J2000,4574562.817792828,4803903.045619722,-1493128.443866311,1808.856356163151,569.884664605176,7421.102536597698,4579515.738664798,4805086.673304237,-1470496.136270216,1791.231611474338,551.298718800756,7427.347018662977,-4952.920871970,-1183.627684516,-22632.307596095,23198.141019999,17.624744688813,18.585945804420,-6.244482065280,26.364039202183,0.0000000000000000e+00,0.0000000000000000e+00,0.0000000000000000e+00,0.0000000000000000e+00,199.995594874473,0
QK1_STK_case_0001,36960.000000,2023-11-25T21:24:00Z,J2000,4672562.069777533,4827096.459328718,-1044782.147174118,1456.515413324068,202.907992650527,7518.071937322999,4676443.335228735,4827159.254655071,-1021826.251321230,1438.431283438773,184.146799569939,7522.607558842989,-3881.265451201,-62.795326353,-22955.895852888,23281.780841773,18.084129885295,18.761193080587,-4.535621519991,26.449763365442,0.0000000000000000e+00,0.0000000000000000e+00,0.0000000000000000e+00,0.0000000000000000e+00,199.995594874473,0
QK1_STK_case_0001,37020.000000,2023-11-25T21:25:00Z,J2000,4749208.632860720,4828230.470693175,-591648.348126712,1097.373845666264,-165.145204518531,7580.620002520316,4751993.041921975,4827164.441998733,-568472.429615367,1078.909504151593,-183.997316530728,7583.413572132437,-2784.409061255,1066.028694441,-23175.918511346,23366.911431388,18.464341514671,18.852112012197,-2.793569612122,26.535599975667,0.0000000000000000e+00,0.0000000000000000e+00,0.0000000000000000e+00,0.0000000000000000e+00,199.995594874473,0
QK1_STK_case_0001,37080.000000,2023-11-25T21:26:00Z,J2000,4804144.050657418,4807291.551947269,-135802.554727067,733.089048900582,-532.572629191286,7608.433097537789,4805811.227490223,4805093.803515509,-112511.939485053,714.326099292324,-551.430186275266,7609.459157621307,-1667.176832806,2197.748431760,-23290.615242013,23453.407750531,18.762949608258,18.857557083981,-1.026060083518,26.621580277523,0.0000000000000000e+00,0.0000000000000000e+00,0.0000000000000000e+00,0.0000000000000000e+00,199.995594874473,0
QK1_STK_case_0001,37140.000000,2023-11-25T21:27:00Z,J2000,4837110.081560601,4764368.281250057,320665.797237787,365.343012620887,-897.674006836766,7601.360286256803,4837644.611192372,4761041.072247742,343964.489887318,346.365173842757,-916.450691106664,7600.601192925901,-534.529631770,3327.209002315,-23298.692649531,23541.136779043,18.977838778130,18.776684269898,0.759093330902,26.707647959810,0.0000000000000000e+00,0.0000000000000000e+00,0.0000000000000000e+00,0.0000000000000000e+00,199.995594874473,0
QK1_STK_case_0001,37200.000000,2023-11-25T21:28:00Z,J2000,4847949.995476505,4699651.055195435,775663.090326349,-4.163435030566,-1258.756670508079,7559.413551884065,4847341.544305270,4695201.842938678,798862.422690482,-23.270543591855,-1277.365583394638,7556.859732721035,608.451171235,4449.212256757,-23199.332364134,23629.953971072,19.107108561289,18.608912886559,2.553819163031,26.793566927714,0.0000000000000000e+00,0.0000000000000000e+00,0.0000000000000000e+00,0.0000000000000000e+00,199.995594874473,0
QK1_STK_case_0001,37260.000000,2023-11-25T21:29:00Z,J2000,4836609.519414539,4613431.420101146,1227101.398710399,-373.717300301555,-1614.143236686878,7482.771209218494,4834852.939318386,4607872.882275987,1250093.610244256,-392.866531312600,-1632.497360685326,7478.421527791965,1756.580096153,5558.537825159,-22992.211533858,23719.711372729,19.149231011045,18.354123998449,4.349681426529,26.879111677603,0.0000000000000000e+00,0.0000000000000000e+00,0.0000000000000000e+00,0.0000000000000000e+00,199.995594874473,0
QK1_STK_case_0001,37320.000000,2023-11-25T21:30:00Z,J2000,4803137.280763373,4506100.840636611,1672908.540036775,-741.603403157919,-1962.182339434089,7371.779597749955,4800232.684791869,4499450.864879726,1695586.059540595,-760.706626589514,-1980.195120897384,7365.641497429835,2904.595971504,6649.975756885,-22677.519503820,23810.265562799,19.103223431595,18.012781463295,6.138100320120,26.964230325780,0.0000000000000000e+00,0.0000000000000000e+00,0.0000000000000000e+00,0.0000000000000000e+00,199.995594874473,0
QK1_STK_case_0001,37380.000000,2023-11-25T21:31:00Z,J2000,4747684.609231930,4378148.819178862,2111038.083676130,-1106.115166307000,-2301.258902083345,7226.949964606112,4743637.415113480,4370430.460417128,2133294.041978198,-1125.083754852122,-2318.844710531169,7219.039384574158,4047.194118451,7718.358761734,-22255.958302067,23901.475313265,18.968588545122,17.585808447824,7.910580031955,27.048942430337,0.0000000000000000e+00,0.0000000000000000e+00,0.0000000000000000e+00,0.0000000000000000e+00,199.995594874473,0
QK1_STK_case_0001,37440.000000,2023-11-25T21:32:00Z,J2000,4670504.753709147,4230160.485874379,2539479.095017602,-1465.563079547745,-2629.801446515530,7048.953539498572,4665325.702712125,4221401.900760829,2561207.833159429,-1484.308266423168,-2646.875912556148,7039.294894959810,5179.050997021,8758.585113550,-21728.738141827,23993.195778327,18.745186875423,17.074466040617,9.658644538762,27.133168556084,0.0000000000000000e+00,0.0000000000000000e+00,0.0000000000000000e+00,0.0000000000000000e+00,199.995594874473,0
QK1_STK_case_0001,37500.000000,2023-11-25T21:33:00Z,J2000,4571951.644885338,4062813.794544266,2956265.635619102,-1818.281832524062,-2946.288490710795,6838.618651523809,4565656.798587731,4053048.153967598,2977363.216400797,-1836.715131182592,-2962.768932724476,6827.244926327266,6294.846297607,9765.640576667,-21097.580781695,24085.280580124,18.433298658530,16.480442013681,11.373725196543,27.216779626681,0.0000000000000000e+00,0.0000000000000000e+00,0.0000000000000000e+00,0.0000000000000000e+00,199.995594874473,0
QK1_STK_case_0001,37560.000000,2023-11-25T21:34:00Z,J2000,4452478.189941041,3876876.283833007,3359486.122752872,-2162.639232309001,-3249.256950931683,6596.928190256199,4445088.896893744,3866141.655588939,3379850.843762701,-2180.672978596179,-3265.062896644247,6583.880869123150,7389.293047297,10734.628244068,-20364.721009829,24177.587908750,18.033746287178,15.805945712564,13.047321133048,27.299752998291,0.0000000000000000e+00,0.0000000000000000e+00,0.0000000000000000e+00,0.0000000000000000e+00,199.995594874473,0
QK1_STK_case_0001,37620.000000,2023-11-25T21:35:00Z,J2000,4312633.976404290,3673201.296713335,3747292.429588900,-2497.046373561192,-3537.311052787968,6325.012903215822,4304176.807201951,3661540.498706805,3766825.326583584,-2514.594246354382,-3552.364709228556,6310.341713620401,8457.169202339,11660.798006530,-19532.896994684,24269.981171625,17.547872793191,15.053656440589,14.671189595422,27.382187931977,0.0000000000000000e+00,0.0000000000000000e+00,0.0000000000000000e+00,0.0000000000000000e+00,199.995594874473,0
QK1_STK_case_0001,37680.000000,2023-11-25T21:36:00Z,J2000,4153062.429323691,3452723.748051523,4117908.472155348,-2819.965162332600,-3809.128194668492,6024.142033114521,4143569.084069093,3440184.177262943,4136513.803633582,-2836.942545508870,-3823.354760842047,6007.904632428478,9493.345254598,12539.570788580,-18605.331478234,24362.323351843,16.977383176270,14.226566173555,16.237400686043,27.464156743718,0.0000000000000000e+00,0.0000000000000000e+00,0.0000000000000000e+00,0.0000000000000000e+00,199.995594874473,0
QK1_STK_case_0001,37740.000000,2023-11-25T21:37:00Z,J2000,3974497.613513394,3216455.617130218,4469638.294023190,-3129.913149772079,-4063.462885366986,5695.716434746567,3964004.810992847,3203089.061725475,4487224.012364693,-3146.237425039108,-4076.790849003306,5677.978290724182,10492.802520547,13366.555404742,-17585.718341504,24454.471936845,16.324275267029,13.327963636320,17.738144022385,27.545568265035,0.0000000000000000e+00,0.0000000000000000e+00,0.0000000000000000e+00,0.0000000000000000e+00,199.995594874473,0
QK1_STK_case_0001,37800.000000,2023-11-25T21:38:00Z,J2000,3777760.736087196,2965481.169725908,4800873.830901332,-3425.469217828374,-4299.152182783910,5341.264220737005,3766310.081775841,2951343.599099855,4817352.049252684,-3441.060204181605,-4311.513769640936,5322.098530400225,11450.654311355,14137.570626052,-16478.218351352,24546.284187217,15.590986353231,12.361586857025,19.165690336779,27.626280444094,0.0000000000000000e+00,0.0000000000000000e+00,0.0000000000000000e+00,0.0000000000000000e+00,199.995594874473,0
QK1_STK_case_0001,37860.000000,2023-11-25T21:39:00Z,J2000,3563756.230745034,2700951.790143392,5110102.375196033,-3705.281724807337,-4515.122942291255,4962.434412718197,3551394.053901901,2686103.115417114,5125389.822978158,-3720.062235688209,-4526.454608823447,4941.921773307762,12362.176843134,14848.674726277,-15287.447782124,24637.626044708,14.780510880871,11.331666532191,20.512639410434,27.706290691445,0.0000000000000000e+00,0.0000000000000000e+00,0.0000000000000000e+00,0.0000000000000000e+00,199.995594874473,0
QK1_STK_case_0001,37920.000000,2023-11-25T21:40:00Z,J2000,3333467.334907597,2424080.400473897,5395913.529221845,-3968.076716760656,-4710.397791929270,4560.986305400701,3320244.494064336,2408584.209541938,5409931.980493922,-3981.973024213999,-4720.640561209550,4539.214183269070,13222.840843261,15496.190931960,-14018.451272076,24728.372963734,13.896307453343,10.242769280279,21.772122131631,27.785733488277,0.0000000000000000e+00,0.0000000000000000e+00,0.0000000000000000e+00,0.0000000000000000e+00,199.995594874473,0
QK1_STK_case_0001,37980.000000,2023-11-25T21:41:00Z,J2000,3087951.248491580,2136135.616427706,5657005.459617867,-4212.663392851741,-4884.097893970134,4138.777543546232,3073922.914098333,2120058.893774382,5669682.130071287,-4225.605538288584,-4893.197555193356,4115.839798271771,14028.334393247,16076.722653324,-12676.670453420,24818.403472127,12.942145436843,9.099661223223,22.937745274461,27.864728980593,0.0000000000000000e+00,0.0000000000000000e+00,0.0000000000000000e+00,0.0000000000000000e+00,199.995594874473,0
QK1_STK_case_0001,38040.000000,2023-11-25T21:42:00Z,J2000,2828334.042521725,1838435.795958985,5892190.497332962,-4437.937320035296,-5035.444262356981,3697.754637051100,2813559.462572282,1821848.630348190,5903458.417078664,-4449.859394119626,-5043.351590666541,3673.751158230817,14774.579949443,16587.165610795,-11267.919745702,24907.595048057,11.922074084330,7.907328309559,24.003478820284,27.943312025299,0.0000000000000000e+00,0.0000000000000000e+00,0.0000000000000000e+00,0.0000000000000000e+00,199.995594874473,0
QK1_STK_case_0001,38100.000000,2023-11-25T21:43:00Z,J2000,2555805.381055178,1532342.984667856,6100400.239424996,-4642.883824218125,-5163.760153790037,3239.945327310571,2540347.629065279,1515318.262203561,6110198.604109298,-4653.724273637386,-5170.431179263100,3214.981684258119,15457.751989899,17024.722464295,-9798.364684302,24995.824092317,10.840449419261,6.671025473062,24.963643052451,28.021445339668,0.0000000000000000e+00,0.0000000000000000e+00,0.0000000000000000e+00,0.0000000000000000e+00,199.995594874473,0
QK1_STK_case_0001,38160.000000,2023-11-25T21:44:00Z,J2000,2271613.014851919,1219256.687744128,6280690.177171305,-4826.582020882366,-5268.474129512168,2767.450162411128,2255538.718344689,1201869.767784704,6288964.676404359,-4836.283987176694,-5273.870424382848,2741.637171446111,16074.296507230,17386.919959424,-8274.499233054,25082.968951772,9.701966294328,5.396294870680,25.812990965018,28.099086299517,0.0000000000000000e+00,0.0000000000000000e+00,0.0000000000000000e+00,0.0000000000000000e+00,199.995594874473,0
QK1_STK_case_0001,38220.000000,2023-11-25T21:45:00Z,J2000,1977057.037473540,900607.472603653,6432243.786227165,-4988.208643767754,-5349.122595339655,2282.433157141409,1960436.086696868,882935.847778579,6438946.903817570,-4996.720278479861,-5353.211515751908,2255.886392364503,16620.950776672,17671.624825073,-6703.117590406,25168.911659218,8.511634712107,4.088920412253,26.546764776906,28.176194131403,0.0000000000000000e+00,0.0000000000000000e+00,0.0000000000000000e+00,0.0000000000000000e+00,199.995594874473,0
QK1_STK_case_0001,38280.000000,2023-11-25T21:46:00Z,J2000,1673483.920599089,577850.434871637,6554376.044892676,-5127.041603000541,-5405.351854770955,1787.112038810380,1656389.158737367,559973.377284996,6559467.328954841,-5134.316375185255,-5408.106766149302,1759.951310835591,17094.761861722,17877.057586642,-5091.284062165,25253.539246346,7.274772184714,2.754911378346,27.160727974790,28.252734224541,0.0000000000000000e+00,0.0000000000000000e+00,0.0000000000000000e+00,0.0000000000000000e+00,199.995594874473,0
QK1_STK_case_0001,38340.000000,2023-11-25T21:47:00Z,J2000,1362280.342554270,252458.553025791,6646536.346195004,-5242.463255183460,-5436.919701503150,1283.747745753860,1344787.237778976,234456.747593476,6649982.645751916,-5248.460238954828,-5438.320169681519,1256.096499528202,17493.104775294,18001.805432315,-3446.299556912,25336.745926387,5.996983771368,1.400468178369,27.651246225658,28.328722938118,0.0000000000000000e+00,0.0000000000000000e+00,0.0000000000000000e+00,0.0000000000000000e+00,199.995594874473,0
QK1_STK_case_0001,38400.000000,2023-11-25T21:48:00Z,J2000,1044866.844757257,-74084.022728294,6708310.755435199,-5333.962759844528,-5443.695922153423,774.633216185536,1027053.147211106,-92128.853780982,6710086.419223305,-5338.646841581312,-5443.727812829630,746.617896314718,17813.697546150,18044.831052688,-1775.663788106,25418.432876048,4.684081736785,0.031890676207,28.015319870818,28.404221274246,0.0000000000000000e+00,0.0000000000000000e+00,0.0000000000000000e+00,0.0000000000000000e+00,199.995594874473,0
QK1_STK_case_0001,38460.000000,2023-11-25T21:49:00Z,J2000,722691.386675700,-400288.671576760,6739423.606357291,-5401.137105177097,-5425.661508472402,262.082816378967,704636.775356747,-418294.148092603,6739510.645620149,-5404.479130063811,-5424.317038809290,233.832312950417,18054.611318953,18005.476515843,-87.039262857,25498.504863508,3.342024886714,-1.344469663112,28.250503428550,28.479249866963,0.0000000000000000e+00,0.0000000000000000e+00,0.0000000000000000e+00,0.0000000000000000e+00,199.995594874473,0
QK1_STK_case_0001,38520.000000,2023-11-25T21:50:00Z,J2000,397222.860527135,-724668.943756323,6739738.511554668,-5443.691686788639,-5382.907773181542,-251.576545854858,379008.580628255,-742552.411548984,6738126.731428275,-5445.668630830818,-5380.185604280912,-279.931422947868,18214.279898880,17883.467792661,1611.780126393,25576.869388214,1.976944042179,-2.722168900630,28.354877093009,28.553766235457,0.0000000000000000e+00,0.0000000000000000e+00,0.0000000000000000e+00,0.0000000000000000e+00,199.995594874473,0
QK1_STK_case_0001,38580.000000,2023-11-25T21:51:00Z,J2000,69944.550306947,-1045747.178925261,6709258.857915362,-5461.441671369474,-5315.636440467138,-764.014279969836,51653.039917662,-1063426.099261747,6705945.955187074,-5462.036828386367,-5311.541777297509,-792.341391078674,18291.510389285,17678.920336486,3312.902728288,25653.438386935,0.595157016893,-4.094663169629,28.327111108839,28.627708642502,0.0000000000000000e+00,0.0000000000000000e+00,0.0000000000000000e+00,0.0000000000000000e+00,199.995594874473,0
QK1_STK_case_0001,38640.000000,2023-11-25T21:52:00Z,J2000,-257652.497618233,-1362061.127041778,6648127.714084536,-5454.313235035549,-5224.159226486104,-1272.906816772987,-275937.991457916,-1379453.470835096,6643119.336444396,-5453.516361551220,-5218.703845282010,-1301.073392460660,18285.493839682,17392.343793318,5008.377640141,25728.131571731,-0.796873484329,-5.455381204095,28.166575687673,28.701083209548,0.0000000000000000e+00,0.0000000000000000e+00,0.0000000000000000e+00,0.0000000000000000e+00,199.995594874473,0
QK1_STK_case_0001,38700.000000,2023-11-25T21:53:00Z,J2000,-584076.135517179,-1672170.486549003,6556627.073585976,-5422.343329141301,-5108.895509056860,-1775.948576224258,-602271.946291230,-1689195.126253871,6549936.836914700,-5420.150686515994,-5102.097662729906,-1803.821877489011,18195.810774051,17024.639704868,6690.236671276,25800.875053442,-2.192642625307,-6.797846326953,27.873301264753,28.773934728550,0.0000000000000000e+00,0.0000000000000000e+00,0.0000000000000000e+00,0.0000000000000000e+00,199.995594874473,0
QK1_STK_case_0001,38760.000000,2023-11-25T21:54:00Z,J2000,-907839.726825899,-1974663.266468505,6435176.496726082,-5365.678545098839,-4970.369114249715,-2270.860876060386,-925862.159370526,-1991240.361410759,6426825.967069658,-5362.092927164912,-4962.253437651048,-2298.308713820850,18022.432544628,16577.094942254,8350.529656423,25871.596338320,-3.585617933927,-8.115676598668,27.447837760465,28.846224369007,0.0000000000000000e+00,0.0000000000000000e+00,0.0000000000000000e+00,0.0000000000000000e+00,199.995594874473,0
QK1_STK_case_0001,38820.000000,2023-11-25T21:55:00Z,J2000,-1227468.706254759,-2268161.981970959,6284331.274991542,-5284.574694864163,-4809.206196910717,-2755.399263853118,-1245234.431319818,-2284213.360785383,6274349.920716119,-5279.605527024004,-4799.803705150493,-2782.290513330276,17765.725065060,16051.378814424,9981.354275423,25940.223246976,-4.969167840159,-9.402491760224,26.891249477158,28.917793462978,0.0000000000000000e+00,0.0000000000000000e+00,0.0000000000000000e+00,0.0000000000000000e+00,199.995594874473,0
QK1_STK_case_0001,38880.000000,2023-11-25T21:56:00Z,J2000,-1541507.146998782,-2551329.765312386,6104780.134278333,-5179.397346075418,-4626.134382591645,-3227.361980168142,-1558933.602632983,-2566779.309406825,6093205.243155890,-5173.060788398399,-4615.482479359167,-3253.567244863573,17426.455634201,15449.544094439,11574.891122443,26006.689008661,-6.336557677018,-10.651903232478,26.205264695432,28.988461556728,0.0000000000000000e+00,0.0000000000000000e+00,0.0000000000000000e+00,0.0000000000000000e+00,199.995594874473,0
QK1_STK_case_0001,38940.000000,2023-11-25T21:57:00Z,J2000,-1848524.349589421,-2822876.418146422,5897342.359714299,-5050.621676665379,-4421.981307983151,-3684.600745269372,-1865530.145644058,-2837650.442656131,5884218.912593069,-5042.940619462975,-4410.123689788072,-3709.993104273733,17005.796054637,14774.024509708,13123.447121229,26070.937152490,-7.681057202404,-11.857618195079,25.392359004361,29.058108073534,0.0000000000000000e+00,0.0000000000000000e+00,0.0000000000000000e+00,0.0000000000000000e+00,199.995594874473,0
QK1_STK_case_0001,39000.000000,2023-11-25T21:58:00Z,J2000,-2147121.366132933,-3081564.321759390,5662964.246738277,-4898.830389858677,-4197.671293789273,-4125.031891543886,-2163626.685529699,-3095591.948025076,5648344.747774057,-4889.834358875776,-4184.657770214399,-4149.487602816142,16505.319396766,14027.626265686,14619.498964220,26132.922090801,-8.996030982901,-13.013523574874,24.455711272256,29.126657602805,0.0000000000000000e+00,0.0000000000000000e+00,0.0000000000000000e+00,0.0000000000000000e+00,199.995594874473,0
QK1_STK_case_0001,39060.000000,2023-11-25T21:59:00Z,J2000,-2435937.360659629,-3326214.112762877,5402714.932167472,-4724.710711565103,-3954.221199334982,-4546.645826101382,-2451864.353808418,-3339427.628826377,5386659.198862259,-4714.435744182097,-3940.107482665865,-4570.044952496223,15926.993148789,13213.516063499,16055.733305213,26192.607535144,-10.274967383007,-14.113716669117,23.399126394842,29.194024542357,0.0000000000000000e+00,0.0000000000000000e+00,0.0000000000000000e+00,0.0000000000000000e+00,199.995594874473,0
QK1_STK_case_0001,39120.000000,2023-11-25T22:00:00Z,J2000,-2713655.800355329,-3555710.116529699,5117781.687823925,-4529.051791505801,-3692.736460103416,-4947.515823455943,-2728928.972742098,-3568045.325125232,5100356.604247915,-4517.540336562830,-3677.583957598877,-4969.742859806095,15273.172386769,12335.208595533,17425.083576011,26249.965780592,-11.511454942971,-15.152502504538,22.227036350152,29.260093505747,0.0000000000000000e+00,0.0000000000000000e+00,0.0000000000000000e+00,0.0000000000000000e+00,199.995594874473,0
QK1_STK_case_0001,39180.000000,2023-11-25T22:01:00Z,J2000,-2979010.497151162,-3769005.535108088,4809464.667863720,-4312.742145362689,-3414.406699654843,-5325.807507289850,-2993557.090301740,-3780402.087692267,4790743.898386144,-4300.042924992177,-3398.282240564602,-5346.752065467991,14546.593150578,11396.552584179,18720.769477576,26304.980382524,-12.699220370512,-16.124459090240,20.944558178141,29.324782970197,0.0000000000000000e+00,0.0000000000000000e+00,0.0000000000000000e+00,0.0000000000000000e+00,199.995594874473,0
QK1_STK_case_0001,39240.000000,2023-11-25T22:02:00Z,J2000,-3230791.467947782,-3965127.335180094,4479171.072027473,-4076.766030791207,-3120.500065213541,-5679.788634423130,-3244541.829289283,-3975529.046623535,4459234.734145173,-4062.933805427890,-3103.475533605684,-5699.346099055299,13750.361341500,10401.711443441,19936.337882300,26357.647962815,-13.832225363317,-17.024531607857,19.557464632169,29.388085303522,0.0000000000000000e+00,0.0000000000000000e+00,0.0000000000000000e+00,0.0000000000000000e+00,199.995594874473,0
QK1_STK_case_0001,39300.000000,2023-11-25T22:03:00Z,J2000,-3467850.535390989,-4143180.762518595,4128408.752587424,-3822.198486944847,-2812.356590405559,-6007.837623844312,-3480738.471675841,-4152535.902415191,4107343.053740362,-3807.293755568036,-2794.508529373465,-6025.909690977845,12887.936284851,9355.139896596,21065.698847062,26407.976296611,-14.904731376810,-17.848061032094,18.072067133533,29.450023947344,0.0000000000000000e+00,0.0000000000000000e+00,0.0000000000000000e+00,0.0000000000000000e+00,199.995594874473,0
QK1_STK_case_0001,39360.000000,2023-11-25T22:04:00Z,J2000,-3689106.613588572,-4302353.459945053,3758779.367804952,-3550.199992734425,-2491.381813913892,-6308.450177358432,-3701069.726190332,-4310615.021164984,3736676.213125266,-3534.288701624591,-2472.791071232001,-6324.945298658809,11963.112601760,8261.561219932,22103.154679686,26455.980490377,-15.911291109833,-18.590742681891,16.495121300377,29.510573104572,0.0000000000000000e+00,0.0000000000000000e+00,0.0000000000000000e+00,0.0000000000000000e+00,199.995594874473,0
QK1_STK_case_0001,39420.000000,2023-11-25T22:05:00Z,J2000,-3893550.688715891,-4441919.229418043,3371971.170628339,-3262.011760384715,-2159.041329620199,-6580.245081065706,-3904530.693003306,-4449045.177018558,3348927.744313929,-3245.165050561867,-2139.792738475522,-6595.078917321080,10980.004287415,7125.947600514,23043.426314410,26501.681449760,-16.846709822848,-19.248591144677,14.833836255373,29.569622773404,0.0000000000000000e+00,0.0000000000000000e+00,0.0000000000000000e+00,0.0000000000000000e+00,199.995594874473,0
QK1_STK_case_0001,39480.000000,2023-11-25T22:06:00Z,J2000,-4080250.538476039,-4561241.482568031,2969751.432923734,-2958.951609260801,-1816.855629243594,-6821.970820734514,-4090193.567608373,-4567194.982601797,2945869.750682772,-2941.245554432685,-1797.037662300477,-6835.066750805703,9943.029132334,5953.500033766,23881.682240962,26545.107602660,-17.706054828115,-19.817966943117,13.095930071190,29.627007539814,0.0000000000000000e+00,0.0000000000000000e+00,0.0000000000000000e+00,0.0000000000000000e+00,199.995594874473,0
QK1_STK_case_0001,39540.000000,2023-11-25T22:07:00Z,J2000,-4248355.193002951,-4659776.357644368,2553958.430938090,-2642.409203376768,-1466.393935479876,-7032.513475223541,-4257212.084364871,-4664525.983090415,2529344.860217433,-2623.924470985069,-1446.098269115352,-7043.803154672273,8856.891361919,4749.625446047,24613.570720657,26586.299669103,-18.484732391699,-20.295666364524,11.289679448732,29.682591982977,0.0000000000000000e+00,0.0000000000000000e+00,0.0000000000000000e+00,0.0000000000000000e+00,199.995594874473,0
QK1_STK_case_0001,39600.000000,2023-11-25T22:08:00Z,J2000,-4397099.058618692,-4737075.415636029,2126492.947572428,-2313.839487103625,-1109.266343415317,-7210.904607894392,-4404825.616186013,-4740595.322946676,2101257.695475681,-2294.660876197955,-1088.587321209711,-7220.328464001760,7726.557567322,3519.907310647,25235.252096747,26625.314790684,-19.178610905670,-20.679022205607,9.423856107368,29.736343749416,0.0000000000000000e+00,0.0000000000000000e+00,0.0000000000000000e+00,0.0000000000000000e+00,199.995594874473,0
QK1_STK_case_0001,39660.000000,2023-11-25T22:09:00Z,J2000,-4525805.592887875,-4792787.825047187,1689309.351628358,-1974.754455676442,-747.114825143204,-7356.327220944778,-4532362.819237380,-4795057.896969429,1663565.927684559,-1954.970364469191,-726.148886564191,-7363.834785301417,6557.226349505,2270.071922242,25743.423943799,26662.226468939,-19.784091207251,-20.965938579013,7.507564356640,29.788326034956,0.0000000000000000e+00,0.0000000000000000e+00,0.0000000000000000e+00,0.0000000000000000e+00,199.995594874473,0
QK1_STK_case_0001,39720.000000,2023-11-25T22:10:00Z,J2000,-4633890.471731666,-4826662.007503696,1244406.400015301,-1626.714719445569,-381.604462571851,-7468.119110913019,-4639244.768635792,-4827667.962750787,1218271.063754808,-1606.416647121553,-360.449619859782,-7473.669211309786,5354.296904126,1005.955247091,26135.336260493,26697.120495396,-20.298072324017,-21.154842712069,5.550100396767,29.838611305782,0.0000000000000000e+00,0.0000000000000000e+00,0.0000000000000000e+00,0.0000000000000000e+00,199.995594874473,0
QK1_STK_case_0001,39780.000000,2023-11-25T22:11:00Z,J2000,-4720864.278017596,-4838546.786568572,793817.884851193,-1271.322074351006,-14.415667790982,-7545.774998494201,-4724987.619294000,-4838280.259949342,767409.082934936,-1250.604186239290,6.828966310591,-7549.335938247943,4123.341276404,-266.526619229,26408.801916257,26730.091626714,-20.717888111716,-21.244634101573,3.560939753742,29.887215625566,0.0000000000000000e+00,0.0000000000000000e+00,0.0000000000000000e+00,0.0000000000000000e+00,199.995594874473,0
QK1_STK_case_0001,39840.000000,2023-11-25T22:12:00Z,J2000,-4786334.766811687,-4828392.084345113,339603.142988953,-910.212628304930,352.763306633700,-7588.949176066660,-4789204.845069543,-4826850.678140006,313040.934020606,-889.171298393884,373.998023643733,-7590.498958177898,2870.078257856,-1541.406205108,26562.208968347,26761.244880862,-21.041329911046,-21.234717010033,1.549782111239,29.934137627698,0.0000000000000000e+00,0.0000000000000000e+00,0.0000000000000000e+00,0.0000000000000000e+00,199.995594874473,0
QK1_STK_case_0001,39900.000000,2023-11-25T22:13:00Z,J2000,-4830008.697386599,-4796249.145245938,-116162.609635885,-545.048958252384,718.244842050773,-7597.458489774982,-4831609.040236410,-4793436.447591038,-142757.142470638,-523.782221732786,739.369915057111,-7596.984970632158,1600.342849811,-2812.697654899,26594.532834753,26790.698797037,-21.266736519599,-21.125073006338,-0.473519142823,29.979443158534,0.0000000000000000e+00,0.0000000000000000e+00,0.0000000000000000e+00,0.0000000000000000e+00,199.995594874473,0
QK1_STK_case_0001,39960.000000,2023-11-25T22:14:00Z,J2000,-4851693.147611943,-4742270.215245996,-571398.080698525,-177.510844709886,1080.351414860534,-7571.283461909663,-4852013.200075665,-4738195.783835295,-597903.421841295,-156.117813592675,1101.267682495917,-7568.784360708809,320.052463722,-4074.431410701,26505.341142770,26818.585607646,-21.393031117211,-20.916267635383,-2.499101200854,30.023283281298,0.0000000000000000e+00,0.0000000000000000e+00,0.0000000000000000e+00,0.0000000000000000e+00,199.995594874473,0
QK1_STK_case_0001,40020.000000,2023-11-25T22:15:00Z,J2000,-4851296.267592717,-4666707.665710814,-1024025.683971448,190.713822846807,1437.424348663239,-7510.566694283888,-4850331.440056586,-4661386.978020591,-1050320.473715011,212.133496473639,1458.033720961564,-7506.049460095584,-964.827536131,-5320.687690224,26294.789743563,26845.047538225,-21.419673626832,-20.609372298325,-4.517234188303,30.065828601968,0.0000000000000000e+00,0.0000000000000000e+00,0.0000000000000000e+00,0.0000000000000000e+00,199.995594874473,0
QK1_STK_case_0001,40080.000000,2023-11-25T22:16:00Z,J2000,-4828827.526026058,-4569912.641300116,-1471981.188319030,557.936860844081,1787.830967914623,-7415.610406880015,-4826579.212653535,-4563367.017550652,-1497944.802538971,579.283442958954,1808.036842751853,-7409.092096392343,-2248.313372523,-6545.623749464,25963.614219941,26870.231979880,-21.346582114872,-20.205874837230,-6.518310487673,30.107180497989,0.0000000000000000e+00,0.0000000000000000e+00,0.0000000000000000e+00,0.0000000000000000e+00,199.995594874473,0
QK1_STK_case_0001,40140.000000,2023-11-25T22:17:00Z,J2000,-4784397.510971447,-4452333.304964537,-1913223.243747906,922.477061119291,2129.971144885656,-7286.874907190118,-4780873.080860341,-4444589.806315567,-1938736.368449958,943.651205409733,2149.678837765783,-7278.382127155184,-3524.430111105,-7743.498648970,25513.124702052,26894.291420246,-21.174144290442,-19.707692880127,-8.492780034935,30.147385588333,0.0000000000000000e+00,0.0000000000000000e+00,0.0000000000000000e+00,0.0000000000000000e+00,199.995594874473,0
QK1_STK_case_0001,40200.000000,2023-11-25T22:18:00Z,J2000,-4718217.275456127,-4314512.667814619,-2345742.834043843,1282.668221948615,2462.284748126436,-7124.977395798643,-4713430.033577939,-4305603.966465526,-2370688.035820451,1303.571505780453,2481.401998891911,-7114.546195747400,-4787.241878187,-8908.701349093,24945.201776608,26917.387246968,-20.903283831838,-19.117250765476,-10.431200051243,30.186528225245,0.0000000000000000e+00,0.0000000000000000e+00,0.0000000000000000e+00,0.0000000000000000e+00,199.995594874473,0
QK1_STK_case_0001,40260.000000,2023-11-25T22:19:00Z,J2000,-4630597.174572971,-4157085.937661173,-2767572.616650411,1636.867949233401,2783.260126813772,-6930.689111702229,-4624566.289882562,-4147050.155398657,-2791834.902184852,1657.403414460699,2801.697626971656,-6918.364721159761,-6030.884690408,-10035.782262516,24262.285534441,26939.691815691,-20.535465227298,-18.437500157884,-12.324390542468,30.224780336949,0.0000000000000000e+00,0.0000000000000000e+00,0.0000000000000000e+00,0.0000000000000000e+00,199.995594874473,0
QK1_STK_case_0001,40320.000000,2023-11-25T22:20:00Z,J2000,-4521945.180379641,-3980777.357900848,-3176796.016933064,1983.466053172792,3091.442368082223,-6704.930038371257,-4514695.583326978,-3969657.874648191,-3200263.372737321,2003.538680359024,3109.114222961251,-6690.766488937331,-7249.597052663,-11119.483252658,23467.355804256,26961.386345581,-20.072627186232,-17.671854879028,-14.163549433927,30.262368538999,0.0000000000000000e+00,0.0000000000000000e+00,0.0000000000000000e+00,0.0000000000000000e+00,199.995594874473,0
QK1_STK_case_0001,40380.000000,2023-11-25T22:21:00Z,J2000,-4392764.725081487,-3786396.587171779,-3571555.958798592,2320.891856320333,3385.440243411119,-6448.762367580140,-4384326.978521930,-3774241.824562624,-3594119.867405755,2340.408987808634,3402.264350246082,-6432.822095932695,-8437.746559556,-12154.762609155,22563.908607164,26982.657258333,-19.517131488301,-16.824106834963,-15.940271647445,30.299525615432,0.0000000000000000e+00,0.0000000000000000e+00,0.0000000000000000e+00,0.0000000000000000e+00,199.995594874473,0
QK1_STK_case_0001,40440.000000,2023-11-25T22:22:00Z,J2000,-4243652.126547711,-3574834.701961825,-3950063.201677164,2647.620982342887,3663.931942627741,-6163.384038307698,-4234062.271847122,-3561697.885881374,-3971619.134139570,2666.492724955107,3679.830311883214,-6145.737493919598,-9589.854700589,-13136.816080451,21555.932462407,27003.693714636,-18.871742612220,-15.898369255473,-17.646544388100,30.336468862517,0.0000000000000000e+00,0.0000000000000000e+00,0.0000000000000000e+00,0.0000000000000000e+00,199.995594874473,0
QK1_STK_case_0001,40500.000000,2023-11-25T22:23:00Z,J2000,-4075293.607019523,-3347059.876026179,-4310604.293054765,2962.182100986993,3925.670188887314,-5850.122275572673,-4064592.986224326,-3332998.780925379,-4331052.177930169,2980.321722932295,3940.569239074475,-5830.847523733547,-10700.620795197,-14061.095100800,20447.884875404,27024.686431375,-18.139621945302,-14.899050187162,-19.274751839126,30.373403484924,0.0000000000000000e+00,0.0000000000000000e+00,0.0000000000000000e+00,0.0000000000000000e+00,199.995594874473,0
QK1_STK_case_0001,40560.000000,2023-11-25T22:24:00Z,J2000,-3888461.916038956,-3104112.762726022,-4651549.123409836,3263.163318199026,4169.487067320293,-5510.426790939801,-3876696.971051625,-3089189.438639720,-4670793.791063999,3280.487613249661,4183.317906477541,-5489.609087157801,-11764.944987331,-14923.324086303,19244.667654163,27045.827135788,-17.324295050635,-13.830839157248,-20.817703782001,30.410526163654,0.0000000000000000e+00,0.0000000000000000e+00,0.0000000000000000e+00,0.0000000000000000e+00,199.995594874473,0
QK1_STK_case_0001,40620.000000,2023-11-25T22:25:00Z,J2000,-3684012.584769716,-2847101.590346989,-4971358.061424789,3549.218110893022,4394.298788098586,-5145.862561913024,-3671234.635653812,-2831382.073274557,-4989309.662090230,3565.647735615978,4406.997488095983,-5123.593902142638,-12777.949115904,-15719.517072432,17951.600665440,27067.308086519,-16.429624722957,-12.698699997397,-22.268659770386,30.448033731759,0.0000000000000000e+00,0.0000000000000000e+00,0.0000000000000000e+00,0.0000000000000000e+00,199.995594874473,0
QK1_STK_case_0001,40680.000000,2023-11-25T22:26:00Z,J2000,-3462879.830142755,-2577196.973927948,-5268588.636544632,3819.071093523783,4599.110316156522,-4758.101895341400,-3449144.833329674,-2560750.980165222,-5285163.030119787,3834.530900854626,4610.618167461294,-4734.480516131538,-13734.996813081,-16445.993762726,16574.393575154,27089.322078691,-15.459807330843,-11.507851304772,-23.621379209861,30.486158172777,0.0000000000000000e+00,0.0000000000000000e+00,0.0000000000000000e+00,0.0000000000000000e+00,199.995594874473,0
QK1_STK_case_0001,40740.000000,2023-11-25T22:27:00Z,J2000,-3226072.118821950,-2295626.466472376,-5541901.714241155,4071.523519190704,4783.019320561465,-4348.915452689256,-3211440.406080663,-2278527.073346903,-5557020.828116180,4085.942853680031,4793.283021901443,-4324.045271314565,-14631.712741287,-17099.393125473,15119.113875025,27112.061289562,-14.419334489327,-10.263701339978,-24.870181374691,30.525181308575,0.0000000000000000e+00,0.0000000000000000e+00,0.0000000000000000e+00,0.0000000000000000e+00,199.995594874473,0
QK1_STK_case_0001,40800.000000,2023-11-25T22:28:00Z,J2000,-2974667.427169307,-2003668.909127605,-5790067.112310298,4305.457789957671,4945.218875871684,-3920.162743627140,-2959203.429472675,-1985992.226965345,-5803659.265446016,4318.770691940154,4954.190641837128,-3894.152816754524,-15463.997696632,-17676.682162260,13592.153135718,27135.713439890,-13.312901982484,-8.971765965444,-26.009926872615,30.565376484721,0.0000000000000000e+00,0.0000000000000000e+00,0.0000000000000000e+00,0.0000000000000000e+00,199.995594874473,0
QK1_STK_case_0001,40860.000000,2023-11-25T22:29:00Z,J2000,-2709808.270745064,-1702648.652604199,-6011968.663308800,4519.840631121412,5084.999167484513,-3473.783450559712,-2693580.231900034,-1684473.491104932,-6023968.861160657,4531.985996669587,5092.636823394088,-3446.747528835349,-16228.038845030,-18175.161499267,12000.197851857,27160.458183984,-12.145365548174,-7.637655909575,-27.035921724363,30.606939663706,0.0000000000000000e+00,0.0000000000000000e+00,0.0000000000000000e+00,0.0000000000000000e+00,199.995594874473,0
QK1_STK_case_0001,40920.000000,2023-11-25T22:30:00Z,J2000,-2432696.560856274,-1393929.677185132,-6206608.803320377,4713.726033428651,5201.749439737747,-3011.790189622044,-2415776.240792260,-1375337.205212037,-6216959.006929234,4724.647795427956,5208.016545640504,-2983.846310857640,-16920.320064014,-18592.471973095,10350.203608857,27186.466483966,-10.921761999305,-6.267105902757,-27.943878764404,30.649989591606,0.0000000000000000e+00,0.0000000000000000e+00,0.0000000000000000e+00,0.0000000000000000e+00,199.995594874473,0
QK1_STK_case_0001,40980.000000,2023-11-25T22:31:00Z,J2000,-2144588.256110693,-1078909.569612160,-6373112.728308665,4886.259145680529,5294.960700764311,-2536.260909968823,-2127050.621813421,-1059982.966436664,-6381762.098205209,4895.906510890823,5299.826707845349,-2507.530929913603,-17537.634297273,-18926.603175496,8649.369896544,27213.903140028,-9.647365210293,-4.866007081038,-28.729980055220,30.694648302055,0.0000000000000000e+00,0.0000000000000000e+00,0.0000000000000000e+00,0.0000000000000000e+00,199.995594874473,0
QK1_STK_case_0001,41040.000000,2023-11-25T22:32:00Z,J2000,-1846787.767712201,-759013.340991145,-6510732.036376996,5036.680307751478,5364.228070846132,-2049.329318445015,-1828710.670269550,-739837.439429578,-6517637.144395846,5045.007956851393,5367.668416280197,-2019.938319436438,-18077.097442651,-19175.901561567,6905.108018850,27242.928796332,-8.327649099915,-3.440345434065,-29.390999008577,30.741121302893,0.0000000000000000e+00,0.0000000000000000e+00,0.0000000000000000e+00,0.0000000000000000e+00,199.995594874473,0
QK1_STK_case_0001,41100.000000,2023-11-25T22:33:00Z,J2000,-1540642.162560285,-435687.147551250,-6618847.752833894,5164.327580485476,5409.251597588832,-1553.174223352358,-1522106.005802310,-416348.074611679,-6623972.757699927,5171.295743082148,5411.247696256831,-1523.249932845187,-18536.156757974,-19339.072939571,5125.004866033,27273.696566382,-6.968162596672,-1.996098667998,-29.924290507172,30.789655116998,0.0000000000000000e+00,0.0000000000000000e+00,0.0000000000000000e+00,0.0000000000000000e+00,199.995594874473,0
QK1_STK_case_0001,41160.000000,2023-11-25T22:34:00Z,J2000,-1227535.269702968,-110392.004464047,-6696972.744530819,5268.637574540501,5429.835836961858,-1050.010154489805,-1208622.676938576,-90976.823914706,-6700289.536706228,5274.212043649892,5430.375046792809,-1019.682511529789,-18912.592764392,-19415.180549341,3316.792175408,27306.345620938,-5.574469109391,-0.539209830952,-30.327642960016,30.840417970637,0.0000000000000000e+00,0.0000000000000000e+00,0.0000000000000000e+00,0.0000000000000000e+00,199.995594874473,0
QK1_STK_case_0001,41220.000000,2023-11-25T22:35:00Z,J2000,-908881.748038642,215402.473412288,-6744753.637852538,5349.146231451905,5425.889602345414,-542.080146416262,-889677.226304279,234806.117962720,-6746241.962124893,5353.298451680185,5424.965249168409,-511.480964050301,-19204.521734363,-19403.644550431,1488.324272355,27340.998263135,-4.152220228280,0.924353177004,-30.599182365961,30.893451135885,0.0000000000000000e+00,0.0000000000000000e+00,0.0000000000000000e+00,0.0000000000000000e+00,199.995594874473,0
QK1_STK_case_0001,41280.000000,2023-11-25T22:36:00Z,J2000,-586121.068488179,540224.342867562,-6761972.329667269,5405.491048203977,5397.426648941876,-31.648964376449,-566710.664204621,559528.588030996,-6761619.885945239,5408.198284588843,5395.038086852598,-0.911525864400,-19410.404283557,-19304.245163434,-352.443722030,27377.762734714,-2.707236384867,2.388562089277,-30.737438512049,30.948739618599,0.0000000000000000e+00,0.0000000000000000e+00,0.0000000000000000e+00,0.0000000000000000e+00,199.995594874473,0
QK1_STK_case_0001,41340.000000,2023-11-25T22:37:00Z,J2000,-260711.329253327,862605.656663087,-6748547.047114652,5437.414067538571,5344.566491642411,479.005428783502,-241182.274274794,881722.782273630,-6746349.564302970,5438.659565821823,5340.719145647933,509.746864387838,-19529.054978533,-19117.125610543,-2197.482811682,27416.735959473,-1.245498283252,3.847345994479,-30.741435604336,31.006276786972,0.0000000000000000e+00,0.0000000000000000e+00,0.0000000000000000e+00,0.0000000000000000e+00,199.995594874473,0
QK1_STK_case_0001,41400.000000,2023-11-25T22:38:00Z,J2000,65877.080647668,1181088.812074760,-6704532.842382661,5444.763699008111,5267.534345743033,987.601834452661,85436.730669894,1199931.605480485,-6700494.120504567,5444.536756933833,5262.239703310991,1018.212577383934,-19559.650022227,-18842.793405726,-4038.721878094,27458.005148434,0.226942074278,5.294642432042,-30.610742931273,31.066096053298,0.0000000000000000e+00,0.0000000000000000e+00,0.0000000000000000e+00,0.0000000000000000e+00,199.995594874473,0
QK1_STK_case_0001,41460.000000,2023-11-25T22:39:00Z,J2000,392167.877890915,1494232.873537068,-6630121.490777440,5427.495043458593,5166.660444699557,1491.865570353470,411669.606923745,1512714.992635432,-6624253.411655829,5425.791017359745,5159.936034418743,1522.210994284748,-19501.729032830,-18482.119098365,-5868.079121611,27501.645663734,1.704026098849,6.724410280815,-30.345423931279,31.128221152827,0.0000000000000000e+00,0.0000000000000000e+00,0.0000000000000000e+00,0.0000000000000000e+00,199.995594874473,0
QK1_STK_case_0001,41520.000000,2023-11-25T22:40:00Z,J2000,716685.282507314,1800619.851241797,-6525640.825075318,5385.669779692220,5042.379281304081,1989.537571963493,736040.478183487,1818656.186646740,-6517963.334535443,5382.490110396606,5034.248663514046,2019.483583146948,-19355.195676173,-18036.335404943,-7677.490539875,27547.719606030,3.179669295615,8.130617790035,-29.946011183454,31.192640610834,0.0000000000000000e+00,0.0000000000000000e+00,0.0000000000000000e+00,0.0000000000000000e+00,199.995594874473,0
QK1_STK_case_0001,41580.000000,2023-11-25T22:41:00Z,J2000,1037960.416791315,2098860.929386821,-6391553.525269854,5319.456347996740,4895.228603867139,2478.383568556754,1057080.737007154,2116367.965476912,-6382094.586244309,5314.808611176688,4885.721331844609,2507.797112426990,-19120.320215839,-17507.036090091,-9458.939025544,27596.276656551,4.647736820052,9.507272022530,-29.413543870237,31.259338474529,0.0000000000000000e+00,0.0000000000000000e+00,0.0000000000000000e+00,0.0000000000000000e+00,199.995594874473,0
QK1_STK_case_0001,41640.000000,2023-11-25T22:42:00Z,J2000,1354537.715579414,2387602.609860158,-6228455.342719615,5229.130018212404,4725.847513575333,2956.203737446026,1373335.457440639,2404498.781579365,-6217250.857065597,5223.027943291330,4714.999030859587,2984.953322745895,-18797.741861225,-16896.171719207,-11204.485654018,27647.354604325,6.102074921074,10.848482715747,-28.749585299869,31.328318666834,0.0000000000000000e+00,0.0000000000000000e+00,0.0000000000000000e+00,0.0000000000000000e+00,199.995594874473,0
QK1_STK_case_0001,41700.000000,2023-11-25T22:43:00Z,J2000,1664981.318535378,2665532.710921961,-6037072.747235946,5115.072154466038,4534.973595393702,3420.842130873553,1683369.786896426,2681738.753155981,-6024166.447210610,5107.535597521158,4522.825103425957,3448.798307004935,-18388.468361049,-16206.042234020,-12906.300025337,27700.977489976,7.536556944880,12.148491967745,-27.956176131382,31.399575340482,0.0000000000000000e+00,0.0000000000000000e+00,0.0000000000000000e+00,0.0000000000000000e+00,199.995594874473,0
QK1_STK_case_0001,41760.000000,2023-11-25T22:44:00Z,J2000,1967881.396135269,2931386.183537206,-5818260.035087420,4977.768839809996,4323.439885909502,3870.195132003287,1985775.270321627,2946825.473435050,-5803703.348083992,4968.823757979791,4310.038243728394,3897.230921166480,-17893.874186358,-15439.289897844,-14556.687003428,27757.152996347,8.945081830205,13.401642181107,-27.035789163192,31.473042397838,0.0000000000000000e+00,0.0000000000000000e+00,0.0000000000000000e+00,0.0000000000000000e+00,199.995594874473,0
QK1_STK_case_0001,41820.000000,2023-11-25T22:45:00Z,J2000,2261860.393634718,3183950.762045249,-5572995.951784839,4817.809657950615,4092.172444989738,4302.219406384466,2279176.093243781,3198549.656272727,-5556847.838618276,4807.488104690247,4077.570102884130,4328.210748229691,-17315.699609063,-14598.894227478,-16148.113166563,27815.871808313,10.321553260368,14.602342105608,-25.991341845224,31.548576950334,0.0000000000000000e+00,0.0000000000000000e+00,0.0000000000000000e+00,0.0000000000000000e+00,199.995594874473,0
QK1_STK_case_0001,41880.000000,2023-11-25T22:46:00Z,J2000,2545579.212924848,3422072.482241262,-5302379.821283444,4635.886745314440,3842.188212526185,4714.940551407395,2562235.263930326,3435760.650775826,-5284706.586143153,4624.226879589286,3826.443150532696,4739.766820874320,-16656.051005478,-13688.168534564,-17673.235140291,27877.109485234,11.659865725155,15.745061993489,-24.826269466925,31.625987756145,0.0000000000000000e+00,0.0000000000000000e+00,0.0000000000000000e+00,0.0000000000000000e+00,199.995594874473,0
QK1_STK_case_0001,41940.000000,2023-11-25T22:47:00Z,J2000,2817743.329125052,3644661.056943284,-5007627.121377858,4432.793431561228,3574.592258501152,5106.462879906711,2833660.729502302,3657371.811626975,-4988502.188233206,4419.839482697203,3557.767864906837,5130.007478349805,-15917.400377250,-12710.754683691,-19124.933144652,27940.830109109,12.953948864025,16.824393594315,-23.544598443094,31.705096228126,0.0000000000000000e+00,0.0000000000000000e+00,0.0000000000000000e+00,0.0000000000000000e+00,199.995594874473,0
QK1_STK_case_0001,42000.000000,2023-11-25T22:48:00Z,J2000,3077108.794085046,3850695.049119304,-4690064.451219308,4209.421752725179,3290.573720142640,5474.979728394933,3092211.375122169,3862365.662408014,-4669568.104062865,4195.223910412615,3272.738585911764,5497.130684057599,-15102.581037122,-11670.613288710,-20496.347156443,28006.988686307,14.197842312565,17.835134230876,-22.150955662666,31.785776317957,0.0000000000000000e+00,0.0000000000000000e+00,0.0000000000000000e+00,0.0000000000000000e+00,199.995594874473,0
QK1_STK_case_0001,42060.000000,2023-11-25T22:49:00Z,J2000,3322488.052314096,4039226.760114576,-4351123.895015812,3966.758736325639,2991.400442752313,5818.783084485377,3336702.831393431,4049798.769426744,-4329342.983646511,3951.372983779384,2972.628095800622,5839.433590374149,-14214.779079336,-10572.009312169,-21780.911369301,28075.530720687,15.385752546255,18.772346951691,-20.650505888772,31.867942904296,0.0000000000000000e+00,0.0000000000000000e+00,0.0000000000000000e+00,0.0000000000000000e+00,199.995594874473,0
QK1_STK_case_0001,42120.000000,2023-11-25T22:50:00Z,J2000,3552755.512261512,4209386.776105381,-3992336.851111067,3705.882098134287,2678.413103525624,6136.271728511460,3566013.035173027,4218806.271901932,-3969364.467275995,3689.370042403125,2658.781746615682,6155.320596380429,-13257.522911515,-9419.495796551,-22972.383835072,28146.389357722,16.512055731162,19.631356909942,-19.048867868968,31.951487065298,0.0000000000000000e+00,0.0000000000000000e+00,0.0000000000000000e+00,0.0000000000000000e+00,199.995594874473,0
QK1_STK_case_0001,42180.000000,2023-11-25T22:51:00Z,J2000,3766852.863031504,4360388.170536177,-3615327.410534631,3427.956172720357,2353.019746999983,6425.958253639324,3779087.537449123,4368606.070363942,-3591262.537741332,3410.384913071203,2332.612042899346,6443.310362838496,-12234.674417619,-8217.899827764,-24064.872793299,28219.483309266,17.571259649154,20.407704100636,-17.352109199173,32.036217722714,0.0000000000000000e+00,0.0000000000000000e+00,0.0000000000000000e+00,0.0000000000000000e+00,199.995594874473,0
QK1_STK_case_0001,42240.000000,2023-11-25T22:52:00Z,J2000,3963794.160838173,4491530.397607818,-3221805.315469943,3134.228269679832,2016.690887464571,6686.476353946733,3974944.581883204,4498502.707230005,-3196752.449613934,3115.670264270487,1995.593742653061,6702.043170859131,-11150.421045031,-6972.309622187,-25052.865856009,28294.718209381,18.558005409344,21.097144811510,-15.566816912398,32.121875299478,0.0000000000000000e+00,0.0000000000000000e+00,0.0000000000000000e+00,0.0000000000000000e+00,199.995594874473,0
QK1_STK_case_0001,42300.000000,2023-11-25T22:53:00Z,J2000,4142670.688974007,4602202.883437711,-2813558.441060666,2826.024484553709,1670.954015651281,6916.589425058094,4152679.955298843,4607890.943378373,-2787627.177479029,2806.557350594446,1649.258291207462,6930.289606133681,-10009.266324836,-5688.059940662,-25931.263581638,28371.990927505,19.467133959263,21.695724443820,-13.700181075587,32.208208972775,0.0000000000000000e+00,0.0000000000000000e+00,0.0000000000000000e+00,0.0000000000000000e+00,199.995594874473,0
QK1_STK_case_0001,42360.000000,2023-11-25T22:54:00Z,J2000,4302655.517088744,4691888.236505179,-2392444.744298657,2504.743786630597,1317.386369624455,7115.199367474853,4311471.531428538,4696258.947646558,-2365749.328523480,2484.449980386464,1295.186473756417,7126.959336840499,-8816.014339794,-4370.711141380,-26695.415775177,28451.194142433,20.293806244133,22.199895868038,-11.759969365646,32.295058877591,0.0000000000000000e+00,0.0000000000000000e+00,0.0000000000000000e+00,0.0000000000000000e+00,199.995594874473,0
QK1_STK_case_0001,42420.000000,2023-11-25T22:55:00Z,J2000,4443007.654586817,4760164.980830711,-1960383.731506353,2171.850571193768,957.606473184206,7281.353591184905,4450583.402599618,4763191.003656580,-1933042.579228853,2150.817002795566,934.999912007617,7291.107979388784,-7575.748012801,-3026.022825869,-27341.152277500,28532.216527244,21.033568398202,22.606561176589,-9.754388203879,32.382336188494,0.0000000000000000e+00,0.0000000000000000e+00,0.0000000000000000e+00,0.0000000000000000e+00,199.995594874473,0
QK1_STK_case_0001,42480.000000,2023-11-25T22:56:00Z,J2000,4563075.745554675,4806709.783512784,-1519347.577789933,1828.867052283980,593.265951324047,7414.249725448732,4569369.552120911,4808369.711718158,-1491482.772102677,1807.184732595692,570.352932502822,7421.941711146346,-6293.806566236,-1659.928205374,-27864.805687256,28614.939432554,21.682319688288,22.913018821225,-7.691985697615,32.469925508681,0.0000000000000000e+00,0.0000000000000000e+00,0.0000000000000000e+00,0.0000000000000000e+00,199.995594874473,0
QK1_STK_case_0001,42540.000000,2023-11-25T22:57:00Z,J2000,4662301.328521800,4831299.218139996,-1071351.997146412,1477.366395990109,226.042201242569,7513.239515322986,4667277.094304790,4831577.729756325,-1043088.764837077,1455.130119583082,202.925262622787,7518.821199751254,-4975.765782990,-278.511616329,-28263.232309335,28699.235432656,22.236276407027,23.116938619782,-5.581684428267,32.557641816588,0.0000000000000000e+00,0.0000000000000000e+00,0.0000000000000000e+00,0.0000000000000000e+00,199.995594874473,0
QK1_STK_case_0001,42600.000000,2023-11-25T22:58:00Z,J2000,4740221.693249532,4833811.089809486,-618446.866039208,1118.965965016437,-142.369125221589,7577.833237475765,4743849.111199419,4832699.074183922,-589913.029551165,1096.273941421022,-165.585564574304,7581.266064363714,-3627.417949887,1112.015625563,-28533.836488043,28784.971156161,22.692023595415,23.216439352716,-3.432826887949,32.645295090041,0.0000000000000000e+00,0.0000000000000000e+00,0.0000000000000000e+00,0.0000000000000000e+00,199.995594874473,0
QK1_STK_case_0001,42660.000000,2023-11-25T22:59:00Z,J2000,4796472.305310733,4814225.273621583,-162706.579443656,755.319502190384,-510.262930307061,7607.703932149009,4798727.052101976,4811719.928390428,-134031.985464810,732.272904346733,-533.473098339987,7608.959032173682,-2254.746791244,2505.345231155,-28674.593978846,28872.010281093,23.046597843651,23.210168032926,-1.255100024673,32.732748866473,0.0000000000000000e+00,0.0000000000000000e+00,0.0000000000000000e+00,0.0000000000000000e+00,199.995594874473,0
QK1_STK_case_0001,42720.000000,2023-11-25T23:00:00Z,J2000,4830788.726782503,4772623.995991472,293779.797310658,388.108335548540,-875.934137255167,7602.689728502509,4831652.626386274,4768728.892337955,322463.866882378,364.810818175377,-899.031442949665,7601.748161907551,-863.899603771,3895.103653517,-28684.069571721,28960.214125457,23.297517373163,23.097305694498,0.941566594959,32.819908496988,0.0000000000000000e+00,0.0000000000000000e+00,0.0000000000000000e+00,0.0000000000000000e+00,199.995594874473,0
QK1_STK_case_0001,42780.000000,2023-11-25T23:01:00Z,J2000,4843008.012016629,4709191.568771320,748918.456068774,19.032857880656,-1237.686315893376,7562.794469195845,4842469.170554016,4703916.685717037,777479.885318147,-4.409903205386,-1260.563832778570,7559.647406630833,538.841462613,5274.883054284,-28561.429249373,29049.440306573,23.442761086042,22.877516885193,3.147062565011,32.906653262792,0.0000000000000000e+00,0.0000000000000000e+00,0.0000000000000000e+00,0.0000000000000000e+00,199.995594874473,0
QK1_STK_case_0001,42840.000000,2023-11-25T23:02:00Z,J2000,4833069.608710659,4624213.631064774,1200620.802546852,-350.195587052255,-1593.839678575920,7488.188219697035,4831122.521893257,4617575.361204648,1228927.254362946,-373.676364963328,-1616.390634942122,7482.837154642155,1947.086817401,6638.269860126,-28306.451816095,29139.543377123,23.480777911073,22.550956366202,5.351065054880,32.992824395026,0.0000000000000000e+00,0.0000000000000000e+00,0.0000000000000000e+00,0.0000000000000000e+00,199.995594874473,0
QK1_STK_case_0001,42900.000000,2023-11-25T23:03:00Z,J2000,4801015.758313246,4518075.897015933,1646813.447009953,-717.863447394730,-1942.739718343639,7379.207725868693,4797661.388335277,4510097.020409901,1674732.988305899,-741.274020711776,-1964.858073872749,7371.664651838098,3354.369977968,7978.876606033,-27919.541295945,29230.378992058,23.410573317047,22.118355529110,7.543074030596,33.078309512065,0.0000000000000000e+00,0.0000000000000000e+00,0.0000000000000000e+00,0.0000000000000000e+00,199.995594874473,0
QK1_STK_case_0001,42960.000000,2023-11-25T23:04:00Z,J2000,4746991.337176559,4391262.355047629,2085448.180141703,-1082.264785673704,-2282.766714974635,7236.355143819394,4742237.153862339,4381971.976740232,2112849.913323198,-1105.496558359427,-2304.347777101869,7226.642569429300,4754.183314220,9290.378307397,-27401.733181495,29321.807062826,23.231772685723,21.581062127235,9.712574390094,33.163106096139,0.0000000000000000e+00,0.0000000000000000e+00,0.0000000000000000e+00,0.0000000000000000e+00,199.995594874473,0
QK1_STK_case_0001,43020.000000,2023-11-25T23:05:00Z,J2000,4671243.104006579,4244352.906060191,2514511.791777718,-1441.710979654045,-2612.344672166034,7060.294143187848,4665103.089632054,4233786.358375114,2541266.482035840,-1464.655551769282,-2633.285637725051,7048.444958128435,6140.014374526,10566.547685076,-26754.690258122,29413.689964172,22.944572115237,20.940965559017,11.849185059413,33.247264769714,0.0000000000000000e+00,0.0000000000000000e+00,0.0000000000000000e+00,0.0000000000000000e+00,199.995594874473,0
QK1_STK_case_0001,43080.000000,2023-11-25T23:06:00Z,J2000,4574118.405531738,4078020.511936822,2932035.608237972,-1794.538956796175,-2929.948667988497,6851.844750135343,4566613.028435705,4066219.227156793,2958016.301923690,-1817.088600048570,-2950.149082933940,6837.902086887231,7505.377096033,11801.284780029,-25980.693685718,29505.888432720,22.549643252395,20.200414945444,13.942663248112,33.330782067462,0.0000000000000000e+00,0.0000000000000000e+00,0.0000000000000000e+00,0.0000000000000000e+00,199.995594874473,0
QK1_STK_case_0001,43140.000000,2023-11-25T23:07:00Z,J2000,4456063.430558920,3893027.934446445,3336104.731127089,-2139.118184130009,-3234.111391207281,6611.978752311973,4447219.591316150,3880039.289883451,3361187.367699347,-2161.166303022104,-3253.473631976160,6595.995902412972,8843.839242771,12988.644562994,-25082.636572258,29598.260718355,22.048118892095,19.362240768878,15.982849899001,33.413581148479,0.0000000000000000e+00,0.0000000000000000e+00,0.0000000000000000e+00,0.0000000000000000e+00,199.995594874473,0
QK1_STK_case_0001,43200.000000,2023-11-25T23:08:00Z,J2000,4317621.045646032,3690224.069951913,3724867.019075324,-2473.857898540334,-3523.430279868396,6341.815524741210,4307471.993281945,3676101.201723272,3748931.037224458,-2495.299564751379,-3541.860096354353,6323.855804785071,10149.052364088,14122.868228641,-24064.018149134,29690.665879606,21.441666211044,18.429816485956,17.959719956139,33.495592643134,0.0000000000000000e+00,0.0000000000000000e+00,0.0000000000000000e+00,0.0000000000000000e+00,199.995594874473,0
QK1_STK_case_0001,43260.000000,2023-11-25T23:09:00Z,J2000,4159428.165040521,3470539.833994768,4096541.787486221,-2797.215380195216,-3796.575150501466,6042.616456333266,4148013.379686095,3455341.418466723,4119470.719758862,-2817.947921036271,-3813.982206992540,6022.752958753028,11414.785354426,15198.415528045,-22928.932272642,29782.966514673,20.732540841054,17.407056491074,19.863497580238,33.576813451094,0.0000000000000000e+00,0.0000000000000000e+00,0.0000000000000000e+00,0.0000000000000000e+00,199.995594874473,0
QK1_STK_case_0001,43320.000000,2023-11-25T23:10:00Z,J2000,3982212.612669968,3234983.613135397,4449428.110051456,-3107.704365462949,-4052.294761749179,5715.777402931653,3969577.652432235,3218773.617596346,4471110.158670763,-3127.627946430177,-4068.593097842103,5694.092624104204,12634.960237732,16209.995539051,-21682.048619307,29875.029839569,19.923580967228,16.298336092924,21.684778827449,33.657309321319,0.0000000000000000e+00,0.0000000000000000e+00,0.0000000000000000e+00,0.0000000000000000e+00,199.995594874473,0
QK1_STK_case_0001,43380.000000,2023-11-25T23:11:00Z,J2000,3786789.505029022,2984636.372864786,4781912.637810523,-3403.902500645081,-4289.421798270429,5362.820383912754,3772985.819939054,2967483.781310504,4802241.227044403,-3422.920638211679,-4304.530211972652,5339.405831968093,13803.685089968,17152.591554282,-20328.589233880,29966.725869385,19.018137566599,15.108413702223,23.414551944660,33.737145164770,0.0000000000000000e+00,0.0000000000000000e+00,0.0000000000000000e+00,0.0000000000000000e+00,199.995594874473,0
QK1_STK_case_0001,43440.000000,2023-11-25T23:12:00Z,J2000,3574057.223789657,2720646.491848269,5092476.925815155,-3684.457598700938,-4506.877205419592,4985.385521251025,3559141.940824191,2702625.008021300,5111351.231195440,-3702.477618554399,-4520.719642661513,4960.341331393673,14915.282965466,18021.483826969,-18874.305380285,30057.926556133,18.020019853462,13.842437241921,25.044189857353,33.816351517082,0.0000000000000000e+00,0.0000000000000000e+00,0.0000000000000000e+00,0.0000000000000000e+00,199.995594874473,0
QK1_STK_case_0001,43500.000000,2023-11-25T23:13:00Z,J2000,3344993.038288160,2444224.329436771,5379704.278542796,-3948.093135335983,-4703.674808593291,4585.222939746112,3329028.719680807,2425412.055360584,5397029.731894570,-3965.026608302092,-4716.180785077565,4558.657440214203,15964.318607353,18812.274076187,-17325.453351774,30148.506735146,16.933472966109,12.505976484274,26.565499531909,33.894951244972,0.0000000000000000e+00,0.0000000000000000e+00,0.0000000000000000e+00,0.0000000000000000e+00,199.995594874473,0
QK1_STK_case_0001,43560.000000,2023-11-25T23:14:00Z,J2000,3100648.410871565,2156636.511525913,5642286.087908303,-4193.613356845649,-4878.925953588608,4164.183870500569,3083702.786691190,2137115.601164579,5657974.853868249,-4209.376519235140,-4890.030947898829,4136.213069111591,16945.624180375,19520.910361334,-15688.765959945,30238.344821496,15.763162389491,11.104994310221,27.970801388978,33.972988056531,0.0000000000000000e+00,0.0000000000000000e+00,0.0000000000000000e+00,0.0000000000000000e+00,199.995594874473,0
QK1_STK_case_0001,43620.000000,2023-11-25T23:15:00Z,J2000,2842144.006810265,1859199.961960270,5879027.612857206,-4419.908004782886,-5031.843208252484,3724.211022245857,2824289.682979326,1839056.253625008,5892999.033142208,-4434.422155716205,-5041.488974739981,3694.958058981023,17854.323830938,20143.708335261,-13971.420285002,30327.321835867,14.514150933320,9.645766487497,29.252963264834,34.050510249044,0.0000000000000000e+00,0.0000000000000000e+00,0.0000000000000000e+00,0.0000000000000000e+00,199.995594874473,0
QK1_STK_case_0001,43680.000000,2023-11-25T23:16:00Z,J2000,2570664.433875547,1553275.749556475,6088853.179975629,-4625.956600457876,-5161.742836099714,3267.329076397353,2551978.576940272,1532598.381410726,6101034.185530545,-4639.148484059399,-5169.877671570866,3236.923694661176,18685.856935274,20677.368145749,-12181.005554916,30415.320139188,13.191883601523,8.134835471153,30.405381736177,34.127534039563,0.0000000000000000e+00,0.0000000000000000e+00,0.0000000000000000e+00,0.0000000000000000e+00,199.995594874473,0
QK1_STK_case_0001,43740.000000,2023-11-25T23:17:00Z,J2000,2287452.734461239,1240262.805964331,6270810.832084047,-4810.832469615698,-5268.046848126075,2795.635768131498,2268016.733486399,1219143.815473601,6281136.323194901,-4822.634654058687,-5274.625857079458,2764.213779485435,19436.000974841,21118.990490730,-10325.491110855,30502.223852072,11.802184442989,6.579008953383,31.421988646063,34.204039043779,0.0000000000000000e+00,0.0000000000000000e+00,0.0000000000000000e+00,0.0000000000000000e+00,199.995594874473,0
QK1_STK_case_0001,43800.000000,2023-11-25T23:18:00Z,J2000,1993804.637169807,921591.511232569,6424076.442592384,-4973.706744045669,-5350.285369332121,2311.292778857598,1973703.742889180,900125.418201587,6432489.635668555,-4984.058001270611,-5355.270750154518,2278.995468160901,20100.894280627,21466.093030981,-8413.193076171,30587.921123094,10.351257224943,4.985380822397,32.297310696697,34.280006218206,0.0000000000000000e+00,0.0000000000000000e+00,0.0000000000000000e+00,0.0000000000000000e+00,199.995594874473,0
QK1_STK_case_0001,43860.000000,2023-11-25T23:19:00Z,J2000,1691062.573026446,598717.136501507,6547957.251335734,-5113.852111929305,-5408.098869225875,1816.515494722380,1670385.514884141,577000.509639693,6554409.986775727,-5122.697766032040,-5411.460160515160,1783.488918447588,20677.058142305,21716.626861814,-6452.735439993,30672.306896190,8.845654102735,3.361291289285,33.026576274793,34.355474324645,0.0000000000000000e+00,0.0000000000000000e+00,0.0000000000000000e+00,0.0000000000000000e+00,199.995594874473,0
QK1_STK_case_0001,43920.000000,2023-11-25T23:20:00Z,J2000,1380609.490624392,273113.183086571,6641894.753738073,-5230.645670409776,-5441.239266364762,1313.561853236440,1359448.075074029,251244.194706287,6646347.759734168,-5237.937866993208,-5442.953490591104,1279.956092231805,21161.415550363,21868.988380285,-4453.005996095,30755.282851462,7.292196583432,1.714224226341,33.605761004635,34.430536859164,0.0000000000000000e+00,0.0000000000000000e+00,0.0000000000000000e+00,0.0000000000000000e+00,199.995594874473,0
QK1_STK_case_0001,43980.000000,2023-11-25T23:21:00Z,J2000,1063862.537409656,-53735.302221635,6705466.926889994,-5323.570548654399,-5449.569682110007,804.721622626193,1042311.232630746,-75657.327451229,6707890.039826099,-5329.268446126504,-5449.621415269223,770.690097390716,21551.304778910,21922.025229594,-2423.112936104,30836.754111637,5.697897472105,0.051733159216,34.031525235476,34.505266580267,0.0000000000000000e+00,0.0000000000000000e+00,0.0000000000000000e+00,0.0000000000000000e+00,199.995594874473,0
QK1_STK_case_0001,44040.000000,2023-11-25T23:22:00Z,J2000,742266.668649694,-380338.378767827,6738389.852518471,-5392.216835042331,-5433.063779969777,292.307068256117,720422.178532680,-402213.419326402,6738762.198881770,-5396.286784233159,-5431.445236539254,258.005927474517,21844.490117014,21875.040558575,-372.346363298,30916.626428605,4.069949190828,-1.618543430523,34.301140781600,34.579653384202,0.0000000000000000e+00,0.0000000000000000e+00,0.0000000000000000e+00,0.0000000000000000e+00,199.995594874473,0
QK1_STK_case_0001,44100.000000,2023-11-25T23:23:00Z,J2000,417288.197886358,-705207.838069096,6740518.808151317,-5436.282746365341,-5391.805682134651,-221.355683468344,395249.024233304,-726935.637514752,6738828.949334434,-5438.698503314526,-5388.516836991043,-255.768207833281,22039.173653053,21727.799445656,1689.858816882,30994.807095400,2.415756949184,-3.288845143608,34.412524364937,34.653632092229,0.0000000000000000e+00,0.0000000000000000e+00,0.0000000000000000e+00,0.0000000000000000e+00,199.995594874473,0
QK1_STK_case_0001,44160.000000,2023-11-25T23:24:00Z,J2000,90408.262179292,-1026863.837751373,6711848.819136350,-5455.576197636896,-5325.990099275386,-733.936216427366,68274.253946673,-1048344.373264619,6708094.854387775,-5456.319131029559,-5321.038770126172,-768.300560997350,22134.008232619,21480.535513246,3753.964748576,31071.208179133,0.742933392663,-4.951329149213,34.364344569984,34.727162108274,0.0000000000000000e+00,0.0000000000000000e+00,0.0000000000000000e+00,0.0000000000000000e+00,199.995594874473,0
QK1_STK_case_0001,44220.000000,2023-11-25T23:25:00Z,J2000,-236883.796032613,-1343841.516021057,6652514.599118575,-5450.015852358573,-5235.921400212937,-1243.110465395352,-259011.903966425,-1364975.468741351,6646704.221421978,-5449.075076792240,-5229.323221553033,-1277.266527846264,22128.107933812,21133.952720294,5810.377696598,31145.747820388,-0.940775566334,-6.598178659904,34.156062450912,34.800253195125,0.0000000000000000e+00,0.0000000000000000e+00,0.0000000000000000e+00,0.0000000000000000e+00,199.995594874473,0
QK1_STK_case_0001,44280.000000,2023-11-25T23:26:00Z,J2000,-563097.078082960,-1654697.509340780,6562789.856082203,-5419.631079531748,-5122.011383198133,-1746.570921663691,-585118.131840110,-1675386.730908356,6554940.362729987,-5417.003524967443,-5113.789725956711,-1780.358776728820,22021.053757150,20689.221567577,7849.493352216,31218.347866824,-2.627554564304,-8.221657241423,33.787855065130,34.872895501894,0.0000000000000000e+00,0.0000000000000000e+00,0.0000000000000000e+00,0.0000000000000000e+00,199.995594874473,0
QK1_STK_case_0001,44340.000000,2023-11-25T23:27:00Z,J2000,-886745.755061772,-1958016.325755160,6443086.031848846,-5364.561446266810,-4984.777007620633,-2242.035329096835,-908558.652527408,-1978164.300645540,6433224.293835371,-5360.251919560644,-4974.962923567163,-2275.295885555135,21812.897465636,20147.974890381,9861.738013475,31288.931983629,-4.309526706167,-9.814084053470,33.260556458300,34.944997956153,0.0000000000000000e+00,0.0000000000000000e+00,0.0000000000000000e+00,0.0000000000000000e+00,199.995594874473,0
QK1_STK_case_0001,44400.000000,2023-11-25T23:28:00Z,J2000,-1206355.673864106,-2252416.609449386,6293950.537671988,-5285.056592093681,-4824.839011238503,-2727.255122246223,-1227859.839725085,-2271928.915431587,6282112.929206525,-5279.077860049139,-4813.471223257305,-2759.830824083146,21504.165860979,19512.305982200,11837.608465463,31357.426684935,-5.978732044542,-11.367787981198,32.575701836923,35.016398881296,0.0000000000000000e+00,0.0000000000000000e+00,0.0000000000000000e+00,0.0000000000000000e+00,199.995594874473,0
QK1_STK_case_0001,44460.000000,2023-11-25T23:29:00Z,J2000,-1520470.960806298,-2536557.332307482,6116064.448659755,-5181.476107749303,-4642.920615737074,-3200.025146264572,-1541566.825877601,-2555342.099444182,6102296.731068271,-5173.848941297707,-4630.045458327337,-3231.760788957386,21095.865071303,18784.767136700,13767.717591484,31423.765642672,-7.627166451596,-12.875157409737,31.735642692814,35.086954321113,0.0000000000000000e+00,0.0000000000000000e+00,0.0000000000000000e+00,0.0000000000000000e+00,199.995594874473,0
QK1_STK_case_0001,44520.000000,2023-11-25T23:30:00Z,J2000,-1827660.592678074,-2809143.876128473,5910239.580185971,-5054.288477780007,-4439.845072349319,-3658.194312801068,-1848250.073129343,-2827112.238839362,5894596.735365504,-5045.041601688423,-4425.516318776677,-3688.937883468417,20589.480451269,17968.362710889,15642.844820467,31487.892241947,-9.246876091584,-14.328753572642,30.743570667349,35.156578812178,0.0000000000000000e+00,0.0000000000000000e+00,0.0000000000000000e+00,0.0000000000000000e+00,199.995594874473,0
QK1_STK_case_0001,44580.000000,2023-11-25T23:31:00Z,J2000,-2126524.871601542,-3068933.929318172,5677414.934685993,-4904.069001577422,-4216.532027282760,-4099.675744066016,-2146511.843040054,-3086000.465748671,5659960.950218233,-4893.238987041885,-4200.810655821409,-4129.279186758227,19986.971438512,17066.536430499,17453.984467760,31549.758585737,-10.830014535537,-15.721371461352,29.603442692212,35.225197724027,0.0000000000000000e+00,0.0000000000000000e+00,0.0000000000000000e+00,0.0000000000000000e+00,199.995594874473,0
QK1_STK_case_0001,44640.000000,2023-11-25T23:32:00Z,J2000,-2415701.762417572,-3314743.152404272,5418652.571100469,-4731.497410622108,-3973.993589938691,-4522.455908380257,-2434992.527385233,-3330826.309704522,5399460.181096350,-4719.128566402826,-3956.947550253721,-4550.775851422844,19290.764967662,16083.157300249,19192.390004119,31609.324508005,-12.368844219282,-17.046039684970,28.319943042587,35.292703923018,0.0000000000000000e+00,0.0000000000000000e+00,0.0000000000000000e+00,0.0000000000000000e+00,199.995594874473,0
QK1_STK_case_0001,44700.000000,2023-11-25T23:33:00Z,J2000,-2693873.089140892,-3545450.610200994,5135132.936445964,-4537.355549698402,-3713.330469675446,-4924.603593676096,-2712376.837702838,-3560473.115299818,5114283.317926848,-4523.499789434092,-3695.034420710643,-4951.502107568547,18503.748561946,15022.505098823,20849.618519115,31666.559059685,-13.855760264310,-18.296048964802,26.898513892451,35.358981176596,0.0000000000000000e+00,0.0000000000000000e+00,0.0000000000000000e+00,0.0000000000000000e+00,199.995594874473,0
QK1_STK_case_0001,44760.000000,2023-11-25T23:34:00Z,J2000,-2959770.582395535,-3760003.960260218,4828149.646661176,-4322.524577865969,-3435.727553851000,-5304.279299022407,-2977399.842659963,-3773893.212658250,4805732.070126384,-4307.241218279994,-3416.262529991847,-5329.624652220544,17629.260264428,13889.252398033,22417.576534792,31721.442075360,-15.283359585975,-19.465023859152,25.345353198137,35.423934886033,0.0000000000000000e+00,0.0000000000000000e+00,0.0000000000000000e+00,0.0000000000000000e+00,199.995594874473,0
QK1_STK_case_0001,44820.000000,2023-11-25T23:35:00Z,J2000,-3212181.729613442,-3957424.345538300,4499103.708337048,-4087.981206311496,-3142.448516366943,-5659.744245743691,-3228852.804339475,-3970112.788426996,4475215.144358429,-4071.336703438835,-3121.901536797722,-5683.411613512323,16671.074726032,12688.442888696,23888.563978619,31773.964254107,-16.644502872661,-20.546979569221,23.667367768632,35.487492760009,0.0000000000000000e+00,0.0000000000000000e+00,0.0000000000000000e+00,0.0000000000000000e+00,199.995594874473,0
QK1_STK_case_0001,44880.000000,2023-11-25T23:36:00Z,J2000,-3449955.381446700,-4136810.949072463,4149497.229268659,-3834.793446444736,-2834.830063955952,-5989.368471207954,-3465588.767592840,-4148236.416088296,4124241.914455976,-3816.861101134780,-2813.293723038087,-6011.240582208215,15633.386146140,11425.467015833,25255.314812683,31824.125835786,-17.932345309956,-21.536340917865,21.872111000261,35.549574231680,0.0000000000000000e+00,0.0000000000000000e+00,0.0000000000000000e+00,0.0000000000000000e+00,199.995594874473,0
QK1_STK_case_0001,44940.000000,2023-11-25T23:37:00Z,J2000,-3672007.098313906,-4297345.203305640,3780926.657609348,-3564.116178944032,-2514.276158204322,-6291.638548682017,-3686527.888466398,-4307451.240597244,3754415.622301073,-3544.975822009749,-2491.848206051070,-6311.606324295903,14520.790152492,10106.037291604,26511.035308275,31871.936394085,-19.140356934283,-22.427952153252,19.967775613885,35.610087957302,0.0000000000000000e+00,0.0000000000000000e+00,0.0000000000000000e+00,0.0000000000000000e+00,199.995594874473,0
QK1_STK_case_0001,45000.000000,2023-11-25T23:38:00Z,J2000,-3877324.218916652,-4438294.645353746,3395075.558184421,-3277.186257473905,-2182.251936970958,-6565.165274497754,-3890662.482287274,-4447030.807260771,3367426.115814026,-3256.923877550622,-2159.034814131242,-6583.128457670402,13338.263370622,8736.161907025,27649.442370395,31917.416217539,-20.262379923282,-23.217122839716,17.963183172649,35.668961055854,0.0000000000000000e+00,0.0000000000000000e+00,0.0000000000000000e+00,0.0000000000000000e+00,199.995594874473,0
QK1_STK_case_0001,45060.000000,2023-11-25T23:39:00Z,J2000,-4064970.613578682,-4559016.391819831,2993706.938656536,-2975.316898501446,-1840.277109515151,-6808.690894196880,-4077061.752832605,-4566338.507221925,2965042.139181368,-2954.024215398085,-1816.377441306717,-6824.558610660145,12091.139253922,7322.115402094,28664.799475168,31960.596855674,-21.292683103361,-23.899668208434,15.867716463265,35.726137770153,0.0000000000000000e+00,0.0000000000000000e+00,0.0000000000000000e+00,0.0000000000000000e+00,199.995594874473,0
QK1_STK_case_0001,45120.000000,2023-11-25T23:40:00Z,J2000,-4234091.085949652,-4658960.206800987,2578655.168361534,-2659.891643747274,-1489.919056254945,-7021.095423234565,-4244876.167847726,-4664830.614801368,2549103.220285571,-2637.665668501477,-1465.447139225405,-7034.786677084749,10785.081898074,5870.408000381,29551.948075963,32001.520537679,-22.225975245798,-24.471917029540,13.691253850185,35.781547349405,0.0000000000000000e+00,0.0000000000000000e+00,0.0000000000000000e+00,0.0000000000000000e+00,199.995594874473,0
QK1_STK_case_0001,45180.000000,2023-11-25T23:41:00Z,J2000,-4383915.410027511,-4737671.153118051,2151817.538616819,-2332.358281370795,-1132.785842144266,-7201.402388596932,-4393341.469473848,-4742058.907412403,2121511.201796393,-2309.300859771510,-1107.855104438948,-7212.846539885913,9426.059446337,4387.754294353,30306.336820426,32040.240884029,-23.057421599285,-24.930737705318,11.444151288982,35.835108093372,0.0000000000000000e+00,0.0000000000000000e+00,0.0000000000000000e+00,0.0000000000000000e+00,199.995594874473,0
QK1_STK_case_0001,45240.000000,2023-11-25T23:42:00Z,J2000,-4513761.996628315,-4794791.813518900,1715145.481826914,-1994.222455204651,-770.518744368109,-7348.784493889268,-4521782.311852060,-4797672.852804326,1684221.432625732,-1970.439763987197,-745.245154922440,-7357.921703354246,8020.315223745,2881.039285427,30924.049201181,32076.824385364,-23.782691217454,-25.273589445670,9.137209464979,35.886756914215,0.0000000000000000e+00,0.0000000000000000e+00,0.0000000000000000e+00,0.0000000000000000e+00,199.995594874473,0
QK1_STK_case_0001,45300.000000,2023-11-25T23:43:00Z,J2000,-4623041.151935219,-4830064.037334127,1270635.463087809,-1647.040416591568,-404.783931498002,-7462.568684453612,-4629615.487599620,-4831421.318633667,1239233.634649277,-1622.642393729422,-379.285355815714,-7469.350284710978,6574.335664401,1357.281299540,31401.828438532,32111.352061807,-24.398022862147,-25.498575682288,6.781600257366,35.936485407701,0.0000000000000000e+00,0.0000000000000000e+00,0.0000000000000000e+00,0.0000000000000000e+00,199.995594874473,0
QK1_STK_case_0001,45360.000000,2023-11-25T23:44:00Z,J2000,-4711257.877257227,-4843330.173417957,820319.606004955,-1292.411053845690,-37.263779679460,-7542.239914803778,-4716352.691922409,-4843153.766286893,788582.509568575,-1267.510787874313,-11.659330177091,-7546.628672109317,5094.814665183,-176.407131064,31737.096436380,32143.919271933,-24.900265971377,-25.604449502369,4.388757305538,35.984333680806,0.0000000000000000e+00,0.0000000000000000e+00,0.0000000000000000e+00,0.0000000000000000e+00,199.995594874473,0
QK1_STK_case_0001,45420.000000,2023-11-25T23:45:00Z,J2000,-4778014.178586509,-4834533.785709972,366256.130626365,-931.967558323203,330.351653945879,-7587.443686043458,-4781602.795001374,-4832820.928066953,334328.163805624,-906.680661236793,355.942248391635,-7589.413979108698,3588.616414865,-1712.857643019,31927.966820741,32174.634642597,-25.286897086409,-25.590594445756,1.970293065241,36.030372508604,0.0000000000000000e+00,0.0000000000000000e+00,0.0000000000000000e+00,0.0000000000000000e+00,199.995594874473,0
QK1_STK_case_0001,45480.000000,2023-11-25T23:46:00Z,J2000,-4823010.869406373,-4803719.863040078,-89480.330032956,-567.368892648002,696.372983122587,-7597.987559020766,-4825073.606743885,-4800474.979336162,-121453.583457677,-541.812859715189,721.830005283893,-7597.525478458295,2062.737337513,-3244.883703916,31973.253424721,32203.619208668,-25.556032932812,-25.457022161305,-0.462080562470,36.074704642317,0.0000000000000000e+00,0.0000000000000000e+00,0.0000000000000000e+00,0.0000000000000000e+00,199.995594874473,0
QK1_STK_case_0001,45540.000000,2023-11-25T23:47:00Z,J2000,-4846048.861089570,-4751034.529669026,-544808.470175268,-200.291302592932,1059.119785435213,-7573.841503874010,-4846573.129060386,-4746269.211468910,-576680.943371337,-174.584890948696,1084.324149428160,-7570.944849282084,524.267970814,-4765.318200116,31872.473196069,32231.004670778,-25.706411644236,-25.204363992946,-2.896654591926,36.117449684837,0.0000000000000000e+00,0.0000000000000000e+00,0.0000000000000000e+00,0.0000000000000000e+00,199.995594874473,0
QK1_STK_case_0001,45600.000000,2023-11-25T23:48:00Z,J2000,-4847029.957774303,-4676724.264182558,-997650.037337704,167.579615216540,1416.928640062582,-7515.137139282889,-4846010.315165224,-4670457.214529845,-1029275.881167155,193.316950708276,1441.762478280213,-7509.815356315032,-1019.642609079,-6267.049652713,31625.843829451,32256.930733172,-25.737335491736,-24.833838217631,-5.321782967857,36.158696502925,0.0000000000000000e+00,0.0000000000000000e+00,0.0000000000000000e+00,0.0000000000000000e+00,199.995594874473,0
QK1_STK_case_0001,45660.000000,2023-11-25T23:49:00Z,J2000,-4825957.198006366,-4581134.647955601,-1445939.500245699,534.556178248830,1768.160828143069,-7422.166776364930,-4823395.378274376,-4573391.591005076,-1477173.780332015,560.204828939065,1792.508068219769,-7414.440904596080,-2561.819731991,-7743.056950526,31234.280086317,32281.544321621,-25.648650690235,-24.347240076701,-7.725871768851,36.198487208320,0.0000000000000000e+00,0.0000000000000000e+00,0.0000000000000000e+00,0.0000000000000000e+00,199.995594874473,0
QK1_STK_case_0001,45720.000000,2023-11-25T23:50:00Z,J2000,-4782934.754042692,-4464708.644931411,-1887633.671380055,898.956347628337,2111.210394692270,-7295.382742145253,-4778839.656691905,-4455522.199979583,-1918333.062207052,924.397167787689,2134.957381320557,-7285.285355979458,-4095.097350787,-9186.444951828,30699.390826997,32305.002558645,-25.440820159352,-23.746986628287,-10.097386165795,36.236886064972,0.0000000000000000e+00,0.0000000000000000e+00,0.0000000000000000e+00,0.0000000000000000e+00,199.995594874473,0
QK1_STK_case_0001,45780.000000,2023-11-25T23:51:00Z,J2000,-4718167.327012348,-4327984.375776113,-2320721.264512826,1259.112796869435,2444.512870923833,-7135.395598845151,-4712554.968700822,-4317393.892493826,-2350744.736339683,1284.227816430283,2467.549020173937,-7122.970590286805,-5612.358311526,-10590.483282286,30023.471826857,32327.476896712,-25.115019560849,-23.036149250104,-12.425008558345,36.274084654059,0.0000000000000000e+00,0.0000000000000000e+00,0.0000000000000000e+00,0.0000000000000000e+00,199.995594874473,0
QK1_STK_case_0001,45840.000000,2023-11-25T23:52:00Z,J2000,-4631958.975855429,-4171592.371778951,-2743232.271511663,1613.382466777304,2766.553674793443,-6942.969781450808,-4624852.399078374,-4159643.728229616,-2772441.757206358,1638.055550027715,2788.772028925506,-6928.271930870160,-7106.576777054,-11948.643549335,29209.485694695,32349.151004405,-24.673083250411,-22.218354132063,-14.697850580648,36.310371921952,0.0000000000000000e+00,0.0000000000000000e+00,0.0000000000000000e+00,0.0000000000000000e+00,199.995594874473,0
QK1_STK_case_0001,45900.000000,2023-11-25T23:53:00Z,J2000,-4524711.403741852,-3996252.367716062,-3153247.010121325,1960.154802995100,3075.874904981458,-6719.017271349360,-4516140.551318206,-3982997.740106655,-3181508.044870716,1984.272165632802,3097.172563394476,-6702.111814721352,-8570.852423646,-13254.627609407,28261.034749391,32370.213923270,-24.117362637701,-21.297658413018,-16.905456628008,36.346002507531,0.0000000000000000e+00,0.0000000000000000e+00,0.0000000000000000e+00,0.0000000000000000e+00,199.995594874473,0
QK1_STK_case_0001,45960.000000,2023-11-25T23:54:00Z,J2000,-4396921.807230573,-3802769.734979525,-3548904.792390003,2297.858267541128,3371.080808803302,-6464.591735262209,-4386923.366376750,-3788267.341331113,-3576087.129253406,2321.308953209292,3391.359340818399,-6445.553961111563,-9998.440853823,-14502.393648412,27182.336863403,32390.857944741,-23.450685668164,-20.278532015097,-19.037774150646,36.381181448729,0.0000000000000000e+00,0.0000000000000000e+00,0.0000000000000000e+00,0.0000000000000000e+00,199.995594874473,0
QK1_STK_case_0001,46020.000000,2023-11-25T23:55:00Z,J2000,-4249180.343286636,-3592031.580398740,-3928412.279556699,2624.966916017459,3650.843717332211,-6180.883627790809,-4237797.561685428,-3576345.399545487,-3954390.481094071,2647.643286719190,3670.009607280943,-6159.798501890979,-11382.781601208,-15686.180853253,25978.201537372,32411.278004085,-22.676370701731,-19.165889948732,-21.085125899829,36.416090673504,0.0000000000000000e+00,0.0000000000000000e+00,0.0000000000000000e+00,0.0000000000000000e+00,199.995594874473,0
QK1_STK_case_0001,46080.000000,2023-11-25T23:56:00Z,J2000,-4082167.171696148,-3365002.461247816,-4290051.516892809,2940.007857133925,3913.910702848693,-5869.214057813968,-4069449.642102446,-3348201.923558240,-4314705.521519202,2961.806139536334,3931.875823766642,-5846.175704040373,-12717.529593701,-16800.537689576,24654.004626393,32431.675407597,-21.798282402409,-17.965120917950,-23.038353773596,36.451014113315,0.0000000000000000e+00,0.0000000000000000e+00,0.0000000000000000e+00,0.0000000000000000e+00,199.995594874473,0
QK1_STK_case_0001,46140.000000,2023-11-25T23:57:00Z,J2000,-3896649.054857786,-3122719.719551996,-4632187.529194614,3241.568256889966,4159.109323854370,-5531.026391111312,-3882652.468909108,-3104879.372372841,-4655403.180880803,3262.388985713693,4175.791275102933,-5506.137420619192,-13996.585948678,-17840.347179155,23215.651686190,32452.255528792,-20.820728823727,-16.681951248563,-24.888970492121,36.486313850104,0.0000000000000000e+00,0.0000000000000000e+00,0.0000000000000000e+00,0.0000000000000000e+00,199.995594874473,0
QK1_STK_case_0001,46200.000000,2023-11-25T23:58:00Z,J2000,-3693475.588739581,-2866288.531838309,-4953275.386359948,3528.300571227032,4385.351364130880,-5167.877390499631,-3678261.469183756,-2847487.689862690,-4974944.925111380,3548.048882018659,4400.673659752808,-5141.248315371362,-15214.119555825,-18800.841975620,21669.538751433,32473.219774931,-19.748310791627,-15.322295621928,-26.629075128270,36.522269431615,0.0000000000000000e+00,0.0000000000000000e+00,0.0000000000000000e+00,0.0000000000000000e+00,199.995594874473,0
QK1_STK_case_0001,46260.000000,2023-11-25T23:59:00Z,J2000,-3473575.159281998,-2596876.772555833,-5251866.781167510,3798.926714119766,4591.635586726663,-4781.429990805194,-3457210.575493133,-2577199.157329392,-5271889.303802662,3817.512645785901,4605.527863691664,-4753.178793588379,-16364.583788865,-19677.615226441,20022.522635152,32494.761981861,-18.585931666135,-13.892276965001,-28.251197216816,36.559025689342,0.0000000000000000e+00,0.0000000000000000e+00,0.0000000000000000e+00,0.0000000000000000e+00,199.995594874473,0
QK1_STK_case_0001,46320.000000,2023-11-26T00:00:00Z,J2000,-3237950.635676506,-2315709.696047144,-5526616.213878890,4052.242899571264,4777.051247736258,-4373.447115148831,-3220507.897809538,-2295243.059928447,-5544898.109041658,4069.581791884728,4789.449562511248,-4343.698768474057,-17442.737866969,-20466.636118698,18281.895162768,32517.072270631,-17.338892313464,-12.398314774989,-29.748346674774,36.596714685886,0.0000000000000000e+00,0.0000000000000000e+00,0.0000000000000000e+00,0.0000000000000000e+00,199.995594874473,0
QK1_STK_case_0001,46380.000000,2023-11-26T00:01:00Z,J2000,-2987674.741795734,-2024064.377391292,-5776286.776119288,4287.125400883882,4940.782468626421,-3945.784056398581,-2969231.071185920,-2002900.109780032,-5792742.124480303,4303.138256314723,4951.629563863408,-3914.669894532588,-18443.670609814,-21164.267611260,16455.348361015,32540.339561331,-16.012855430841,-10.847095236987,-31.114161865992,36.635530332622,0.0000000000000000e+00,0.0000000000000000e+00,0.0000000000000000e+00,0.0000000000000000e+00,199.995594874473,0
QK1_STK_case_0001,46440.000000,2023-11-26T00:02:00Z,J2000,-2723885.094415249,-1723263.903767574,-5999755.406924056,4502.535513749409,5082.111853296748,-3500.378735611408,-2704522.274717753,-1701496.623506040,-6014306.343257071,4517.149297271922,5091.357367832611,-3468.035767084819,-19362.819697496,-21767.280261534,14550.936333015,32564.751262513,-14.613783522512,-9.245514535863,-32.342968526589,36.675738860827,0.0000000000000000e+00,0.0000000000000000e+00,0.0000000000000000e+00,0.0000000000000000e+00,199.995594874473,0
QK1_STK_case_0001,46500.000000,2023-11-26T00:03:00Z,J2000,-2447778.993455060,-1414671.393584455,-6196017.550938106,4697.523007273955,5200.422717969059,-3039.241866812190,-2427583.006591221,-1392398.531482533,-6208594.583783196,4710.670837481379,5208.023292495680,-3005.812107526002,-20195.986863839,-22272.862101922,12577.032845090,32590.489821450,-13.147830207424,-7.600574526621,-33.429759286188,36.717611281651,0.0000000000000000e+00,0.0000000000000000e+00,0.0000000000000000e+00,0.0000000000000000e+00,199.995594874473,0
QK1_STK_case_0001,46560.000000,2023-11-26T00:04:00Z,J2000,-2160608.024862772,-1099683.905766239,-6364191.252990576,4871.229085449880,5295.200624327751,-2564.447930608528,-2139668.676365208,-1077005.282064500,-6374733.547397627,4882.850427420779,5301.119986306375,-2530.077819912307,-20939.348497564,-22678.623701739,10542.294407051,32617.729226181,-11.621341970899,-5.919361978624,-34.370110696221,36.761378438642,0.0000000000000000e+00,0.0000000000000000e+00,0.0000000000000000e+00,0.0000000000000000e+00,199.995594874473,0
QK1_STK_case_0001,46620.000000,2023-11-26T00:05:00Z,J2000,-1863672.483417197,-779726.268339655,-6503520.717066679,5022.889383981862,5366.034508340203,-2078.126235331980,-1842083.015328896,-756743.665293512,-6511976.341917173,5032.930252109152,5370.243534328162,-2042.966017431563,-21589.468088301,-22982.603046143,8455.624850494,32646.634845335,-10.040868127291,-4.209025987960,-35.160217900417,36.807279922887,0.0000000000000000e+00,0.0000000000000000e+00,0.0000000000000000e+00,0.0000000000000000e+00,199.995594874473,0
QK1_STK_case_0001,46680.000000,2023-11-26T00:06:00Z,J2000,-1558315.630892421,-456244.859154060,-6613379.321465728,5151.836343608546,5412.617128290290,-1582.451796553047,-1536172.324827670,-433061.591980389,-6619705.458862429,5160.249410233269,5415.093835790473,-1546.654909957454,-22143.306064751,-23183.267173671,6326.137396702,32677.360583208,-8.413066624724,-2.476707500183,-35.796886595592,36.855540424897,0.0000000000000000e+00,0.0000000000000000e+00,0.0000000000000000e+00,0.0000000000000000e+00,199.995594874473,0
QK1_STK_case_0001,46740.000000,2023-11-26T00:07:00Z,J2000,-1245917.843421297,-130701.376385177,-6693272.105174857,5257.500549694227,5434.745051302659,-1079.637000403425,-1223319.619750297,-107421.865323955,-6697435.227070016,5264.245202219809,5435.474603647598,-1043.359606029230,-22598.223671000,-23279.511061222,4163.121895158,32710.043293277,-6.744652525583,-0.729552344939,-36.277394374195,36.906258641262,0.0000000000000000e+00,0.0000000000000000e+00,0.0000000000000000e+00,0.0000000000000000e+00,199.995594874473,0
QK1_STK_case_0001,46800.000000,2023-11-26T00:08:00Z,J2000,-927890.687133723,195433.401009362,-6742837.792905906,5339.412040887114,5432.319205312998,-571.924547484095,-904938.697867882,218704.062543939,-6744813.811955863,5344.454536660164,5431.294015655150,-535.325075852869,-22951.989265841,-23270.661534577,1976.019049956,32744.803416755,-5.042495773050,1.025189657848,-36.599471631227,36.959425065073,0.0000000000000000e+00,0.0000000000000000e+00,0.0000000000000000e+00,0.0000000000000000e+00,199.995594874473,0
QK1_STK_case_0001,46860.000000,2023-11-26T00:09:00Z,J2000,-605670.881612383,520685.918650693,-6761850.399426045,5397.202874690937,5405.346450514271,-61.579967677002,-582468.092294542,543842.402098146,-6761624.787940596,5400.516532181921,5402.566281185807,-24.818554422753,-23202.789317841,-23156.483447453,-225.611485448,32781.748860038,-3.313657490984,2.780169328464,-36.761413254250,37.015012790923,0.0000000000000000e+00,0.0000000000000000e+00,0.0000000000000000e+00,0.0000000000000000e+00,199.995594874473,0
QK1_STK_case_0001,46920.000000,2023-11-26T00:10:00Z,J2000,-280714.087521873,843586.242770559,-6750220.316497577,5430.609990397540,5353.940631778511,449.118165086944,-257364.848201562,866523.427199722,-6747788.189558182,5432.175367665785,5349.412640968769,485.880359547336,-23349.239320311,-22937.184429163,-2432.126939395,32820.978776141,-1.565377268244,4.527990809743,-36.762194460391,37.073063648810,0.0000000000000000e+00,0.0000000000000000e+00,0.0000000000000000e+00,0.0000000000000000e+00,199.995594874473,0
QK1_STK_case_0001,46980.000000,2023-11-26T00:11:00Z,J2000,45511.434221380,1162674.466052170,-6707994.771940206,5439.476485739286,5278.321878560799,957.888922505210,68901.825445633,1185287.879984334,-6703360.927366327,5439.281415257105,5272.060533680353,994.490404141712,-23390.391224253,-22613.413932163,-4633.844573878,32862.583690663,0.195070482181,6.261344880445,-36.601481636501,37.133690231272,0.0000000000000000e+00,0.0000000000000000e+00,0.0000000000000000e+00,0.0000000000000000e+00,199.995594874473,0
QK1_STK_case_0001,47040.000000,2023-11-26T00:12:00Z,J2000,371531.188477508,1476507.036925962,-6635357.682635244,5423.751389052150,5178.815016008149,1462.458328359422,394856.920883586,1498693.293804078,-6628536.604313720,5421.790949507985,5170.842007809186,1498.737794599661,-23325.732406078,-22186.256878115,-6821.078321524,32906.639087121,1.960439544166,7.973008198963,-36.279466240240,37.196933390049,0.0000000000000000e+00,0.0000000000000000e+00,0.0000000000000000e+00,0.0000000000000000e+00,199.995594874473,0
QK1_STK_case_0001,47100.000000,2023-11-26T00:13:00Z,J2000,695870.795149328,1783663.007066083,-6532628.996265732,5383.489563599322,5055.848555839287,1960.567325916923,719025.981316231,1805320.238463093,-6523644.828479592,5379.766141690113,5046.192805743050,1996.364160020220,-23155.186166904,-21657.231397010,-8984.167786140,32953.203016052,3.723421909209,9.655750096237,-35.796834103297,37.262725510273,0.0000000000000000e+00,0.0000000000000000e+00,0.0000000000000000e+00,0.0000000000000000e+00,199.995594874473,0
QK1_STK_case_0001,47160.000000,2023-11-26T00:14:00Z,J2000,1017062.359272925,2082750.237207388,-6400263.543873766,5318.852467969075,4909.954164062622,2449.980439461088,1039941.476927013,2103778.526861306,-6389150.031689515,5313.375859063764,4898.651808230028,2485.135353209179,-22879.117654088,-21028.289653918,-11113.512184251,33002.320274007,5.476608905312,11.302355832594,-35.154913748091,37.331011948567,0.0000000000000000e+00,0.0000000000000000e+00,0.0000000000000000e+00,0.0000000000000000e+00,199.995594874473,0
QK1_STK_case_0001,47220.000000,2023-11-26T00:15:00Z,J2000,1333650.884524047,2372411.548032534,-6238849.324535145,5230.108563924331,4741.765119231036,2928.495974065929,1356149.221775577,2392713.361021668,-6225649.712631650,5222.895965995104,4728.859363518201,2962.851699204419,-22498.337251530,-20301.812989133,-13199.611903496,33054.024628360,7.212597929226,12.905755712835,-34.355725138490,37.401817458508,0.0000000000000000e+00,0.0000000000000000e+00,0.0000000000000000e+00,0.0000000000000000e+00,199.995594874473,0
QK1_STK_case_0001,47280.000000,2023-11-26T00:16:00Z,J2000,1644200.667355834,2651330.731610813,-6049105.173071809,5117.632144863035,4552.013260333397,3393.955931387527,1666214.764075160,2670811.333124297,-6033872.067979835,5108.708088192265,4537.554221332798,3427.357773396179,-22014.096719326,-19480.601513484,-15233.105091974,33108.334002757,8.924056670770,14.459039000599,-33.401842008652,37.475133700294,0.0000000000000000e+00,0.0000000000000000e+00,0.0000000000000000e+00,0.0000000000000000e+00,199.995594874473,0
QK1_STK_case_0001,47340.000000,2023-11-26T00:17:00Z,J2000,1947301.588796812,2918238.369265938,-5831877.892550954,4981.901504678563,4341.526023236870,3844.253862865291,1968729.675419037,2936806.235706401,-5814673.092393263,4971.297799723717,4325.570606104922,3876.550201420180,-21428.086622225,-18567.866440463,-17204.800157690,33165.248512660,10.603704954847,15.955417131948,-32.296338554888,37.550863887211,0.0000000000000000e+00,0.0000000000000000e+00,0.0000000000000000e+00,0.0000000000000000e+00,199.995594874473,0
QK1_STK_case_0001,47400.000000,2023-11-26T00:18:00Z,J2000,2241575.325835569,3171917.510891009,-5588138.944254512,4823.498201233873,4111.224682515742,4277.342323576460,2262317.760586099,3189484.735531069,-5569033.239486854,4811.253978857544,4093.836541111855,4308.385134372947,-20742.434750530,-17567.224640060,-19105.704767659,33224.748841839,12.244222376329,17.388141403886,-31.042810796486,37.628772837139,0.0000000000000000e+00,0.0000000000000000e+00,0.0000000000000000e+00,0.0000000000000000e+00,199.995594874473,0
QK1_STK_case_0001,47460.000000,2023-11-26T00:19:00Z,J2000,2525681.545607119,3411209.254010202,-5318980.638839175,4643.106936212514,3862.122433433091,4691.242166927529,2545641.255589797,3427691.949552182,-5298053.576209944,4629.268695324429,3843.371863599775,4720.887731304830,-19959.709982678,-16482.695541979,-20927.062629232,33286.802568135,13.838240888084,18.750569833316,-29.645564377300,37.708623247201,0.0000000000000000e+00,0.0000000000000000e+00,0.0000000000000000e+00,0.0000000000000000e+00,199.995594874473,0
QK1_STK_case_0001,47520.000000,2023-11-26T00:20:00Z,J2000,2798324.064040997,3635018.158330420,-5025611.719293077,4441.514252468754,3595.320722959633,5084.053226906353,2817406.985369126,3650336.848225371,-5002951.320477931,4426.135761955583,3575.284397618238,5112.162882033250,-19082.921328129,-15318.689894952,-22660.398815146,33351.369101953,15.378490513171,20.036325341394,-28.109655126896,37.790276725673,0.0000000000000000e+00,0.0000000000000000e+00,0.0000000000000000e+00,0.0000000000000000e+00,199.995594874473,0
QK1_STK_case_0001,47580.000000,2023-11-26T00:21:00Z,J2000,3058256.868324229,3842317.391669437,-4709352.318613346,4219.605342286807,3312.004167765476,5453.964162326746,3076372.376231036,3856397.383441172,-4685054.757733027,4202.747435008230,3290.764841835901,5480.404908911601,-18115.507906807,-14079.991771735,-24297.560880319,33418.397025389,16.857907278577,21.239325929575,-26.440746584854,37.873619891955,0.0000000000000000e+00,0.0000000000000000e+00,0.0000000000000000e+00,0.0000000000000000e+00,199.995594874473,0
QK1_STK_case_0001,47640.000000,2023-11-26T00:22:00Z,J2000,3304289.917566140,4032153.570939950,-4371628.380358020,3978.360098075620,3013.435720458358,5799.260556100594,3321351.244514912,4044925.314418936,-4345797.628264578,3960.090495811654,2991.082023649949,5823.905600994813,-17061.326948772,-12771.743478986,-25830.752093442,33487.819613388,18.269602263966,22.353696808409,-24.645044894219,37.958455786871,0.0000000000000000e+00,0.0000000000000000e+00,0.0000000000000000e+00,0.0000000000000000e+00,199.995594874473,0
QK1_STK_case_0001,47700.000000,2023-11-26T00:23:00Z,J2000,3535294.717504846,4203651.338965080,-4013965.611625443,3718.849660660519,2700.952648512543,6118.332754337933,3551219.362678651,4215050.773246839,-3986713.044775224,3699.242834990088,2677.578874778043,6141.062155516436,-15924.645173805,-11399.434281759,-27252.566850219,33559.556400248,19.606825670430,23.373773734500,-22.729401178503,38.044534290691,0.0000000000000000e+00,0.0000000000000000e+00,0.0000000000000000e+00,0.0000000000000000e+00,199.995594874473,0
QK1_STK_case_0001,47760.000000,2023-11-26T00:24:00Z,J2000,3750209.698183573,4356017.692840370,-3637982.931987901,3442.233074663685,2375.961894487588,6409.684949090103,3764919.826744005,4365986.576567230,-3609426.900327396,3421.370051675735,2351.667681877542,6430.386306616883,-14710.128560432,-9968.883726860,-28556.031660505,33633.517050999,20.863022987950,24.294212610046,-20.701357526780,38.131623332733,0.0000000000000000e+00,0.0000000000000000e+00,0.0000000000000000e+00,0.0000000000000000e+00,199.995594874473,0
QK1_STK_case_0001,47820.000000,2023-11-26T00:25:00Z,J2000,3948045.359876206,4488545.977778256,-3245385.359802296,3149.752751400469,2039.933573835654,6671.944406623409,3961468.188705305,4497032.198040760,-3215650.714037203,3127.720841035262,2014.823483421414,6690.513538817489,-13422.828829099,-8486.220262504,-29734.645765093,33709.604371671,22.031910365207,25.110090414240,-18.569132194080,38.219555013017,0.0000000000000000e+00,0.0000000000000000e+00,0.0000000000000000e+00,0.0000000000000000e+00,199.995594874473,0
QK1_STK_case_0001,47880.000000,2023-11-26T00:26:00Z,J2000,4127889.107786753,4600619.456294240,-2837956.389211831,2842.728789248866,1694.393607736291,6903.869131882757,4139957.272285953,4607577.309991819,-2807173.970321939,2819.621239877380,1668.576667155523,6920.210625054066,-12068.164499200,-6957.853697579,-30782.418889892,33787.714263759,23.107549371486,25.816940580768,-16.341493171310,38.308193092008,0.0000000000000000e+00,0.0000000000000000e+00,0.0000000000000000e+00,0.0000000000000000e+00,199.995594874473,0
QK1_STK_case_0001,47940.000000,2023-11-26T00:27:00Z,J2000,4288909.734299285,4691714.444783526,-2417549.952671537,2522.553006968949,1340.916755019342,7104.354196126638,4299561.634513291,4697104.894445159,-2385856.050927563,2498.468672036309,1314.506062860572,7118.381908306668,-10651.900214005,-5390.449661633,-31693.901743974,33867.732925018,24.084334932640,26.410692158769,-14.027712180030,38.397350930222,0.0000000000000000e+00,0.0000000000000000e+00,0.0000000000000000e+00,0.0000000000000000e+00,199.995594874473,0
QK1_STK_case_0001,48000.000000,2023-11-26T00:28:00Z,J2000,4430361.543815815,4761403.043760441,-1986082.012090199,2190.682962316402,981.119904087446,7272.437930708526,4439541.670605164,4765193.949679412,-1953617.794296771,2165.725952172896,954.232207686592,7284.075551400616,-9180.126789349,-3790.905918971,-32464.217793428,33949.538030644,24.957010143507,26.887696400853,-11.637620692090,38.486813175691,0.0000000000000000e+00,0.0000000000000000e+00,0.0000000000000000e+00,0.0000000000000000e+00,199.995594874473,0
QK1_STK_case_0001,48060.000000,2023-11-26T00:29:00Z,J2000,4551588.105734546,4809355.446691903,-1545521.773944509,1848.635444991836,616.654593914573,7407.308181229314,4559247.343902594,4811521.770522584,-1512432.676798900,1822.914702574013,589.409761453043,7416.489771356815,-7659.238168048,-2166.323830681,-33089.097145609,34033.002191488,25.720742417823,27.244832461530,-9.181590127501,38.576405789683,0.0000000000000000e+00,0.0000000000000000e+00,0.0000000000000000e+00,0.0000000000000000e+00,199.995594874473,0
QK1_STK_case_0001,48120.000000,2023-11-26T00:30:00Z,J2000,4652025.592133408,4835341.768833021,-1097882.553614044,1497.979146591123,249.198562234074,7508.307548888695,4658121.496170827,4835865.743634582,-1064317.648114797,1471.607974983731,221.719018295554,7514.977963457889,-6095.904037419,-523.974801560,-33564.905499247,34117.993446267,26.371171607392,27.479543938520,-6.670414569193,38.665985795534,0.0000000000000000e+00,0.0000000000000000e+00,0.0000000000000000e+00,0.0000000000000000e+00,199.995594874473,0
QK1_STK_case_0001,48180.000000,2023-11-26T00:31:00Z,J2000,4731205.661917740,4839233.363345858,-645212.373279529,1140.327002857920,-119.552676627419,7574.937036017803,4735702.703686893,4838104.631370687,-611323.706206581,1113.422596907305,-147.142473146367,7579.052295134209,-4497.041769153,1128.731975171,-33888.667072947,34204.373646163,26.904405950614,27.589796518948,-4.115259116407,38.755377550833,0.0000000000000000e+00,0.0000000000000000e+00,0.0000000000000000e+00,0.0000000000000000e+00,199.995594874473,0
QK1_STK_case_0001,48240.000000,2023-11-26T00:32:00Z,J2000,4788757.889609821,4821003.652708028,-189584.367977110,777.328680235609,-487.893592474948,7606.859078402237,4791627.677102964,4818219.371541874,-155526.280490224,750.011631224576,-515.467678859928,7608.386739909353,-2869.787493143,2784.281166154,-34058.087486886,34291.999433285,27.317049011033,27.574086384980,-1.527661507117,38.844370973384,0.0000000000000000e+00,0.0000000000000000e+00,0.0000000000000000e+00,0.0000000000000000e+00,199.995594874473,0
QK1_STK_case_0001,48300.000000,2023-11-26T00:33:00Z,J2000,4824411.736748356,4780728.493810440,266912.997500591,410.662687217798,-854.116667584934,7603.900768115299,4825633.201865515,4776293.409562974,300984.573295986,383.056436366967,-881.548161283209,7602.820306825121,-1221.465117158,4435.084247466,-34071.575795395,34380.724635992,27.606250850831,27.431493698275,1.080461290178,38.932753937489,0.0000000000000000e+00,0.0000000000000000e+00,0.0000000000000000e+00,0.0000000000000000e+00,199.995594874473,0
QK1_STK_case_0001,48360.000000,2023-11-26T00:34:00Z,J2000,4837998.022907134,4718586.028082679,722185.889225655,42.027591329821,-1216.521538172327,7566.056305437844,4837557.573900413,4712512.510294463,756114.154873386,14.257798296856,-1243.683330144886,7562.359400521803,440.449006722,6073.517788215,-33928.265647732,34470.405038443,27.769793032965,27.161791972559,3.696904916040,39.020397924836,0.0000000000000000e+00,0.0000000000000000e+00,0.0000000000000000e+00,0.0000000000000000e+00,199.995594874473,0
QK1_STK_case_0001,48420.000000,2023-11-26T00:35:00Z,J2000,4829449.851536136,4634855.959477960,1174145.155950618,-326.867256891885,-1573.424776740811,7493.487473501920,4827341.486556604,4627163.993174657,1207773.183103287,-354.673358672851,-1600.190239133658,7487.178123229205,2108.364979533,7691.966303302,-33628.027152669,34560.899274740,27.806101780966,26.765462392847,6.309350272716,39.107252194704,0.0000000000000000e+00,0.0000000000000000e+00,0.0000000000000000e+00,0.0000000000000000e+00,199.995594874473,0
QK1_STK_case_0001,48480.000000,2023-11-26T00:36:00Z,J2000,4798802.984859458,4529918.254576844,1620716.347977735,-694.310691829837,-1923.169188016735,7386.522204498184,4795028.367926563,4520635.391611692,1653887.818530073,-722.024908321156,-1949.412825668956,7377.616756015220,3774.616932895,9282.862965153,-33171.470552339,34652.066842031,27.714216491320,26.243637652221,8.905448482964,39.193281638969,0.0000000000000000e+00,0.0000000000000000e+00,0.0000000000000000e+00,0.0000000000000000e+00,199.995594874473,0
QK1_STK_case_0001,48540.000000,2023-11-26T00:37:00Z,J2000,4746195.694749702,4404251.312497868,2059849.622053843,-1058.598334211858,-2264.132244390259,7245.652394504995,4740764.194791015,4393412.584885719,2092409.569470663,-1086.092138259582,-2289.730317634482,7234.179550757395,5431.499958687,10838.727612149,-32559.947416821,34743.767553875,27.493804047724,25.598073244223,11.472843747599,39.278451579563,0.0000000000000000e+00,0.0000000000000000e+00,0.0000000000000000e+00,0.0000000000000000e+00,199.995594874473,0
QK1_STK_case_0001,48600.000000,2023-11-26T00:38:00Z,J2000,4671868.091783829,4258429.642501767,2489529.503018233,-1418.041453083326,-2594.734121867056,7071.531222731272,4664796.782534018,4246077.438416013,2521325.052523233,-1445.186659609147,-2619.565267383361,7057.531988124318,7071.309249811,12352.204085753,-31795.549505000,34835.862679249,27.145206525821,24.831145516305,13.999234606955,39.362756440091,0.0000000000000000e+00,0.0000000000000000e+00,0.0000000000000000e+00,0.0000000000000000e+00,199.995594874473,0
QK1_STK_case_0001,48660.000000,2023-11-26T00:39:00Z,J2000,4576160.913088867,4093121.068058862,2907784.452335909,-1770.976046060407,-2913.445404706527,6864.969304944131,4567474.532017704,4079304.971133610,2938665.554613866,-1797.645491718520,-2937.391233039009,6848.496821899746,8686.381071163,13816.096925253,-30881.102277958,34928.215360409,26.669445658114,23.945828332482,16.472483044386,39.446225724236,0.0000000000000000e+00,0.0000000000000000e+00,0.0000000000000000e+00,0.0000000000000000e+00,199.995594874473,0
QK1_STK_case_0001,48720.000000,2023-11-26T00:40:00Z,J2000,4459513.780787535,3909083.488454458,3312696.165636107,-2115.771255382031,-3218.794085263787,6626.929586034758,4449244.648992901,3893860.082636294,3342516.318193225,-2141.839411320242,-3241.739731139215,6608.048898407402,10269.131794635,15223.405818164,-29820.152557118,35020.688900275,26.068155938211,22.945645875428,18.880687627356,39.528872788649,0.0000000000000000e+00,0.0000000000000000e+00,0.0000000000000000e+00,0.0000000000000000e+00,199.995594874473,0
QK1_STK_case_0001,48780.000000,2023-11-26T00:41:00Z,J2000,4322462.991318500,3707161.240838078,3702408.549154650,-2450.836584814123,-3509.371958157519,6358.521922325516,4310650.898827955,3690593.882764291,3731025.503413616,-2476.180105074491,-3531.206623780728,6337.309747964272,11812.092490545,16567.358073788,-28616.954258966,35113.145025902,25.343520260368,21.834665623209,21.212174361244,39.610642297201,0.0000000000000000e+00,0.0000000000000000e+00,0.0000000000000000e+00,0.0000000000000000e+00,199.995594874473,0
QK1_STK_case_0001,48840.000000,2023-11-26T00:42:00Z,J2000,4165638.892646344,3488281.076522233,4075136.380248472,-2774.628625080802,-3783.841270319224,6060.997997304757,4152330.950620041,3470439.633700292,4102412.835403623,-2799.126921536309,-3804.458833925102,6037.542500624345,13307.942026303,17841.442821941,-27276.455155151,35205.445726123,24.498296455507,20.617563605878,23.455496680412,39.691444705240,0.0000000000000000e+00,0.0000000000000000e+00,0.0000000000000000e+00,0.0000000000000000e+00,199.995594874473,0
QK1_STK_case_0001,48900.000000,2023-11-26T00:43:00Z,J2000,3989762.841671610,3253447.714469696,4429173.652834609,-3085.658478435990,-4040.942110527794,5735.745557987228,3975013.297549720,3234408.265072409,4454977.932952642,-3109.194376664974,-4060.241776303519,5710.145994288877,14749.544121890,19039.449397288,-25804.280118033,35297.458230946,23.535898228984,19.299665775725,25.599563698351,39.771261811083,0.0000000000000000e+00,0.0000000000000000e+00,0.0000000000000000e+00,0.0000000000000000e+00,199.995594874473,0
QK1_STK_case_0001,48960.000000,2023-11-26T00:44:00Z,J2000,3795643.694015263,3003738.955049551,4762901.517443553,-3382.499725093669,-4279.499370373732,5384.280594658491,3779513.706496111,2983583.450682599,4787108.221725291,-3404.960130326615,-4297.386234881140,5356.646781535981,16129.987519152,20155.504366952,-24206.704281738,35389.057430761,22.460405232946,17.886864507408,27.633813122510,39.850186358714,0.0000000000000000e+00,0.0000000000000000e+00,0.0000000000000000e+00,0.0000000000000000e+00,199.995594874473,0
QK1_STK_case_0001,49020.000000,2023-11-26T00:45:00Z,J2000,3584173.829852919,2740300.426668214,5074795.697816298,-3663.795743429119,-4498.427915523783,5008.237957485741,3566731.205908254,2719116.325474867,5097286.316289620,-3685.072231972827,-4514.813392501034,4978.689672453079,17442.623944664,21184.101193347,-22490.618473322,35480.123911247,21.276488543708,16.385476977252,29.548285032662,39.928360458377,0.0000000000000000e+00,0.0000000000000000e+00,0.0000000000000000e+00,0.0000000000000000e+00,199.995594874473,0
QK1_STK_case_0001,49080.000000,2023-11-26T00:46:00Z,J2000,3356324.779675360,2464340.076933788,5363433.338740079,-3928.265712404668,-4696.736089634432,4609.362004441422,3337643.678755831,2442219.953947006,5384096.832501280,-3948.255038440591,-4711.538260791805,4578.028413939953,18681.100919529,22120.122986782,-20663.493761202,35570.540436367,19.989326035923,14.802171157372,31.333590501469,40.005891066896,0.0000000000000000e+00,0.0000000000000000e+00,0.0000000000000000e+00,0.0000000000000000e+00,199.995594874473,0
QK1_STK_case_0001,49140.000000,2023-11-26T00:47:00Z,J2000,3113142.522446434,2177122.471146846,5627499.315575162,-4174.709624689917,-4873.528843537274,4189.497995786895,3093303.131720309,2154163.607226637,5646232.663726739,-4193.314186152563,-4886.672832337345,4156.517106528358,19839.390726126,22958.863920209,-18733.348151577,35660.190547146,18.604561462645,13.143988800071,32.980889258537,40.082829304799,0.0000000000000000e+00,0.0000000000000000e+00,0.0000000000000000e+00,0.0000000000000000e+00,199.995594874473,0
QK1_STK_case_0001,49200.000000,2023-11-26T00:48:00Z,J2000,2855742.497788071,1879962.890636139,5865792.033993780,-4402.012873326004,-5028.011316383079,3750.583545074229,2834830.679953510,1856266.837791732,5882500.746393885,-4419.141161286998,-5039.429695376190,3716.101601730318,20911.817834561,23696.052844407,-16708.712400105,35748.959643886,17.128287960993,11.418378993111,34.481943343911,40.159208708312,0.0000000000000000e+00,0.0000000000000000e+00,0.0000000000000000e+00,0.0000000000000000e+00,199.995594874473,0
QK1_STK_case_0001,49260.000000,2023-11-26T00:49:00Z,J2000,2585304.351986091,1574221.211333785,6077228.697232249,-4609.150523307188,-5159.492439272806,3294.639348415690,2563411.266800680,1549893.334193326,6091827.288765698,-4624.717546144796,-5169.125605386595,3258.810156580995,21893.085185411,24327.877140459,-14598.591533449,35836.736177523,15.567022837608,9.633166113789,35.829191834695,40.235072721816,0.0000000000000000e+00,0.0000000000000000e+00,0.0000000000000000e+00,0.0000000000000000e+00,199.995594874473,0
QK1_STK_case_0001,49320.000000,2023-11-26T00:50:00Z,J2000,2303066.439642750,1261295.586688712,6260849.998740547,-4795.191181623569,-5267.387744257937,2823.759419844075,2280288.140740557,1236444.583588500,6273262.421862403,-4809.118869350711,-5275.184222089503,2786.743642743445,22778.298902193,24851.003100212,-12412.423121856,35923.411638100,13.927687727143,7.796477831566,37.015777100630,40.310461500291,0.0000000000000000e+00,0.0000000000000000e+00,0.0000000000000000e+00,0.0000000000000000e+00,199.995594874473,0
QK1_STK_case_0001,49380.000000,2023-11-26T00:51:00Z,J2000,2010320.099853364,942615.990375230,6415824.229727761,-4959.300721009807,-5351.221297751228,2340.101389267075,1986757.107162283,917353.397931523,6425984.264519085,-4971.518335821842,-5357.137992354969,2302.065826279010,23562.992691081,25262.592443707,-10160.034791325,36008.880967030,12.217614812036,5.916694603742,38.035562988065,40.385411209350,0.0000000000000000e+00,0.0000000000000000e+00,0.0000000000000000e+00,0.0000000000000000e+00,199.995594874473,0
QK1_STK_case_0001,49440.000000,2023-11-26T00:52:00Z,J2000,1708403.709199275,619637.660664875,6541450.800612586,-5100.745924006105,-5410.627055774090,1845.876560734035,1684160.557087731,594077.344475826,6549302.399847901,-5111.190447596554,-5414.629458500289,1806.993367687468,24243.152111545,25560.316189049,-7851.599235316,36093.043630867,10.444523590449,4.002402726199,38.883193046566,40.459980253463,0.0000000000000000e+00,0.0000000000000000e+00,0.0000000000000000e+00,0.0000000000000000e+00,199.995594874473,0
QK1_STK_case_0001,49500.000000,2023-11-26T00:53:00Z,J2000,1398696.533256904,293834.482530253,6637163.151254317,-5218.897439903876,-5445.349561143687,1343.339544144956,1373881.297669458,268092.117312232,6642660.737359178,-5227.513882184474,-5447.411897597933,1303.785419090249,24815.235587446,25742.365218020,-5497.586104861,36175.803201294,8.616442280598,2.062336454245,39.554125054707,40.534246237827,0.0000000000000000e+00,0.0000000000000000e+00,0.0000000000000000e+00,0.0000000000000000e+00,199.995594874473,0
QK1_STK_case_0001,49560.000000,2023-11-26T00:54:00Z,J2000,1082612.433821491,-33307.652444499,6702531.041170501,-5313.231647361864,-5455.244042386330,834.778080424824,1057336.243428993,-59115.110358133,6705639.754926915,-5319.973275431735,-5455.349384449602,794.733475914325,25276.190392498,25807.457913634,-3108.713756414,36257.065324446,6.741628069871,0.105342063272,40.044604510499,40.608262661495,0.0000000000000000e+00,0.0000000000000000e+00,0.0000000000000000e+00,0.0000000000000000e+00,199.995594874473,0
QK1_STK_case_0001,49620.000000,2023-11-26T00:55:00Z,J2000,761593.487629786,-360297.485827095,6737262.250714103,-5383.331860494462,-5440.276385168123,322.503595587394,735970.022199105,-386052.332685132,6737958.153870546,-5388.160404295701,-5438.416766003367,282.151968165965,25623.465430681,25754.846858036,-695.903156443,36336.736212288,4.828543801239,-1.859619164756,40.351627421429,40.682021265372,0.0000000000000000e+00,0.0000000000000000e+00,0.0000000000000000e+00,0.0000000000000000e+00,199.995594874473,0
QK1_STK_case_0001,49680.000000,2023-11-26T00:56:00Z,J2000,437103.532609015,-685645.036228320,6741203.728029666,-5428.889632925179,-5400.523305180990,-191.157961175690,411248.508595631,-711229.362233302,6739473.960690963,-5431.775516282887,-5396.699845704831,-231.630928933502,25855.024013384,25584.326004981,1729.767338703,36414.723655520,2.885883357707,-3.823459476159,40.472967757813,40.755469378294,0.0000000000000000e+00,0.0000000000000000e+00,0.0000000000000000e+00,0.0000000000000000e+00,199.995594874473,0
QK1_STK_case_0001,49740.000000,2023-11-26T00:57:00Z,J2000,110621.629164265,-1007868.250700571,6714342.171484590,-5449.706223140867,-5336.172300711663,-703.875901513665,84652.271197039,-1033164.487830443,6710185.059704999,-5450.628775662728,-5330.395268031493,-744.283177759881,25969.357967227,25296.237129872,4157.111779591,36490.940581310,0.922552521860,-5.777032680170,40.407276246217,40.828582921544,0.0000000000000000e+00,0.0000000000000000e+00,0.0000000000000000e+00,0.0000000000000000e+00,199.995594874473,0
QK1_STK_case_0001,49800.000000,2023-11-26T00:58:00Z,J2000,-216364.554594374,-1325499.627017514,6656804.004260329,-5445.693528744699,-5247.520629110576,-1213.325141366405,-242330.052320303,-1350391.096757604,6650229.114564108,-5444.641122886008,-5239.809401391395,-1253.479213958596,25965.497725929,24891.469740089,6574.889696221,36565.304764141,-1.052405858691,-7.711227719181,40.154072592191,40.901346393089,0.0000000000000000e+00,0.0000000000000000e+00,0.0000000000000000e+00,0.0000000000000000e+00,199.995594874473,0
QK1_STK_case_0001,49860.000000,2023-11-26T00:59:00Z,J2000,-542365.388196199,-1637092.745176932,6568854.737063656,-5416.874216958425,-5134.973441074644,-1717.196078356381,-568208.407635759,-1661464.203495487,6559882.880079462,-5413.844363065832,-5125.356441157371,-1756.909797548268,25843.019439559,24371.458318555,8971.856984193,36637.738086177,-3.029853892593,-9.616999917273,39.713719191886,40.973725655245,0.0000000000000000e+00,0.0000000000000000e+00,0.0000000000000000e+00,0.0000000000000000e+00,199.995594874473,0
QK1_STK_case_0001,49920.000000,2023-11-26T01:00:00Z,J2000,-865895.919929665,-1941228.684034214,6450897.761517373,-5363.381547703528,-4999.041937839726,-2213.203814510960,-891497.969410730,-1964966.861789268,6439560.945496732,-5358.380958147268,-4987.556563134548,-2252.291210991390,25602.049481064,23738.177755054,11336.816020640,36708.165552738,-5.000589556260,-11.485374705178,39.087396480430,41.045636694378,0.0000000000000000e+00,0.0000000000000000e+00,0.0000000000000000e+00,0.0000000000000000e+00,199.995594874473,0
QK1_STK_case_0001,49980.000000,2023-11-26T01:01:00Z,J2000,-1185482.504274556,-2236522.334812454,6303472.588698287,-5285.459046146270,-4840.341702433110,-2699.097545171039,-1210725.772147451,-2259516.474293103,6289813.923247986,-5278.503679424739,-4827.034254495439,-2737.374692959223,25243.267872894,22994.139480649,13658.665450302,36776.516491390,-6.955366721531,-13.307447937671,38.277147788184,41.116971430825,0.0000000000000000e+00,0.0000000000000000e+00,0.0000000000000000e+00,0.0000000000000000e+00,199.995594874473,0
QK1_STK_case_0001,50040.000000,2023-11-26T01:02:00Z,J2000,-1499669.395428762,-2521628.604763228,6127252.510472333,-5183.459640918509,-4659.590606832207,-3172.670339542786,-1524437.304587951,-2543770.990198574,6111326.057057451,-5174.574679187831,-4644.516150774190,-3209.956250400506,24767.909159189,22142.385435346,15926.453414882,36842.726219183,-8.884961730677,-15.074456058016,37.285910857720,41.187630654002,0.0000000000000000e+00,0.0000000000000000e+00,0.0000000000000000e+00,0.0000000000000000e+00,199.995594874473,0
QK1_STK_case_0001,50100.000000,2023-11-26T01:03:00Z,J2000,-1807025.269976245,-2795248.473857522,5923041.679093782,-5057.844223424561,-4457.606037899635,-3631.768655244008,-1831203.029250948,-2816434.951331835,5904912.249003473,-5047.064004421833,-4440.828202360261,-3667.886124059624,24177.759274703,21186.477474313,18129.430090309,36906.735248657,-10.780219002728,-16.777835539374,36.117468815616,41.257489511361,0.0000000000000000e+00,0.0000000000000000e+00,0.0000000000000000e+00,0.0000000000000000e+00,199.995594874473,0
QK1_STK_case_0001,50160.000000,2023-11-26T01:04:00Z,J2000,-2106149.658613423,-3056134.874201361,5691771.631217354,-4909.180130695357,-4235.301826695202,-4074.301394074567,-2129624.810369880,-3076265.359293110,5671514.533895350,-4896.548095381228,-4216.892599595329,-4109.077832557846,23475.151756457,20130.485091750,20257.097322004,36968.488905161,-12.632035314128,-18.409227099873,34.776438483279,41.326367275305,0.0000000000000000e+00,0.0000000000000000e+00,0.0000000000000000e+00,0.0000000000000000e+00,199.995594874473,0
QK1_STK_case_0001,50220.000000,2023-11-26T01:05:00Z,J2000,-2395679.290371703,-3303098.382323414,5434497.264199077,-4738.139712181218,-3993.685065732746,-4498.249246476485,-2418342.254892187,-3322077.354885649,5412198.003224279,-4723.708325350530,-3973.724549979920,-4531.517602602452,22662.964520484,18978.972562235,22299.260974798,37027.940806869,-14.431386830688,-19.960515752827,33.268356125966,41.394089364303,0.0000000000000000e+00,0.0000000000000000e+00,0.0000000000000000e+00,0.0000000000000000e+00,199.995594874473,0
QK1_STK_case_0001,50280.000000,2023-11-26T01:06:00Z,J2000,-2674294.336819770,-3535012.705259768,5152392.228384189,-4545.498251055447,-3733.852283123872,-4901.674829537794,-2696038.948162876,-3552749.686191745,5128146.140594958,-4529.328800583906,-3712.428349279880,-4933.274521916802,21744.611343106,17736.980931977,24246.087789231,37085.056129486,-16.169450471542,-21.423933843992,31.599692379008,41.460543030107,0.0000000000000000e+00,0.0000000000000000e+00,0.0000000000000000e+00,0.0000000000000000e+00,199.995594874473,0
QK1_STK_case_0001,50340.000000,2023-11-26T01:07:00Z,J2000,-2940724.490778883,-3750819.903581426,4846743.707557011,-4332.130478229621,-3456.984500754802,-5282.732620697644,-2961448.518050660,-3767229.908996605,4820655.548841299,-4314.292791760461,-3434.192378674205,-5312.510406681934,20724.027271777,16410.005415180,26088.158715713,37139.811648200,-17.837686469161,-22.792122080598,29.777785984290,41.525659845873,0.0000000000000000e+00,0.0000000000000000e+00,0.0000000000000000e+00,0.0000000000000000e+00,199.995594874473,0
QK1_STK_case_0001,50400.000000,2023-11-26T01:08:00Z,J2000,-3193754.805920976,-3949535.298299546,4518946.643906597,-4099.006327230307,-3164.341825017455,-5639.677518605265,-3213360.455748730,-3964539.267741181,4491130.124963547,-4079.578437475431,-3140.283657767093,-5667.488265305243,19605.649827753,15003.969441635,27816.518943050,37192.194480604,-19.427889754876,-24.058167250362,27.810746699979,41.589372966954,0.0000000000000000e+00,0.0000000000000000e+00,0.0000000000000000e+00,0.0000000000000000e+00,199.995594874473,0
QK1_STK_case_0001,50460.000000,2023-11-26T01:09:00Z,J2000,-3432231.285686370,-4130252.056694405,4170497.477663960,-3847.186862116502,-2857.258129298979,-5970.872675033333,-3450625.684938921,-4143777.254675625,4141074.755613460,-3826.254694440195,-2832.042531794910,-5996.580094095676,18394.399252551,13525.197981220,29422.722050500,37242.200219031,-20.932167676307,-25.215597504069,25.707419062344,41.651571350468,0.0000000000000000e+00,0.0000000000000000e+00,0.0000000000000000e+00,0.0000000000000000e+00,199.995594874473,0
QK1_STK_case_0001,50520.000000,2023-11-26T01:10:00Z,J2000,-3655066.229422020,-4292145.451587277,3802987.412130958,-3577.820137621371,-2537.135375336647,-6274.797512151884,-3672161.888705145,-4304125.841300150,3772088.536817034,-3555.477156350554,-2510.876927227037,-6298.274931167261,17095.659283125,11980.389712873,30898.875313924,37289.835071537,-22.342981270818,-26.258448109610,23.477419015378,41.712157853758,0.0000000000000000e+00,0.0000000000000000e+00,0.0000000000000000e+00,0.0000000000000000e+00,199.995594874473,0
QK1_STK_case_0001,50580.000000,2023-11-26T01:11:00Z,J2000,-3861243.308695833,-4434476.755000406,3418095.200059681,-3292.136287244542,-2205.437106846740,-6550.055513330922,-3876958.561518279,-4444853.338670976,3385857.515382364,-3268.483042253448,-2178.255761362555,-6571.186569497510,15715.252822446,10376.583670571,32237.684677317,37335.117159317,-23.653244991094,-27.181345484185,21.131056166589,41.771079416923,0.0000000000000000e+00,0.0000000000000000e+00,0.0000000000000000e+00,0.0000000000000000e+00,199.995594874473,0
QK1_STK_case_0001,50640.000000,2023-11-26T01:12:00Z,J2000,-4049822.327246302,-4556596.727360734,3017579.494491476,-2991.441981319975,-1863.681601198294,-6795.380866177014,-4064081.740858523,-4565317.851175577,2984147.002598908,-2966.585643645978,-1835.702118031855,-6814.060069277093,14259.413612221,8721.123814844,33432.491892568,37378.073670333,-24.856337673997,-27.979483166440,18.679203100079,41.828239614868,0.0000000000000000e+00,0.0000000000000000e+00,0.0000000000000000e+00,0.0000000000000000e+00,199.995594874473,0
QK1_STK_case_0001,50700.000000,2023-11-26T01:13:00Z,J2000,-4219943.649725509,-4657948.705775178,2603270.829002727,-2677.115041783326,-1513.435432214007,-7009.644338387454,-4232678.409749487,-4664970.332773198,2568793.521190863,-2651.168978404309,-1484.786850605249,-7025.777664526310,12734.760023978,7021.626998021,34477.307811865,37418.740124725,-25.946063379017,-28.648581608759,16.133326138856,41.883453121303,0.0000000000000000e+00,0.0000000000000000e+00,0.0000000000000000e+00,0.0000000000000000e+00,199.995594874473,0
QK1_STK_case_0001,50760.000000,2023-11-26T01:14:00Z,J2000,-4370832.312496347,-4738071.311061812,2177063.232915500,-2350.599086405196,-1156.306989211799,-7191.859868021389,-4381980.579305244,-4743357.258966327,2141696.380515971,-2323.682318959869,-1127.121978879229,-7205.365419536851,11148.266808897,5285.947904515,35366.852399529,37457.166827480,-26.916767445326,-29.185010332570,13.505551515462,41.936584500348,0.0000000000000000e+00,0.0000000000000000e+00,0.0000000000000000e+00,0.0000000000000000e+00,199.995594874473,0
QK1_STK_case_0001,50820.000000,2023-11-26T01:15:00Z,J2000,-4501801.775870021,-4796600.725069139,1740905.422864947,-2013.396593822936,-793.938387893391,-7341.191687799786,-4511309.004577177,-4800122.862428095,1704808.833016498,-1985.633136129810,-764.352503149637,-7352.000266990563,9507.228707156,3522.137358956,36096.589848449,37493.421395662,-27.763457693126,-29.585884743754,10.808579190778,41.987611783382,0.0000000000000000e+00,0.0000000000000000e+00,0.0000000000000000e+00,0.0000000000000000e+00,199.995594874473,0
QK1_STK_case_0001,50880.000000,2023-11-26T01:16:00Z,J2000,-4612257.195658059,-4833272.432433655,1296791.619667644,-1667.060062865178,-427.996038478912,-7456.959289874425,-4620076.412293554,-4835010.826946581,1260128.860907012,-1638.578130031585,-398.146895227986,-7465.014745997296,7819.216635496,1738.394512927,36662.758760632,37527.590439778,-28.481932833593,-29.849143250926,8.055456122871,42.036677129611,0.0000000000000000e+00,0.0000000000000000e+00,0.0000000000000000e+00,0.0000000000000000e+00,199.995594874473,0
QK1_STK_case_0001,50940.000000,2023-11-26T01:17:00Z,J2000,-4701698.154285111,-4847922.408826322,846752.164528297,-1313.183208184062,-60.161931069843,-7538.639333911430,-4707790.185726053,-4847865.429154079,809689.779967702,-1284.114512587845,-30.188514842308,-7543.898672151161,6092.031440942,-56.979672243,37062.384560595,37559.771605774,-29.068695596218,-29.973416227534,5.259338239731,42.083908833835,0.0000000000000000e+00,0.0000000000000000e+00,0.0000000000000000e+00,0.0000000000000000e+00,199.995594874473,0
QK1_STK_case_0001,51000.000000,2023-11-26T01:18:00Z,J2000,-4769720.910604762,-4840487.837599816,392844.061182481,-953.393787727009,307.873439556790,-7585.866653307439,-4774054.577473233,-4838632.218345441,355550.775530920,-923.872992465737,337.831343632797,-7588.300195380012,4333.666868471,-1855.619254375,37293.285651561,37590.067119294,-29.520795261272,-29.957904076007,2.433542072573,42.129271255318,0.0000000000000000e+00,0.0000000000000000e+00,0.0000000000000000e+00,0.0000000000000000e+00,199.995594874473,0
QK1_STK_case_0001,51060.000000,2023-11-26T01:19:00Z,J2000,-4816020.253748610,-4811007.417433604,-62858.577234479,-589.347294291792,674.417975962003,-7598.436609426085,-4818572.530813215,-4807358.287998368,-100212.665511737,-559.511426322508,704.220459527989,-7598.028293066910,2552.277064606,-3649.129435235,37354.088277258,37618.588156320,-29.835867969284,-29.802483565986,-0.408316359175,42.172666105318,0.0000000000000000e+00,0.0000000000000000e+00,0.0000000000000000e+00,0.0000000000000000e+00,199.995594874473,0
QK1_STK_case_0001,51120.000000,2023-11-26T01:20:00Z,J2000,-4840390.951523890,-4759621.210421779,-518274.252006261,-222.719442522880,1037.786590729801,-7576.308065372488,-4841147.087602983,-4754192.077691477,-555518.494618386,-192.707141114456,1067.294455487109,-7573.055633536380,756.136079093,-5429.132730303,37244.242612125,37645.462299249,-30.012301408424,-29.507864757308,-3.252431836108,42.214104647785,0.0000000000000000e+00,0.0000000000000000e+00,0.0000000000000000e+00,0.0000000000000000e+00,199.995594874473,0
QK1_STK_case_0001,51180.000000,2023-11-26T01:21:00Z,J2000,-4842728.692205413,-4686569.925718701,-971323.931618952,144.803097969482,1396.311124658444,-7519.604268740893,-4841682.282250785,-4679382.606206570,-1008287.958092472,174.852400961627,1425.386707987297,-7513.519212039982,-1046.409954628,-7187.319512131,36964.026473520,37670.834722603,-30.049302992145,-29.075583328853,-6.085056700911,42.253734406323,0.0000000000000000e+00,0.0000000000000000e+00,0.0000000000000000e+00,0.0000000000000000e+00,199.995594874473,0
QK1_STK_case_0001,51240.000000,2023-11-26T01:22:00Z,J2000,-4823030.454327297,-4592193.623150720,-1419940.866755903,511.532149164684,1748.349396683853,-7428.610917636219,-4820183.463634738,-4583278.129319390,-1456455.403351232,541.478996896332,1776.857272191171,-7419.718269018436,-2846.990692560,-8915.493831330,36514.536595330,37694.863960912,-29.946847731648,-28.507875507318,-8.892648617782,42.291746883318,0.0000000000000000e+00,0.0000000000000000e+00,0.0000000000000000e+00,0.0000000000000000e+00,199.995594874473,0
QK1_STK_case_0001,51300.000000,2023-11-26T01:23:00Z,J2000,-4781394.336773982,-4476929.923636637,-1862080.253066374,875.786584290889,2092.292750743153,-7303.773368152952,-4776757.080933909,-4466324.310707340,-1897977.928856120,905.492208389625,2120.100358379203,-7292.111479523403,-4637.255840074,-10605.612929297,35897.675789746,37717.718574140,-29.705624098737,-27.807607636051,-11.661888629549,42.328321392939,0.0000000000000000e+00,0.0000000000000000e+00,0.0000000000000000e+00,0.0000000000000000e+00,199.995594874473,0
QK1_STK_case_0001,51360.000000,2023-11-26T01:24:00Z,J2000,-4718018.889974291,-4341311.780787515,-2295728.731206975,1235.900519214045,2426.573341586171,-7145.693954311816,-4711609.972460521,-4329061.955544015,-2330844.869828550,1265.227539994871,2453.551629053892,-7131.314248737130,-6408.917513771,-12249.825243499,35116.138621574,37739.576493175,-29.327020780826,-26.978287467720,-14.379705574687,42.363640955242,0.0000000000000000e+00,0.0000000000000000e+00,0.0000000000000000e+00,0.0000000000000000e+00,199.995594874473,0
QK1_STK_case_0001,51420.000000,2023-11-26T01:25:00Z,J2000,-4633201.951874436,-4185964.800157609,-2718913.707791284,1590.231640823360,2749.671937779764,-6955.128495808101,-4625048.159565924,-4172124.290415807,-2753087.101998987,1619.044779909733,2775.696041043506,-6938.095112526953,-8153.792308512,-13840.509741802,34173.394207703,37760.626459294,-28.813139086373,-26.024103263743,-17.033383281148,42.397960808217,0.0000000000000000e+00,0.0000000000000000e+00,0.0000000000000000e+00,0.0000000000000000e+00,199.995594874473,0
QK1_STK_case_0001,51480.000000,2023-11-26T01:26:00Z,J2000,-4527338.989506946,-4011604.089588234,-3129712.417619525,1937.169234271856,3060.125564797201,-6732.981119947221,-4517475.146375921,-3996233.773693000,-3162786.077134078,1965.335957674777,3085.075413665863,-6713.370390849273,-9863.843131026,-15370.315895235,33073.659514554,37781.066233200,-28.166723402921,-24.949848868662,-19.610729097949,42.431591551330,0.0000000000000000e+00,0.0000000000000000e+00,0.0000000000000000e+00,0.0000000000000000e+00,199.995594874473,0
QK1_STK_case_0001,51540.000000,2023-11-26T01:27:00Z,J2000,-4400920.983916021,-3819030.680458241,-3526260.639606992,2275.141337131258,3356.534077701953,-6480.298155418238,-4389389.769671895,-3802198.484690223,-3558082.507240360,2302.532419953680,3380.294895922759,-6458.198109361792,-11531.214244126,-16832.195768017,31821.867633367,37801.097550102,-27.391082822423,-23.760818220806,-22.100046056446,42.464808211083,0.0000000000000000e+00,0.0000000000000000e+00,0.0000000000000000e+00,0.0000000000000000e+00,199.995594874473,0
QK1_STK_case_0001,51600.000000,2023-11-26T01:28:00Z,J2000,-4254531.902416147,-3609127.582004131,-3906761.048009193,2602.621518314331,3637.565976900094,-6198.262104094552,-4241383.636369280,-3590908.148166631,-3937184.686434337,2629.111629172804,3660.028766922584,-6173.771942718949,-13148.266046867,-18219.433837501,30423.638425144,37820.926012225,-26.490110858473,-22.462790022489,-24.490161375604,42.497893042971,0.0000000000000000e+00,0.0000000000000000e+00,0.0000000000000000e+00,0.0000000000000000e+00,199.995594874473,0
QK1_STK_case_0001,51660.000000,2023-11-26T01:29:00Z,J2000,-4088845.760404469,-3382855.495868504,-4269491.191330612,2918.135727243638,3901.963877081244,-5888.185088259236,-4074138.150896946,-3363329.821465113,-4298376.435481213,2943.603979686113,3923.025840751173,-5861.414582535471,-14707.609507523,-19525.674403391,28885.244150601,37840.759347202,-25.468252442475,-21.061963669928,-26.770505723766,42.531143563431,0.0000000000000000e+00,0.0000000000000000e+00,0.0000000000000000e+00,0.0000000000000000e+00,199.995594874473,0
QK1_STK_case_0001,51720.000000,2023-11-26T01:30:00Z,J2000,-3904623.284471601,-3141248.223084977,-4612811.049191708,3220.268605213400,4148.549216621230,-5551.501423569243,-3888421.147648474,-3120503.278835031,-4640024.621610117,3244.599035279555,4168.114101133907,-5522.570289682153,-16202.136823127,-20744.944249946,27213.572418409,37860.803918310,-24.330430066155,-19.564884512677,-28.931133887091,42.564833386156,0.0000000000000000e+00,0.0000000000000000e+00,0.0000000000000000e+00,0.0000000000000000e+00,199.995594874473,0
QK1_STK_case_0001,51780.000000,2023-11-26T01:31:00Z,J2000,-3702708.226946956,-2885407.815905964,-4935170.139428031,3507.668822585701,4376.226137709308,-5189.760230249613,-3685083.178544149,-2863536.143533218,-4960586.229207626,3530.750810077323,4394.204547951164,-5158.797537022141,-17625.048402807,-21871.672372745,25416.089779595,37881.261901716,-23.081987491622,-17.978410241857,-30.962693227472,42.599175500078,0.0000000000000000e+00,0.0000000000000000e+00,0.0000000000000000e+00,0.0000000000000000e+00,199.995594874473,0
QK1_STK_case_0001,51840.000000,2023-11-26T01:32:00Z,J2000,-3484023.374321182,-2616499.500835169,-5235114.203210888,3779.054102104656,4583.985390138048,-4804.618735475708,-3465053.496462320,-2593598.791657389,-5258615.010066696,3800.782787201959,4600.295121608865,-4771.762345473137,-18969.877858863,-22900.709177779,23500.806855807,37902.330663158,-21.728685097303,-16.309731470817,-32.856390002571,42.634322566554,0.0000000000000000e+00,0.0000000000000000e+00,0.0000000000000000e+00,0.0000000000000000e+00,199.995594874473,0
QK1_STK_case_0001,51900.000000,2023-11-26T01:33:00Z,J2000,-3249566.240566486,-2335746.347604684,-5511291.486766879,4033.216771598564,4770.908915969590,-4397.835275743363,-3229335.722749970,-2311919.000071479,-5532767.730997209,4053.493526658281,4785.475346178078,-4363.231229294166,-20230.517816516,-23827.347533205,21476.244230331,37924.206093646,-20.276755059717,-14.566430208488,-34.604046449197,42.670454830347,0.0000000000000000e+00,0.0000000000000000e+00,0.0000000000000000e+00,0.0000000000000000e+00,199.995594874473,0
QK1_STK_case_0001,51960.000000,2023-11-26T01:34:00Z,J2000,-3000404.418400553,-2044423.658554010,-5762458.555644141,4269.029439378754,4936.174357338715,-3971.260521194033,-2979003.169381104,-2019776.312277473,-5781809.945108919,4287.762300102660,4948.930764222013,-3935.062205635418,-21401.249019449,-24647.346276537,19351.389464779,37947.087006587,-18.732860723907,-12.756406883298,-36.198315558615,42.707891972733,0.0000000000000000e+00,0.0000000000000000e+00,0.0000000000000000e+00,0.0000000000000000e+00,199.995594874473,0
QK1_STK_case_0001,52020.000000,2023-11-26T01:35:00Z,J2000,-2737670.619969506,-1743853.127214155,-5987485.532956884,4485.449432152134,5079.058017458823,-3526.827374421318,-2715193.859776778,-1718496.184615238,-6004621.178566895,4502.553358717977,5089.945714122827,-3489.194728039436,-22476.760192728,-25356.942598917,17135.645610011,37971.168499245,-17.103926565842,-10.887696664004,-37.632646381883,42.746956807718,0.0000000000000000e+00,0.0000000000000000e+00,0.0000000000000000e+00,0.0000000000000000e+00,199.995594874473,0
QK1_STK_case_0001,52080.000000,2023-11-26T01:36:00Z,J2000,-2462557.497474707,-1435396.870570913,-6185360.746097710,4681.521903836189,5198.936352954675,-3066.541657945039,-2439105.334936130,-1409444.011639942,-6200199.534517635,4696.919021101322,5207.904795214577,-3027.640487073388,-23452.162538577,-25952.858930971,14838.788419925,37996.637432779,-15.397117265133,-8.968442259902,-38.901170871651,42.787910346625,0.0000000000000000e+00,0.0000000000000000e+00,0.0000000000000000e+00,0.0000000000000000e+00,199.995594874473,0
QK1_STK_case_0001,52140.000000,2023-11-26T01:37:00Z,J2000,-2176312.284862403,-1120451.381596305,-6355194.852482330,4856.382844488241,5295.287283703131,-2592.473847282168,-2151989.279986611,-1094019.071885881,-6367665.778165767,4870.002692098516,5302.294177253731,-2552.475156716369,-24323.004875793,-26432.309710423,12470.925683437,38023.670919802,-13.619847610276,-7.006893550599,-39.998690565799,42.830970723708,0.0000000000000000e+00,0.0000000000000000e+00,0.0000000000000000e+00,0.0000000000000000e+00,199.995594874473,0
QK1_STK_case_0001,52200.000000,2023-11-26T01:38:00Z,J2000,-1880231.250988955,-800441.397627443,-6496224.467810045,5009.262267591935,5367.691625721444,-2106.750609246713,-1855145.963174865,-773648.390510695,-6506266.924145083,5021.042027467310,5372.703019413475,-2065.829914524007,-25085.287814090,-26793.007116748,10042.456335038,38052.435195596,-11.779759875375,-5.011393692031,-40.920694722706,42.876334568698,0.0000000000000000e+00,0.0000000000000000e+00,0.0000000000000000e+00,0.0000000000000000e+00,199.995594874473,0
QK1_STK_case_0001,52260.000000,2023-11-26T01:39:00Z,J2000,-1575653.975892034,-476813.693004705,-6607815.269103264,5139.486808465425,5415.834125425191,-1611.545834561260,-1549918.499945778,-449780.526882588,-6615379.298370729,5149.371478251758,5418.824480004956,-1569.882463621117,-25735.475946256,-27033.166122117,7564.029267464,38083.084585224,-9.884669786334,-2.990354579765,-41.663370940144,42.924181942043,0.0000000000000000e+00,0.0000000000000000e+00,0.0000000000000000e+00,0.0000000000000000e+00,199.995594874473,0
QK1_STK_case_0001,52320.000000,2023-11-26T01:40:00Z,J2000,-1263957.498887702,-151030.823877616,-6689464.567663413,5246.481435803472,5439.504078751960,-1109.072078681822,-1237686.992207821,-123879.315824539,-6694511.069688605,5254.423938870432,5440.456308944008,-1066.848522718676,-26270.506679881,-27151.508053077,5046.502025192,38115.759122235,-7.942503066960,-0.952230192048,-42.223555963147,42.974629439709,0.0000000000000000e+00,0.0000000000000000e+00,0.0000000000000000e+00,0.0000000000000000e+00,199.995594874473,0
QK1_STK_case_0001,52380.000000,2023-11-26T01:41:00Z,J2000,-946550.370682032,175435.169608869,-6740803.391029543,5329.771121661624,5438.596257634854,-601.572703815620,-919862.574381280,202582.432999052,-6743304.296002789,5335.732461886780,5437.501843146133,-558.974051419608,-26687.796300752,-27147.263390183,2500.904973246,38150.581996237,-5.961340225155,1.094414488720,-42.598652396012,43.027671402360,0.0000000000000000e+00,0.0000000000000000e+00,0.0000000000000000e+00,0.0000000000000000e+00,199.995594874473,0
QK1_STK_case_0001,52440.000000,2023-11-26T01:42:00Z,J2000,-624866.586039695,501109.132146523,-6761598.084516496,5388.983205664706,5413.112271625534,-91.313360288983,-597881.332427693,528129.313616181,-6761536.487279177,5392.932693596465,5409.971368911293,-48.526532260244,-26985.253612002,-27020.181469659,-61.597237320,38187.667032394,-3.949487931759,3.140902714241,-42.786828028739,43.083365438929,0.0000000000000000e+00,0.0000000000000000e+00,0.0000000000000000e+00,0.0000000000000000e+00,199.995594874473,0
QK1_STK_case_0001,52500.000000,2023-11-26T01:43:00Z,J2000,-300359.371717905,824519.224232179,-6751751.350051804,5423.849521618966,5363.160923248058,419.428126372507,-273198.082318228,851289.755057416,-6749121.595494148,5425.764885284896,5357.982313102743,462.215166899029,-27161.289399677,-26770.530825236,-2629.754557655,38227.118274223,-1.915363665931,5.178610145315,-42.787040526522,43.141829562828,0.0000000000000000e+00,0.0000000000000000e+00,0.0000000000000000e+00,0.0000000000000000e+00,199.995594874473,0
QK1_STK_case_0001,52560.000000,2023-11-26T01:44:00Z,J2000,25505.114979432,1144203.320315212,-6711302.672220131,5434.207278371607,5288.956915550422,928.371682100974,52719.936123494,1170602.414465075,-6706110.396668532,5434.074713868783,5281.757890434449,970.970625752472,-27214.821144062,-26399.094149863,-5192.275551599,38269.026473642,0.132564502824,7.199025115972,-42.598943651498,43.203165812141,0.0000000000000000e+00,0.0000000000000000e+00,0.0000000000000000e+00,0.0000000000000000e+00,199.995594874473,0
QK1_STK_case_0001,52620.000000,2023-11-26T01:45:00Z,J2000,351254.116832279,1458715.311996344,-6640428.192768832,5419.999330361536,5190.819253228890,1433.243482984866,378399.392623526,1484622.474405507,-6632690.326217349,5417.813547588919,5181.625545090476,1475.466290327239,-27145.275791247,-25907.162409163,-7737.866551483,38313.465526446,2.185782772615,9.193708138414,-42.222807342373,43.267393907359,0.0000000000000000e+00,0.0000000000000000e+00,0.0000000000000000e+00,0.0000000000000000e+00,199.995594874473,0
QK1_STK_case_0001,52680.000000,2023-11-26T01:46:00Z,J2000,675414.628938310,1766631.339646585,-6539440.092813425,5381.274649912964,5069.170477383240,1931.784149405796,702367.221766593,1791927.872023828,-6529184.823222721,5377.038930498961,5058.016245696915,1973.443705649131,-26952.592828283,-25296.532377243,-10255.269590703,38360.492239518,4.235719414003,11.154231686326,-41.659556243335,43.334476226880,0.0000000000000000e+00,0.0000000000000000e+00,0.0000000000000000e+00,0.0000000000000000e+00,199.995594874473,0
QK1_STK_case_0001,52740.000000,2023-11-26T01:47:00Z,J2000,996519.776825705,2066555.989072440,-6408785.452471539,5318.188586731159,4924.536063847498,2421.758056061922,1023157.003815953,2091125.494769231,-6396052.148405104,5311.914805089433,4911.463857740339,2462.668919832834,-26637.226990248,-24569.505696791,-12733.304066435,38410.148455362,6.273781641727,13.072206107158,-40.910863770912,43.404397047744,0.0000000000000000e+00,0.0000000000000000e+00,0.0000000000000000e+00,0.0000000000000000e+00,199.995594874473,0
QK1_STK_case_0001,52800.000000,2023-11-26T01:48:00Z,J2000,1313115.181527433,2357128.422482008,-6249044.532882487,5231.002104553064,4757.542689526620,2900.963010779609,1339315.328771411,2380857.306082581,-6233883.621184929,5222.710665552212,4742.603297608938,2940.942130193729,-26200.147243977,-23728.883600572,-15160.911697558,38462.460608192,8.291439000852,14.939391917681,-39.979119414121,43.477159298918,0.0000000000000000e+00,0.0000000000000000e+00,0.0000000000000000e+00,0.0000000000000000e+00,199.995594874473,0
QK1_STK_case_0001,52860.000000,2023-11-26T01:49:00Z,J2000,1623765.258654071,2637028.373631162,-6060928.515251357,5120.080557307185,4568.915624274681,3367.238372508165,1649408.090768035,2659806.329539434,-6043401.320171895,5109.800356020566,4552.167908607791,3406.105609158948,-25642.832113964,-22777.955908272,-17527.195079461,38517.433475474,10.280201286619,16.747715666890,-38.867236650784,43.552618789464,0.0000000000000000e+00,0.0000000000000000e+00,0.0000000000000000e+00,0.0000000000000000e+00,199.995594874473,0
QK1_STK_case_0001,52920.000000,2023-11-26T01:50:00Z,J2000,1927059.472830481,2904982.001094352,-5845276.800394666,4985.893746392717,4359.476933602905,3818.472030554522,1952026.746543893,2926702.497293049,-5825455.353620507,4973.662321274124,4340.987818926039,3856.050746070576,-24967.273713412,-21720.496198697,-19821.446774160,38575.049760420,12.231425118592,18.489114676866,-37.578715516054,43.630436415449,0.0000000000000000e+00,0.0000000000000000e+00,0.0000000000000000e+00,0.0000000000000000e+00,199.995594874473,0
QK1_STK_case_0001,52980.000000,2023-11-26T01:51:00Z,J2000,2221618.639812781,3159767.666841731,-5603053.839897093,4829.017031499858,4130.144419509224,4252.609589095705,2245794.626754206,3180328.427553281,-5581020.644793441,4814.880672209602,4109.988825960719,4288.727530608468,-24175.986941424,-20560.760711550,-22033.195103652,38635.280665541,14.136359290255,20.155593548505,-36.117941512763,43.710299751833,0.0000000000000000e+00,0.0000000000000000e+00,0.0000000000000000e+00,0.0000000000000000e+00,199.995594874473,0
QK1_STK_case_0001,53040.000000,2023-11-26T01:52:00Z,J2000,2506101.258741867,3400221.614538835,-5335345.319883035,4650.130818185336,3881.928998706779,4667.666368116269,2529373.268219456,3419525.092867374,-5311193.058171097,4634.144454564995,3860.189576083342,4702.156662500674,-23272.009477588,-19303.478328539,-24152.261711937,38698.093577168,15.986363620342,21.739422623437,-34.490294384406,43.792085181288,0.0000000000000000e+00,0.0000000000000000e+00,0.0000000000000000e+00,0.0000000000000000e+00,199.995594874473,0
QK1_STK_case_0001,53100.000000,2023-11-26T01:53:00Z,J2000,2779209.724217857,3625243.411990314,-5043353.618406329,4450.017136669101,3615.929565510095,5061.739011361855,2801468.613217422,3643197.241508758,-5017184.801729880,4432.244042945442,3592.696276756803,5094.440984435177,-22258.888999565,-17953.829518444,-26168.816676450,38763.450570324,17.773093723659,23.233288753292,-32.701973073322,43.875820330702,0.0000000000000000e+00,0.0000000000000000e+00,0.0000000000000000e+00,0.0000000000000000e+00,199.995594874473,0
QK1_STK_case_0001,53160.000000,2023-11-26T01:54:00Z,J2000,3039696.282860572,3833801.048413617,-4728392.657662720,4229.554950640273,3333.327009767358,5433.013877717674,3060836.947732949,3850318.470044832,-4700319.237824489,4210.066457582023,3308.696748911299,5463.773613881121,-21140.664872376,-16517.421631216,-28073.419838231,38831.299617744,19.488493058250,24.630260856058,-30.759736163447,43.961488604958,0.0000000000000000e+00,0.0000000000000000e+00,0.0000000000000000e+00,0.0000000000000000e+00,199.995594874473,0
QK1_STK_case_0001,53220.000000,2023-11-26T01:55:00Z,J2000,3286368.733918178,4024935.706259586,-4391882.332995914,3989.716593593446,3035.379591091678,5779.773174291169,3306290.588708103,4039935.976573254,-4362025.281350971,3968.591944384938,3009.455954742451,5808.444023565266,-19921.854789925,-15000.270313667,-29857.051644943,38901.567329385,21.124649208509,25.923636349227,-28.670849274096,44.048874263112,0.0000000000000000e+00,0.0000000000000000e+00,0.0000000000000000e+00,0.0000000000000000e+00,199.995594874473,0
QK1_STK_case_0001,53280.000000,2023-11-26T01:56:00Z,J2000,3518095.960654798,4197766.302591830,-4035342.559494449,3731.565517969542,2723.419688987944,6100.402078322482,3536703.409411178,4211175.090857391,-4003831.411675822,3708.891788763790,2696.312810351509,6126.845369725728,-18607.448756380,-13408.788265562,-31511.147818626,38974.160527448,22.673729205752,27.106878636435,-26.443291403246,44.137608971750,0.0000000000000000e+00,0.0000000000000000e+00,0.0000000000000000e+00,0.0000000000000000e+00,199.995594874473,0
QK1_STK_case_0001,53340.000000,2023-11-26T01:57:00Z,J2000,3733813.319391885,4351493.828489590,-3660386.822355960,3456.253398171989,2398.849917753365,6393.398107283803,3751016.220134762,4363243.600374562,-3627359.172538348,3432.125250140130,2370.676131776534,6417.484028477493,-17202.900742877,-11749.771884972,-33027.649817612,39048.976757310,24.128148031858,28.173785976831,-24.085921193689,44.227382281389,0.0000000000000000e+00,0.0000000000000000e+00,0.0000000000000000e+00,0.0000000000000000e+00,199.995594874473,0
QK1_STK_case_0001,53400.000000,2023-11-26T01:58:00Z,J2000,3932527.799312138,4485405.396680891,-3268715.143062721,3165.015424435016,2063.137257553517,6657.380647593091,3948241.908460460,4495435.772250487,-3234316.088912774,3139.534751868746,2034.018625908778,6678.989009943427,-15714.109148322,-10030.375569597,-34399.054149947,39125.906849599,25.480672566271,29.118631644739,-21.608362350337,44.317950164182,0.0000000000000000e+00,0.0000000000000000e+00,0.0000000000000000e+00,0.0000000000000000e+00,199.995594874473,0
QK1_STK_case_0001,53460.000000,2023-11-26T01:59:00Z,J2000,4113322.869654227,4598877.893611813,-2862106.521746784,2859.164837952827,1717.805973465171,6891.098887138283,4127470.265211298,4607135.975302631,-2826488.066819605,2832.440405595743,1687.869758429641,6910.119791707126,-14147.395557072,-8258.081690818,-35618.454927179,39204.834467957,26.724432357084,29.936215035530,-19.020904568842,44.409087651953,0.0000000000000000e+00,0.0000000000000000e+00,0.0000000000000000e+00,0.0000000000000000e+00,199.995594874473,0
QK1_STK_case_0001,53520.000000,2023-11-26T02:00:00Z,J2000,4275363.000263100,4691381.197444525,-2442410.942012232,2540.087504797605,1364.430310502544,7093.438631097611,4287872.483064591,4697821.866163048,-2405731.359320236,2512.234575375960,1333.808442002391,7109.773100113800,-12509.482801491,-6440.668718524,-36679.582691996,39285.635542289,27.852929421646,30.621868500152,-16.334469016189,44.500554893716,0.0000000000000000e+00,0.0000000000000000e+00,0.0000000000000000e+00,0.0000000000000000e+00,199.995594874473,0
QK1_STK_case_0001,53580.000000,2023-11-26T02:01:00Z,J2000,4417897.849324933,4762480.957996707,-2011540.974863849,2209.236129893368,1004.627172535679,7263.428925812201,4428705.320272022,4767067.136854426,-1973964.132394247,2180.376030483467,973.455699551376,7276.989543269908,-10807.470947088,-4586.178857719,-37576.842469602,39368.179469877,28.860099409901,31.171472984302,-13.560617457707,44.592111542231,0.0000000000000000e+00,0.0000000000000000e+00,0.0000000000000000e+00,0.0000000000000000e+00,199.995594874473,0
QK1_STK_case_0001,53640.000000,2023-11-26T02:02:00Z,J2000,4540266.074634355,4811840.928700265,-1571462.990267818,1868.123436543391,640.048456548402,7400.248421804157,4549314.883109436,4814543.812497512,-1533157.638704861,1838.383027781996,608.466949114816,7410.959942470496,-9048.808475082,-2702.883797248,-38305.351562957,39452.331667493,29.740408761395,31.581507433586,-10.711520666338,44.683556260194,0.0000000000000000e+00,0.0000000000000000e+00,0.0000000000000000e+00,0.0000000000000000e+00,199.995594874473,0
QK1_STK_case_0001,53700.000000,2023-11-26T02:03:00Z,J2000,4641898.706719781,4839224.823652579,-1124188.015033197,1518.314477799206,272.372898129647,7503.230674642998,4649139.965213246,4840024.071018956,-1085327.041700956,1487.825568909135,240.523803968131,7511.030532388269,-7241.258493465,-799.247366376,-38860.973332241,39537.954793477,30.488908890071,31.849094161516,-7.799857745272,44.774726633030,0.0000000000000000e+00,0.0000000000000000e+00,0.0000000000000000e+00,0.0000000000000000e+00,199.995594874473,0
QK1_STK_case_0001,53760.000000,2023-11-26T02:04:00Z,J2000,4722322.053702489,4844497.676406066,-671762.314246920,1161.418835941431,-96.702329315005,7571.868077287103,4727714.917156324,4843381.562595643,-632521.969544026,1130.317608517935,-128.674347010743,7576.706797462602,-5392.863453835,1116.113810423,-39240.344702894,39624.908058839,31.101227423495,31.972017695737,-4.838720175499,44.865459718154,0.0000000000000000e+00,0.0000000000000000e+00,0.0000000000000000e+00,0.0000000000000000e+00,199.995594874473,0
QK1_STK_case_0001,53820.000000,2023-11-26T02:05:00Z,J2000,4781160.143005862,4827626.694359435,-216257.767047843,799.082956047557,-465.469987739547,7605.814899520477,4784672.053935302,4824592.224446795,-176816.867519386,767.509374905164,-497.418708148432,7607.656484347968,-3511.910929441,3034.469912640,-39440.899528457,39713.046743367,31.573581142393,31.948720408885,-1.841584827491,44.955569138842,0.0000000000000000e+00,0.0000000000000000e+00,0.0000000000000000e+00,0.0000000000000000e+00,199.995594874473,0
QK1_STK_case_0001,53880.000000,2023-11-26T02:06:00Z,J2000,4818136.695870060,4788681.613510916,240237.926455773,432.982122383715,-832.221090283007,7604.889914772714,4819743.591925264,4783734.595703352,279698.817921202,401.079277651388,-863.999416194802,7603.712207395758,-1606.896055204,4947.017807563,-39460.891465429,39802.224251503,31.902844732327,31.778325911795,1.177707376956,45.044872010440,0.0000000000000000e+00,0.0000000000000000e+00,0.0000000000000000e+00,0.0000000000000000e+00,199.995594874473,0
QK1_STK_case_0001,53940.000000,2023-11-26T02:07:00Z,J2000,4833076.599502202,4727834.547790231,695631.181619288,64.811743949276,-1195.253514980398,7569.078462004623,4832763.079456940,4720989.623848124,734930.595657735,32.725128164037,-1226.714219796486,7564.873439828902,313.520045262,6844.923942107,-39299.414038447,39892.295275621,32.086615785238,31.460704816088,4.205022175721,45.133236883397,0.0000000000000000e+00,0.0000000000000000e+00,0.0000000000000000e+00,0.0000000000000000e+00,199.995594874473,0
QK1_STK_case_0001,54000.000000,2023-11-26T02:08:00Z,J2000,4825906.840273646,4645359.302464315,1147832.555678576,-303.721818724897,-1552.881262065623,7498.533250619348,4823666.285781948,4636639.931691144,1186788.969906572,-335.845062138270,-1583.877790801878,7491.307186203402,2240.554491697,8719.370773171,-38956.414227996,39983.117945121,32.123243413373,30.996528736255,7.226064415947,45.220609991857,0.0000000000000000e+00,0.0000000000000000e+00,0.0000000000000000e+00,0.0000000000000000e+00,199.995594874473,0
QK1_STK_case_0001,54060.000000,2023-11-26T02:09:00Z,J2000,4796656.887247395,4541630.119554567,1594766.767293559,-670.910302573791,-1903.444004749824,7393.573272621169,4792491.539770924,4531068.514098212,1633199.464951945,-702.922109215155,-1933.831285502296,7383.346733608510,4165.347476471,10561.605456355,-38432.697658386,40074.554005208,32.011806641364,30.387280752472,10.226539012660,45.307004934680,0.0000000000000000e+00,0.0000000000000000e+00,0.0000000000000000e+00,0.0000000000000000e+00,199.995594874473,0
QK1_STK_case_0001,54120.000000,2023-11-26T02:10:00Z,J2000,4745458.549296037,4417119.866509411,2034382.597297255,-1035.052003498277,-2245.315919685449,7254.681084123356,4739379.544526446,4404756.879866770,2072112.522011986,-1066.804072251580,-2274.951086531589,7241.488825238112,6079.004769592,12362.986642641,-37729.924714731,40166.465573836,31.752068753303,29.635166846139,13.192258885244,45.392429749996,0.0000000000000000e+00,0.0000000000000000e+00,0.0000000000000000e+00,0.0000000000000000e+00,199.995594874473,0
QK1_STK_case_0001,54180.000000,2023-11-26T02:11:00Z,J2000,4672545.340212394,4272397.733089172,2464662.606861428,-1394.459792522402,-2576.913274822057,7082.499623885285,4664572.702159278,4258282.708796671,2501513.210790040,-1425.804263343384,-2605.656291114079,7066.390506210794,7972.638053116,14115.024292501,-36850.603928612,40258.711829954,31.344470820982,28.743016292022,16.109117674491,45.476812870532,0.0000000000000000e+00,0.0000000000000000e+00,0.0000000000000000e+00,0.0000000000000000e+00,199.995594874473,0
QK1_STK_case_0001,54240.000000,2023-11-26T02:12:00Z,J2000,4578251.360769983,4108126.494094945,2883632.671539940,-1747.469303918743,-2896.701493007851,6877.829276391047,4568413.953366988,4092317.076683502,2919430.760588487,-1778.259511564538,-2924.415826724923,6858.866215191277,9837.407402994,15809.417411443,-35798.089048547,40351.151691487,30.790207645795,27.714333717072,18.963061199770,45.560057839281,0.0000000000000000e+00,0.0000000000000000e+00,0.0000000000000000e+00,0.0000000000000000e+00,199.995594874473,0
QK1_STK_case_0001,54300.000000,2023-11-26T02:13:00Z,J2000,4463009.673342789,3925059.335998685,3289371.330977300,-2092.447682160841,-3203.202770377716,6641.624442465300,4451345.104155042,3907621.237412260,3323947.902944270,-2122.538965463892,-3229.756162411205,6619.884186580048,11664.569187747,17438.098586425,-34576.571966970,40443.649509319,30.091283303050,26.553392033488,21.740255885251,45.642159077598,0.0000000000000000e+00,0.0000000000000000e+00,0.0000000000000000e+00,0.0000000000000000e+00,199.995594874473,0
QK1_STK_case_0001,54360.000000,2023-11-26T02:14:00Z,J2000,4327350.144614788,3724036.208642791,3680018.881884836,-2427.802386637316,-3495.004097818226,6374.988194607035,4313904.621669206,3705042.930158378,3713209.944541604,-2457.052844042229,-3520.269268831518,6350.560934802379,13445.522945582,18993.278484413,-33191.062656768,40536.074737845,29.250457404913,25.265171013292,24.427259804656,45.723179529552,0.0000000000000000e+00,0.0000000000000000e+00,0.0000000000000000e+00,0.0000000000000000e+00,199.995594874473,0
QK1_STK_case_0001,54420.000000,2023-11-26T02:15:00Z,J2000,4171896.784261717,3505979.719423522,4053786.088773007,-2751.989062257908,-3770.764248137259,6079.165139688761,4156724.929418200,3485512.233938300,4085433.453202149,-2780.260251091894,-3794.619531765321,6052.154039704669,15171.854843516,20467.485485222,-31647.364429143,40628.300687962,28.271188833986,23.855283628062,27.011099984091,45.803211649542,0.0000000000000000e+00,0.0000000000000000e+00,0.0000000000000000e+00,0.0000000000000000e+00,199.995594874473,0
QK1_STK_case_0001,54480.000000,2023-11-26T02:16:00Z,J2000,3997364.645354406,3271890.656078523,4408962.454561568,-3063.518378091410,-4029.219279387724,5755.534131732053,3980529.267236598,3250037.054419059,4438914.498547364,-3090.675947138459,-4051.549153600084,5726.054841301487,16835.378117808,21853.601659464,-29952.043985796,40720.201384413,27.157569047049,22.329874212360,29.479290430566,45.882299453872,0.0000000000000000e+00,0.0000000000000000e+00,0.0000000000000000e+00,0.0000000000000000e+00,199.995594874473,0
QK1_STK_case_0001,54540.000000,2023-11-26T02:17:00Z,J2000,3804556.326599808,3022843.198532363,4743924.072990519,-3360.962587180652,-4269.187610218980,5405.601568605711,3786128.156093823,2999698.305185471,4772036.477164740,-3386.876926620925,-4289.883241323237,5373.781796598928,18428.170505985,23144.893346892,-28112.404174221,40811.650599938,25.914339440273,20.695631104257,31.819772006783,45.960418035445,0.0000000000000000e+00,0.0000000000000000e+00,0.0000000000000000e+00,0.0000000000000000e+00,199.995594874473,0
QK1_STK_case_0001,54600.000000,2023-11-26T02:18:00Z,J2000,3594358.075228830,2759979.811829945,5057141.074383565,-3642.962281501196,-4489.575621997208,5030.994318121367,3574415.460332116,2735644.765024106,5083277.530543085,-3667.509213325915,-4508.535497120569,4996.973283771182,19942.614896714,24335.046805838,-26136.456159520,40902.527214581,24.546931824718,18.959875123361,34.021034350185,46.037587957638,0.0000000000000000e+00,0.0000000000000000e+00,0.0000000000000000e+00,0.0000000000000000e+00,199.995594874473,0
QK1_STK_case_0001,54660.000000,2023-11-26T02:19:00Z,J2000,3367735.486883275,2484505.794971450,5347184.604282429,-3908.232965076017,-4689.383361667893,4633.451117461195,3346364.047106457,2459087.589113500,5371217.484635799,-3931.294380829526,-4706.513871920848,4597.378812290584,21371.439776819,25418.205857950,-24032.880353370,40992.718441825,23.061415753509,17.130510252954,36.072305170611,46.113929331651,0.0000000000000000e+00,0.0000000000000000e+00,0.0000000000000000e+00,0.0000000000000000e+00,199.995594874473,0
QK1_STK_case_0001,54720.000000,2023-11-26T02:20:00Z,J2000,3125728.833311333,2197683.514866758,5612733.241775513,-4155.570804381578,-4867.709160718042,4214.812639430240,3103021.078525398,2171294.512388792,5634544.221176417,-4177.035221332413,-4882.925039935378,4176.849030642990,22707.754785935,26389.002477966,-21810.979400904,41082.117784103,21.464416950835,15.215879217336,37.963608787249,46.189606704833,0.0000000000000000e+00,0.0000000000000000e+00,0.0000000000000000e+00,0.0000000000000000e+00,199.995594874473,0
QK1_STK_case_0001,54780.000000,2023-11-26T02:21:00Z,J2000,2869448.074502964,1900826.409166376,5852578.811027402,-4383.857425321919,-5023.752742264246,3777.011402928764,2845502.991965708,1873583.829368084,5872059.442037376,-4403.620491964867,-5036.977420485955,3737.325650497160,23945.082537256,27242.579798292,-19480.631009973,41170.622005612,19.763066642948,13.224678221708,39.685752431605,46.264779943970,0.0000000000000000e+00,0.0000000000000000e+00,0.0000000000000000e+00,0.0000000000000000e+00,199.995594874473,0
QK1_STK_case_0001,54840.000000,2023-11-26T02:22:00Z,J2000,2600067.604864598,1595292.833028180,6065631.601814695,-4592.064023106762,-5156.817487390796,3322.062181265159,2574990.217883281,1567318.220495787,6082683.842839899,-4610.028959780901,-5167.983407780320,3280.831858656623,25077.386981317,27974.612532393,-17052.241025205,41258.128994538,17.964936674140,11.165920389525,41.230322608536,46.339575205811,0.0000000000000000e+00,0.0000000000000000e+00,0.0000000000000000e+00,0.0000000000000000e+00,199.995594874473,0
QK1_STK_case_0001,54900.000000,2023-11-26T02:23:00Z,J2000,2318820.770725279,1282479.777050074,6250925.025529764,-4779.254879545140,-5266.312501477038,2852.052725606731,2292721.671869775,1253898.451982470,6265461.722919419,-4795.332894500041,-5275.361415177384,2809.463061458886,26099.098855504,28581.325067604,-14536.697389655,41344.536213239,16.078014954901,9.048913700345,42.589664147845,46.414059252263,0.0000000000000000e+00,0.0000000000000000e+00,0.0000000000000000e+00,0.0000000000000000e+00,199.995594874473,0
QK1_STK_case_0001,54960.000000,2023-11-26T02:24:00Z,J2000,2026994.189507941,963816.466298238,6407619.720737148,-4944.590545802745,-5351.754482477567,2369.134691674000,1999989.049006632,934756.957428294,6419565.044659531,-4958.701238175286,-5358.637731685219,2325.377787376445,27005.140501309,29059.508869944,-11945.323922383,41429.740922053,14.110692372540,6.883249207652,43.756904297554,46.488250478938,0.0000000000000000e+00,0.0000000000000000e+00,0.0000000000000000e+00,0.0000000000000000e+00,199.995594874473,0
QK1_STK_case_0001,55020.000000,2023-11-26T02:25:00Z,J2000,1725921.874238654,640757.856879945,6535007.116247301,-5087.331204251861,-5412.769253980684,1875.514553649574,1698130.924141997,611351.318576498,6544296.949037685,-5099.402992739771,-5417.448012281425,1830.788576777441,27790.950096658,29406.538303447,-9289.832790384,41513.641077847,12.071788487911,4.678758300741,44.725976872133,46.562129071813,0.0000000000000000e+00,0.0000000000000000e+00,0.0000000000000000e+00,0.0000000000000000e+00,199.995594874473,0
QK1_STK_case_0001,55080.000000,2023-11-26T02:26:00Z,J2000,1416979.149329104,314778.052442762,6632512.435778297,-5206.840186843333,-5449.092895042545,1373.444006605979,1388526.640883186,285157.668485883,6639094.709780185,-5216.810748788652,-5451.538372548934,1327.952293045373,28452.508445919,29620.383956880,-6582.274001887,41596.138206016,9.970561945319,2.445477506388,45.491713560605,46.635699506064,0.0000000000000000e+00,0.0000000000000000e+00,0.0000000000000000e+00,0.0000000000000000e+00,199.995594874473,0
QK1_STK_case_0001,55140.000000,2023-11-26T02:27:00Z,J2000,1101576.369702508,-12636.334804523,6699697.104615081,-5302.586861272078,-5460.572461802564,865.209647737480,1072590.007377386,-42335.958471845,6703532.082846130,-5310.403445170882,-5460.766065725209,819.159719921408,28986.362325121,29699.623667322,-3834.978231049,41677.138875604,7.816583898805,0.193603922645,46.049927816072,46.709017525435,0.0000000000000000e+00,0.0000000000000000e+00,0.0000000000000000e+00,0.0000000000000000e+00,199.995594874473,0
QK1_STK_case_0001,55200.000000,2023-11-26T02:28:00Z,J2000,781152.504977935,-339992.854606445,6736260.527891896,-5374.148189048360,-5447.166322333609,353.122490610090,751762.866493247,-369636.305556988,6737321.026452533,-5379.767802045594,-5445.099783256931,306.725115052668,29389.638484688,29643.450950543,-1060.498560638,41756.552679969,5.619612997235,-2.066539076678,46.397375557421,46.782123643658,0.0000000000000000e+00,0.0000000000000000e+00,0.0000000000000000e+00,0.0000000000000000e+00,199.995594874473,0
QK1_STK_case_0001,55260.000000,2023-11-26T02:29:00Z,J2000,457168.661973227,-665799.899271692,6742041.255180782,-5421.209404339077,-5408.944174510028,-160.491909808022,427508.607115976,-695251.581224535,6740312.810948676,-5424.599005473039,-5404.619643006561,-207.023631495360,29660.054857251,29451.681952843,1728.444232105,41834.291477806,3.389601133962,-4.324531503467,46.531721687338,46.855011383626,0.0000000000000000e+00,0.0000000000000000e+00,0.0000000000000000e+00,0.0000000000000000e+00,199.995594874473,0
QK1_STK_case_0001,55320.000000,2023-11-26T02:30:00Z,J2000,131101.563913977,-988573.375638492,6717017.570183294,-5443.564926863228,-5346.086700856929,-673.302888920512,101305.631182543,-1017698.135006301,6712498.552996088,-5444.701631155165,-5339.516785027536,-719.754447425476,29795.932731433,29124.759367809,4519.017187206,41910.270005181,1.136704291937,-6.569915829393,46.451558504964,46.927637679652,0.0000000000000000e+00,0.0000000000000000e+00,0.0000000000000000e+00,0.0000000000000000e+00,199.995594874473,0
QK1_STK_case_0001,55380.000000,2023-11-26T02:31:00Z,J2000,-195563.037440044,-1306843.338335599,6661307.507520762,-5441.119563198297,-5258.884589094873,-1182.984409272182,-225359.246132132,-1335507.091258948,6654009.175865477,-5439.990843316810,-5250.092329172355,-1229.140859531295,29796.208692088,28663.752923349,7298.331655285,41984.406974778,-1.128719881487,-8.792259922519,46.156450259113,46.999954719531,0.0000000000000000e+00,0.0000000000000000e+00,0.0000000000000000e+00,0.0000000000000000e+00,199.995594874473,0
QK1_STK_case_0001,55440.000000,2023-11-26T02:32:00Z,J2000,-521337.009145472,-1619160.543998510,6575168.272954907,-5413.889164850164,-5147.736908617973,-1687.225159438133,-550997.454247883,-1647230.899787575,6565114.769712713,-5410.492960523817,-5136.755684103571,-1732.872132550177,29660.445102411,28070.355789066,10053.503242195,42056.626175178,-3.396204326347,-10.981224514402,45.646973112043,47.071941217179,0.0000000000000000e+00,0.0000000000000000e+00,0.0000000000000000e+00,0.0000000000000000e+00,199.995594874473,0
QK1_STK_case_0001,55500.000000,2023-11-26T02:33:00Z,J2000,-844736.494305337,-1924102.897320331,6458995.060243701,-5362.000284778802,-5013.149212802237,-2183.738454366029,-874125.326998197,-1951449.775962208,6446223.349106766,-5356.345020825246,-5000.022653624490,-2228.663117164664,29388.832692860,27346.878641877,12771.711136934,42126.854426455,-5.655263953555,-13.126559177747,44.924662798635,47.143545621881,0.0000000000000000e+00,0.0000000000000000e+00,0.0000000000000000e+00,0.0000000000000000e+00,199.995594874473,0
QK1_STK_case_0001,55560.000000,2023-11-26T02:34:00Z,J2000,-1164288.530120409,-2220281.784409760,6313319.288196708,-5285.689383066746,-4855.731677462410,-2670.271713661519,-1193270.722118132,-2246778.028536774,6297879.032653082,-5277.793988104793,-4840.513549863113,-2714.263737316724,28982.191997723,26496.244127014,15440.255543625,42195.022183709,-7.895394961952,-15.218127599296,43.992023655205,47.214688546191,0.0000000000000000e+00,0.0000000000000000e+00,0.0000000000000000e+00,0.0000000000000000e+00,199.995594874473,0
QK1_STK_case_0001,55620.000000,2023-11-26T02:35:00Z,J2000,-1478537.619834427,-2506348.287137839,6138806.270401359,-5185.302065411533,-4676.196887086662,-3144.615954877182,-1506979.593681450,-2531870.264984796,6120759.653904590,-5175.195965212299,-4658.950907705230,-3187.468497948377,28441.973847024,25521.977846958,18046.616496768,42261.064782099,-10.106100199233,-17.245979381432,42.852543071195,47.285277980894,0.0000000000000000e+00,0.0000000000000000e+00,0.0000000000000000e+00,0.0000000000000000e+00,199.995594874473,0
QK1_STK_case_0001,55680.000000,2023-11-26T02:36:00Z,J2000,-1786052.252779192,-2780999.243112291,5936252.313139723,-5061.292038950523,-4475.356914526960,-3604.615296851036,-1813822.510101942,-2805427.438326261,5915673.800794720,-5049.015096570380,-4456.156505480853,-3646.125971417009,27770.257322750,24428.195213970,20578.512345003,42324.922723108,-12.276942380144,-19.200409046108,41.510674565973,47.355201664288,0.0000000000000000e+00,0.0000000000000000e+00,0.0000000000000000e+00,0.0000000000000000e+00,199.995594874473,0
QK1_STK_case_0001,55740.000000,2023-11-26T02:37:00Z,J2000,-2085431.344294370,-3042983.116642320,5706581.252396503,-4914.219482822467,-4254.120031431318,-4048.176129552045,-2112401.088828946,-3066202.702834746,5683557.295366182,-4899.821882182587,-4233.048056840755,-4088.147946797808,26969.744534576,23219.586192426,23023.957030321,42386.541502484,-14.397600639881,-21.071974590564,39.971817245764,47.424310129507,0.0000000000000000e+00,0.0000000000000000e+00,0.0000000000000000e+00,0.0000000000000000e+00,199.995594874473,0
QK1_STK_case_0001,55800.000000,2023-11-26T02:38:00Z,J2000,-2375310.564011941,-3291105.674073658,5450840.449178508,-4744.749000123690,-4013.487500195565,-4473.276066323282,-2401354.316341111,-3313007.073251445,5425469.132226910,-4728.291089308910,-3990.635994779850,-4511.518386319715,26043.752329169,21901.399177787,25371.316951598,42445.871945177,-16.457910814780,-22.851505415715,38.242319996433,47.492411676617,0.0000000000000000e+00,0.0000000000000000e+00,0.0000000000000000e+00,0.0000000000000000e+00,199.995594874473,0
QK1_STK_case_0001,55860.000000,2023-11-26T02:39:00Z,J2000,-2654368.535053010,-3524235.464005627,5170196.240368205,-4553.647375796677,-3754.550181193325,-4877.973215429645,-2679364.737044991,-3544714.887465106,5142586.871549542,-4535.199484969758,-3730.020028312597,-4914.302740754742,24996.201991980,20479.423459479,27609.368818664,42502.872206729,-18.447890826920,-24.530152880728,36.329525325096,47.559304942993,0.0000000000000000e+00,0.0000000000000000e+00,0.0000000000000000e+00,0.0000000000000000e+00,199.995594874473,0
QK1_STK_case_0001,55920.000000,2023-11-26T02:40:00Z,J2000,-2921332.888425997,-3741309.069092758,4865928.820282558,-4341.780923152496,-3478.484186895196,-5260.415835181301,-2945164.495279056,-3760269.035643663,4836201.459564823,-4321.423112323320,-3452.384657476659,-5294.657630051268,23831.606853059,18959.966550905,29727.360717736,42557.511582006,-20.357810829175,-26.099529418538,34.241794869967,47.624850798113,0.0000000000000000e+00,0.0000000000000000e+00,0.0000000000000000e+00,0.0000000000000000e+00,199.995594874473,0
QK1_STK_case_0001,55980.000000,2023-11-26T02:41:00Z,J2000,-3174986.136039618,-3941336.061952464,4539426.549993354,-4110.112051633420,-3186.545440199733,-5618.851554011909,-3197541.189971666,-3958685.884792571,4507711.479760888,-4087.933770072323,-3158.993661873039,-5650.839947409009,22555.053932048,17349.822840108,31715.070232465,42609.769892724,-22.178281561097,-27.551778326694,31.988393397101,47.688929261352,0.0000000000000000e+00,0.0000000000000000e+00,0.0000000000000000e+00,0.0000000000000000e+00,199.995594874473,0
QK1_STK_case_0001,56040.000000,2023-11-26T02:42:00Z,J2000,-3414171.317756493,-4123403.623007873,4192179.743360311,-3859.695265034706,-2880.064037732071,-5951.635649734390,-3435343.500502190,-4139059.865970776,4158616.886966267,-3835.794983662057,-2851.184484397538,-5981.215093963157,21172.182745697,15656.242962904,33562.856394044,42659.636604850,-23.900281372648,-28.879553334533,29.579444228766,47.751393397225,0.0000000000000000e+00,0.0000000000000000e+00,0.0000000000000000e+00,0.0000000000000000e+00,199.995594874473,0
QK1_STK_case_0001,56100.000000,2023-11-26T02:43:00Z,J2000,-3637797.400477815,-4286680.826907526,3825773.967267976,-3591.672878992940,-2560.438749192054,-6257.239116610619,-3657486.562443865,-4300567.729220147,3790512.255364996,-3566.157670773691,-2530.362692915762,-6284.265060751957,19689.161966050,13886.902312622,35261.711902980,42707.112769355,-25.515208219248,-30.076056276291,27.025944141338,47.812097510326,0.0000000000000000e+00,0.0000000000000000e+00,0.0000000000000000e+00,0.0000000000000000e+00,199.995594874473,0
QK1_STK_case_0001,56160.000000,2023-11-26T02:44:00Z,J2000,-3844844.404511848,-4430422.585645347,3441882.850574982,-3307.270126947579,-2229.130949216842,-6534.256919846103,-3862957.066002185,-4442472.451011608,3405079.535464325,-3280.255156434785,-2197.995821860282,-6558.596659615984,18112.661490337,12049.865366262,36803.315110657,42752.213565416,-27.014970512794,-31.135127356559,24.339739769881,47.870948594965,0.0000000000000000e+00,0.0000000000000000e+00,0.0000000000000000e+00,0.0000000000000000e+00,199.995594874473,0
QK1_STK_case_0001,56220.000000,2023-11-26T02:45:00Z,J2000,-4034368.206662925,-4553973.196573703,3042260.409723685,-3007.789267203470,-1887.657534107657,-6781.415679136604,-4050818.025682122,-4564126.741538805,3004080.331657595,-2979.397188493508,-1855.606209051047,-6802.949101494942,16449.819019197,10153.544965102,38180.078066090,42794.969123197,-28.392078709962,-32.051325056609,21.533422358338,47.927923487459,0.0000000000000000e+00,0.0000000000000000e+00,0.0000000000000000e+00,0.0000000000000000e+00,199.995594874473,0
QK1_STK_case_0001,56280.000000,2023-11-26T02:46:00Z,J2000,-4205504.965576036,-4656769.448244790,2628732.955941838,-2694.602988028066,-1537.583409526839,-6997.579850703209,-4220213.168081975,-4664976.106808681,2589347.769065349,-2664.963301869237,-1504.763472096129,-7016.200026435440,14708.202505939,8206.658563891,39385.186876489,42835.422386571,-29.639686158829,-32.819937430710,18.620175732232,47.983020255595,0.0000000000000000e+00,0.0000000000000000e+00,0.0000000000000000e+00,0.0000000000000000e+00,199.995594874473,0
QK1_STK_case_0001,56340.000000,2023-11-26T02:47:00Z,J2000,-4357475.150692341,-4738343.284718217,2203190.673639146,-2369.147913006238,-1180.514372982788,-7181.756637237763,-4370370.922495629,-4744561.470112285,2162778.039810323,-2338.396353527408,-1147.077443557165,-7197.370318644816,12895.771803287,6218.185394067,40412.633828823,42873.625143904,-30.751559478829,-33.436929425623,15.613681407053,48.036170818197,0.0000000000000000e+00,0.0000000000000000e+00,0.0000000000000000e+00,0.0000000000000000e+00,199.995594874473,0
QK1_STK_case_0001,56400.000000,2023-11-26T02:48:00Z,J2000,-4489587.194560251,-4798324.052587986,1767578.914336259,-2032.918531158919,-818.090195136028,-7333.100767048697,-4500608.038008078,-4802521.379095403,1726321.666422250,-2001.196479415218,-784.191219677948,-7345.628933404785,11020.843447827,4197.326507417,41257.247914009,42909.638142839,-31.722051743702,-33.898975458080,12.528166356088,48.087254612666,0.0000000000000000e+00,0.0000000000000000e+00,0.0000000000000000e+00,0.0000000000000000e+00,199.995594874473,0
QK1_STK_case_0001,56460.000000,2023-11-26T02:49:00Z,J2000,-4601240.779866480,-4836440.313254386,1323889.193690968,-1687.460903080145,-451.976861746346,-7450.919524276685,-4610332.833085164,-4838593.770910419,1281974.466017733,-1654.914714830481,-417.773276058216,-7460.297882681810,9092.053218685,2153.457656032,41914.727673235,42943.535107501,-32.546188249664,-34.203585688130,9.378358405126,48.136194800616,0.0000000000000000e+00,0.0000000000000000e+00,0.0000000000000000e+00,0.0000000000000000e+00,199.995594874473,0
QK1_STK_case_0001,56520.000000,2023-11-26T02:50:00Z,J2000,-4691929.721560936,-4852521.158287392,874149.903498716,-1334.365417333392,-83.857945324738,-7534.677006341643,-4699048.034457237,-4852617.236679948,831768.236673536,-1301.145666368035,-49.508833360029,-7540.856359128860,7118.312896299,96.078392557,42381.666825180,42975.403342234,-33.219750965356,-34.349111964710,6.179352787218,48.182961177509,0.0000000000000000e+00,0.0000000000000000e+00,0.0000000000000000e+00,0.0000000000000000e+00,199.995594874473,0
QK1_STK_case_0001,56580.000000,2023-11-26T02:51:00Z,J2000,-4761244.387296855,-4846497.009965255,420416.809987362,-975.258729160453,284.573753672146,-7583.997029175401,-4766353.150660171,-4844531.773637474,377761.236822009,-941.519401246730,318.908439628538,-7586.943543021343,5108.763363316,-1965.236327781,42655.573165353,43005.343144674,-33.739327913722,-34.334685956391,2.946513845941,48.227532091514,0.0000000000000000e+00,0.0000000000000000e+00,0.0000000000000000e+00,0.0000000000000000e+00,199.995594874473,0
QK1_STK_case_0001,56640.000000,2023-11-26T02:52:00Z,J2000,-4808873.623318786,-4818399.944453774,-35236.594719579,-611.795404235345,651.623821513123,-7598.665251363806,-4811946.348823797,-4814379.062387219,-77971.478076954,-577.693069287265,685.784016859995,-7598.360680023823,3072.725505011,-4020.882066556,42734.883357375,43033.468256588,-34.102334948080,-34.160195346872,-0.304571339983,48.269876307576,0.0000000000000000e+00,0.0000000000000000e+00,0.0000000000000000e+00,0.0000000000000000e+00,199.995594874473,0
QK1_STK_case_0001,56700.000000,2023-11-26T02:53:00Z,J2000,-4834606.176390870,-4768363.557903467,-490728.862778856,-245.649465024445,1015.604080412351,-7578.631113979231,-4835625.826219263,-4762302.285498356,-533347.837616749,-211.342428895012,1049.430444619171,-7575.072972910902,1019.649828393,-6061.272405111,42618.974837893,43059.908559755,-34.307036129433,-33.826364206820,-3.558141068329,48.309999081979,0.0000000000000000e+00,0.0000000000000000e+00,0.0000000000000000e+00,0.0000000000000000e+00,199.995594874473,0
QK1_STK_case_0001,56760.000000,2023-11-26T02:54:00Z,J2000,-4838331.599782498,-4696622.321490896,-943980.458992653,121.494395075165,1374.841880037435,-7524.008977208376,-4837290.664654510,-4688545.428887018,-986288.631728620,155.846972781738,1408.176779196670,-7517.210581013063,-1040.935127988,-8076.892603878,42308.172735967,43084.814265953,-34.352577706573,-33.334899159235,-6.798396195313,48.348043268275,0.0000000000000000e+00,0.0000000000000000e+00,0.0000000000000000e+00,0.0000000000000000e+00,199.995594874473,0
QK1_STK_case_0001,56820.000000,2023-11-26T02:55:00Z,J2000,-4820040.619360668,-4603510.340333690,-1392923.636978923,487.949990092357,1727.690466140064,-7435.077022775527,-4816941.142541556,-4593451.978763076,-1434727.381654969,522.189002085165,1760.378989084699,-7425.067231826813,-3099.476819112,-10058.361570615,41803.744676046,43108.357228935,-34.239011992809,-32.688522944635,-10.009790948716,48.384350666126,0.0000000000000000e+00,0.0000000000000000e+00,0.0000000000000000e+00,0.0000000000000000e+00,199.995594874473,0
QK1_STK_case_0001,56880.000000,2023-11-26T02:56:00Z,J2000,-4779824.950697694,-4489459.506502149,-1835512.166076702,852.038620333932,2072.538427034539,-7312.273448207022,-4774678.499181395,-4477463.019606395,-1876620.042837499,886.005833126882,2104.429161999782,-7299.096194779518,-5146.451516298,-11996.486895754,41107.876760797,43130.722145943,-33.967212792950,-31.890734965243,-13.177253427505,48.419319795280,0.0000000000000000e+00,0.0000000000000000e+00,0.0000000000000000e+00,0.0000000000000000e+00,199.995594874473,0
QK1_STK_case_0001,56940.000000,2023-11-26T02:57:00Z,J2000,-4717876.604372375,-4354997.155178738,-2269730.781475618,1212.097027451578,2407.816677301774,-7156.191430804321,-4710704.195574756,-4341114.852446492,-2309954.427462628,1245.635777325591,2438.762278529083,-7139.905301026070,-7172.408797619,-13882.302732246,40223.645987010,43152.096977994,-33.538749874013,-30.945601227308,-16.286129778252,48.453235202464,0.0000000000000000e+00,0.0000000000000000e+00,0.0000000000000000e+00,0.0000000000000000e+00,199.995594874473,0
QK1_STK_case_0001,57000.000000,2023-11-26T02:58:00Z,J2000,-4634486.749739492,-4200743.364021140,-2693604.351795155,1566.484290253788,2732.003763278739,-6967.575044689023,-4625318.736893360,-4185036.259867794,-2732759.351208459,1599.440164316187,2761.861502748545,-6948.252948094097,-9168.012846133,-15707.104153346,39154.999413304,43172.671442554,-32.955874062399,-29.857739469806,-19.322096594927,48.486262572889,0.0000000000000000e+00,0.0000000000000000e+00,0.0000000000000000e+00,0.0000000000000000e+00,199.995594874473,0
QK1_STK_case_0001,57060.000000,2023-11-26T02:59:00Z,J2000,-4530044.169318172,-4027407.926197657,-3105206.844961891,1913.588803313001,3043.631745118673,-6747.316391070402,-4518920.085231523,-4009945.445092953,-3143113.578508845,1945.810346749976,3072.264126176839,-6725.045264104298,-11124.084086649,-17462.481104703,37906.733546954,43192.637582101,-32.221543436975,-28.632381058165,-22.271126966105,48.518493410876,0.0000000000000000e+00,0.0000000000000000e+00,0.0000000000000000e+00,0.0000000000000000e+00,199.995594874473,0
QK1_STK_case_0001,57120.000000,2023-11-26T03:00:00Z,J2000,-4405033.264565042,-3835786.923028990,-3502670.110968714,2251.836289230394,3341.293600474408,-6496.451962736259,-4392001.620622349,-3816646.563523967,-3539154.585906360,2283.175816450884,3368.569120661699,-6471.332323542698,-13031.643942693,-19140.359505023,36484.474937646,43212.197552385,-31.339527220490,-27.275520187291,-25.119639193561,48.550141514787,0.0000000000000000e+00,0.0000000000000000e+00,0.0000000000000000e+00,0.0000000000000000e+00,199.995594874473,0
QK1_STK_case_0001,57180.000000,2023-11-26T03:01:00Z,J2000,-4260031.560280801,-3626758.836610808,-3884192.370177712,2579.698269590675,3623.650817894073,-6216.156330665342,-4245149.595821858,-3606025.790092096,-3919087.014254472,2610.012657243615,3649.444645228137,-6188.301521199800,-14881.964458942,-20733.046518712,34894.644076760,43231.565659227,-30.314387652940,-25.793827334064,-27.854809465541,48.581622427353,0.0000000000000000e+00,0.0000000000000000e+00,0.0000000000000000e+00,0.0000000000000000e+00,199.995594874473,0
QK1_STK_case_0001,57240.000000,2023-11-26T03:02:00Z,J2000,-4095706.729597786,-3401280.253075905,-4248046.249535958,2895.699318984214,3889.439225531698,-5907.733686501422,-4079040.119224422,-3379046.989446564,-4281190.653998944,2924.850582696377,3913.633617838545,-5877.269013569932,-16666.610373364,-22233.263629340,33144.404462986,43250.959066306,-29.151263712163,-24.194392306847,-30.464672931490,48.613383876628,0.0000000000000000e+00,0.0000000000000000e+00,0.0000000000000000e+00,0.0000000000000000e+00,199.995594874473,0
QK1_STK_case_0001,57300.000000,2023-11-26T03:03:00Z,J2000,-3912813.245486938,-3160381.279853357,-4592586.309903554,3198.422271865545,4137.472836112822,-5572.609758648860,-3894435.778764459,-3136747.113498650,-4623827.925986785,3226.277957342373,4159.957445327166,-5539.671844102678,-18377.466722479,-23634.166354708,31241.616083232,43270.586752549,-27.855685476828,-22.484609214345,-32.937914546182,48.645689218649,0.0000000000000000e+00,0.0000000000000000e+00,0.0000000000000000e+00,0.0000000000000000e+00,199.995594874473,0
QK1_STK_case_0001,57360.000000,2023-11-26T03:04:00Z,J2000,-3712188.755875544,-2905160.750614443,-4916256.144342192,3486.512535940054,4366.647435265276,-5212.325690347926,-3692181.992993476,-2880231.384938923,-4945450.948089380,3512.946182715597,4387.319733493950,-5177.061971354517,-20006.762882068,-24929.365675520,29194.803747187,43290.650258916,-26.433646775542,-20.672298228675,-35.263718993409,48.678655211042,0.0000000000000000e+00,0.0000000000000000e+00,0.0000000000000000e+00,0.0000000000000000e+00,199.995594874473,0
QK1_STK_case_0001,57420.000000,2023-11-26T03:05:00Z,J2000,-3494750.177493345,-2636781.180964544,-5217595.142661205,3758.683462823825,4575.945431177597,-4828.532542592033,-3473203.071544434,-2610668.223875727,-5244608.265288078,3783.575185643773,4594.711190747162,-4791.100625607151,-21547.105948911,-26112.957088818,27013.122626873,43311.350668740,-24.891722819948,-18.765759569564,-37.431916984882,48.712421478827,0.0000000000000000e+00,0.0000000000000000e+00,0.0000000000000000e+00,0.0000000000000000e+00,199.995594874473,0
QK1_STK_case_0001,57480.000000,2023-11-26T03:06:00Z,J2000,-3261489.423420678,-2356463.408234925,-5495244.874847356,4013.722926017378,4764.441166450920,-4422.983757384173,-3238497.908850773,-2329283.861500747,-5519951.188854632,4036.959993819275,4781.214894802670,-4383.550617331265,-22991.514569904,-27179.546734177,24706.314007276,43332.891141944,-23.237067801897,-16.773728351750,-39.433140052909,48.747223687925,0.0000000000000000e+00,0.0000000000000000e+00,0.0000000000000000e+00,0.0000000000000000e+00,199.995594874473,0
QK1_STK_case_0001,57540.000000,2023-11-26T03:07:00Z,J2000,-3013468.744978840,-2065480.945756292,-5747954.946078643,4250.499286132594,4931.304944404713,-3997.525337799027,-2989135.292648472,-2037356.670393713,-5770239.599661009,4271.976621729275,4946.010192449721,-3956.266338682689,-24333.452330367,-28124.275362579,22284.653582366,43355.478918707,-21.477335596682,-14.705248045009,-41.258999116338,48.783452855243,0.0000000000000000e+00,0.0000000000000000e+00,0.0000000000000000e+00,0.0000000000000000e+00,199.995594874473,0
QK1_STK_case_0001,57600.000000,2023-11-26T03:08:00Z,J2000,-2751815.770492136,-1765154.148418696,-5974588.241454912,4467.965483432966,5075.805374404575,-3554.085664304917,-2726248.918909382,-1736211.317537526,-5994347.132738457,4487.585936328531,5088.374868656997,-3511.183637883033,-25566.851582754,-28942.830881170,19758.891283544,43379.317007365,-19.620452895564,-12.569494252422,-42.902026421884,48.821493511493,0.0000000000000000e+00,0.0000000000000000e+00,0.0000000000000000e+00,0.0000000000000000e+00,199.995594874473,0
QK1_STK_case_0001,57660.000000,2023-11-26T03:09:00Z,J2000,-2477718.345237011,-1456844.265469620,-6174125.592797500,4665.161764763913,5197.310957300946,-3094.666526484142,-2451032.218984357,-1427212.810068382,-6191265.794978207,4682.836322704320,5207.686739080154,-3050.311033245224,-26686.126252654,-29631.455401239,17140.202180707,43404.596696245,-17.674557940407,-10.375781779207,-44.355493238918,48.861606874787,0.0000000000000000e+00,0.0000000000000000e+00,0.0000000000000000e+00,0.0000000000000000e+00,199.995594874473,0
QK1_STK_case_0001,57720.000000,2023-11-26T03:10:00Z,J2000,-2192419.213978035,-1141947.398641415,-6345669.941609887,4841.218396085165,5295.291724999881,-2621.335151203457,-2164733.027310569,-1111760.443631426,-6360110.085571432,4856.866473289968,5303.425313924388,-2575.721758891257,-27686.186667466,-30186.955009989,14440.143961544,43431.497125830,-15.648077204803,-8.133588924507,-45.613392312201,48.903978848628,0.0000000000000000e+00,0.0000000000000000e+00,0.0000000000000000e+00,0.0000000000000000e+00,199.995594874473,0
QK1_STK_case_0001,57780.000000,2023-11-26T03:11:00Z,J2000,-1897210.524310973,-821888.361062290,-6488450.024778465,4995.358918169644,5369.320841292661,-2136.216087929124,-1868648.065944946,-791281.652880864,-6500120.636304308,5008.908664721419,5375.173345976166,-2089.545591227228,-28562.458366027,-30606.708181425,11670.611525843,43460.186228330,-13.549746551774,-5.852504683506,-46.670496701895,48.948776339040,0.0000000000000000e+00,0.0000000000000000e+00,0.0000000000000000e+00,0.0000000000000000e+00,199.995594874473,0
QK1_STK_case_0001,57840.000000,2023-11-26T03:12:00Z,J2000,-1593428.131583416,-498114.451134530,-6601823.555000247,5126.903351653404,5419.075796172911,-1641.482489541489,-1564117.232776439,-467225.779667781,-6610667.344510369,5138.291899996967,5422.618016271271,-1593.960117296277,-29310.898806976,-30888.671466749,8843.789510122,43490.820028518,-11.388548343564,-3.542220098359,-47.522372245212,48.996144954592,0.0000000000000000e+00,0.0000000000000000e+00,0.0000000000000000e+00,0.0000000000000000e+00,199.995594874473,0
QK1_STK_case_0001,57900.000000,2023-11-26T03:13:00Z,J2000,-1282445.731841624,-172089.163108252,-6685279.868477648,5235.270659333002,5444.339417627719,-1139.347159720015,-1252517.721498219,-141057.776824437,-6691251.972825518,5244.444321155571,5445.551941933082,-1091.181759877989,-29928.010343404,-31031.386283814,5972.104347869,43523.542688435,-9.173661822569,-1.212524305363,-48.165399842026,49.046223385376,0.0000000000000000e+00,0.0000000000000000e+00,0.0000000000000000e+00,0.0000000000000000e+00,199.995594874473,0
QK1_STK_case_0001,57960.000000,2023-11-26T03:14:00Z,J2000,-965668.868610340,154714.164463075,-6738442.033444995,5319.980571829651,5445.000879781366,-632.053507795381,-935258.017695228,185748.147909273,-6741510.208649190,5326.894986288193,5443.874162600992,-583.456736929232,-30410.850915113,-31033.983446198,3068.175204195,43558.485751960,-6.914414458541,1.126717180374,-48.596770866150,49.099131942694,0.0000000000000000e+00,0.0000000000000000e+00,0.0000000000000000e+00,0.0000000000000000e+00,199.995594874473,0
QK1_STK_case_0001,58020.000000,2023-11-26T03:15:00Z,J2000,-644528.838515159,480818.749442356,-6761068.411391725,5380.655184999153,5421.056246903758,-121.866359530854,-613771.796264923,511714.936732296,-6761213.176611464,5385.275464680165,5417.590639809949,-73.051860074890,-30757.042250236,-30896.187289940,144.765219738,43595.768074513,-4.620279681012,3.465607093809,-48.814499455964,49.154987274902,0.0000000000000000e+00,0.0000000000000000e+00,0.0000000000000000e+00,0.0000000000000000e+00,199.995594874473,0
QK1_STK_case_0001,58080.000000,2023-11-26T03:16:00Z,J2000,-320476.502026357,804750.774871715,-6753053.664390084,5417.020528541747,5372.608175189386,388.937299726505,-289511.722858714,835369.089241610,-6750268.396397457,5419.321411137294,5366.813864774051,437.754718167209,-30964.779167643,-30618.314369895,-2785.267992627,43635.495202248,-2.300882595548,5.794310415335,-48.817418440704,49.213904916421,0.0000000000000000e+00,0.0000000000000000e+00,0.0000000000000000e+00,0.0000000000000000e+00,199.995594874473,0
QK1_STK_case_0001,58140.000000,2023-11-26T03:17:00Z,J2000,5023.993943394,1125045.758353528,-6714429.207771163,5428.907851014389,5299.864985232297,898.077549567869,36056.831291159,1155247.027363159,-6708720.186605196,5428.873796108698,5291.761917424096,946.682722823616,-31032.837347765,-30201.269009631,-5709.021165967,43677.758256558,0.034054905691,8.103067808201,-48.605173255747,49.275995523805,0.0000000000000000e+00,0.0000000000000000e+00,0.0000000000000000e+00,0.0000000000000000e+00,199.995594874473,0
QK1_STK_case_0001,58200.000000,2023-11-26T03:18:00Z,J2000,330501.547903250,1440254.860327524,-6645363.110912873,5416.254069820909,5203.139607599227,1403.280676211023,361462.124291441,1469901.399255846,-6636749.517126469,5413.879265177748,5192.757414608169,1451.458879099483,-30960.576388192,-29646.538928323,-8613.593786405,43722.632110096,2.374804643161,10.382192991059,-48.178202888460,49.341350426984,0.0000000000000000e+00,0.0000000000000000e+00,0.0000000000000000e+00,0.0000000000000000e+00,199.995594874473,0
QK1_STK_case_0001,58260.000000,2023-11-26T03:19:00Z,J2000,654484.433121331,1748951.128167827,-6546159.460341503,5379.101310495671,5082.848484916992,1902.287875200846,685232.371349557,1777907.318893264,-6534673.326508730,5374.389627072577,5070.226407577545,1949.825545484861,-30747.938228226,-28956.190725437,-11486.133832774,43770.172001479,4.711683423094,12.622077339447,-47.537670284014,49.409987786622,0.0000000000000000e+00,0.0000000000000000e+00,0.0000000000000000e+00,0.0000000000000000e+00,199.995594874473,0
QK1_STK_case_0001,58320.000000,2023-11-26T03:20:00Z,J2000,975506.591092026,2049735.671043686,-6417257.224932550,5317.596352167696,4939.510360359704,2392.863124172733,1005902.036767937,2077868.536163841,-6402943.346204136,5310.561360689640,4924.697170709833,2439.548509327048,-30395.445675911,-28132.865120155,-14313.878728414,43820.410107139,7.034991478055,14.813189649870,-46.685385154315,49.481783311701,0.0000000000000000e+00,0.0000000000000000e+00,0.0000000000000000e+00,0.0000000000000000e+00,199.995594874473,0
QK1_STK_case_0001,58380.000000,2023-11-26T03:21:00Z,J2000,1292113.917739506,2341243.761512924,-6259228.665071994,5231.991063999664,4773.745074565878,2872.800671577048,1322018.125171772,2368423.534433519,-6242144.470808831,5222.656183017179,4756.799019522740,2918.424513935792,-29904.207432265,-27179.772920594,-17084.194263163,43873.356057960,9.334880982485,16.946055043138,-45.623842358745,49.556470577088,0.0000000000000000e+00,0.0000000000000000e+00,0.0000000000000000e+00,0.0000000000000000e+00,199.995594874473,0
QK1_STK_case_0001,58440.000000,2023-11-26T03:22:00Z,J2000,1602870.608144288,2622150.867277307,-6072777.269841773,5122.643822795658,4586.272433329447,3339.933579407727,1632146.536669481,2648251.558890099,-6052992.648699436,5111.042485106044,4567.261164374193,3384.289982035017,-29275.928525193,-26100.691612793,-19784.621142336,43929.003260080,11.601337689613,19.011268955254,-44.356402627290,49.633757036030,0.0000000000000000e+00,0.0000000000000000e+00,0.0000000000000000e+00,0.0000000000000000e+00,199.995594874473,0
QK1_STK_case_0001,58500.000000,2023-11-26T03:23:00Z,J2000,1906365.578781274,2891178.605029217,-5858735.119498767,4990.020233000112,4377.910556132628,3792.144312842127,1934878.495268569,2916078.563994729,-5836332.187978570,4976.195911184490,4356.910980534198,3835.031755503948,-28512.916487295,-24899.958965512,-22402.931520196,43987.335720571,13.824321815622,20.999575598430,-42.887442661821,49.713446742778,0.0000000000000000e+00,0.0000000000000000e+00,0.0000000000000000e+00,0.0000000000000000e+00,199.995594874473,0
QK1_STK_case_0001,58560.000000,2023-11-26T03:24:00Z,J2000,2201218.867395137,3147100.559810107,-5618059.580130689,4834.691626130506,4149.573025552242,4227.376020765164,2228836.943913106,3170683.020594080,-5593132.389352154,4818.697642312942,4126.671045312689,4268.598356519508,-27618.076517969,-23582.460783973,-24927.190778535,44048.330811615,15.993983817564,22.901980239554,-41.222335754344,49.795473512090,0.0000000000000000e+00,0.0000000000000000e+00,0.0000000000000000e+00,0.0000000000000000e+00,199.995594874473,0
QK1_STK_case_0001,58620.000000,2023-11-26T03:25:00Z,J2000,2486087.884241670,3388747.901550249,-5351829.353470470,4657.331835844425,3902.265087879403,4643.642538585281,2512682.780796530,3410901.514788208,-5324483.541176560,4639.231090047831,3877.555288267267,4683.009815785789,-26594.896554860,-22153.613237959,-27345.812293909,44111.954754629,18.100745796595,24.709799612135,-39.367277200508,49.879792596266,0.0000000000000000e+00,0.0000000000000000e+00,0.0000000000000000e+00,0.0000000000000000e+00,199.995594874473,0
QK1_STK_case_0001,58680.000000,2023-11-26T03:26:00Z,J2000,2759673.460161756,3615014.764184375,-5061239.981142931,4458.713895254363,3637.079634369118,5039.036655903747,2785120.892892884,3635634.108637376,-5031592.378519777,4438.578668837028,3610.664986580857,5076.365828752562,-25447.432731128,-20619.344453001,-29647.602623153,44178.156815073,20.135226417334,26.414647788261,-37.329172848816,49.966269684978,0.0000000000000000e+00,0.0000000000000000e+00,0.0000000000000000e+00,0.0000000000000000e+00,199.995594874473,0
QK1_STK_case_0001,58740.000000,2023-11-26T03:27:00Z,J2000,3020725.721654499,3824863.386462525,-4747598.877808969,4239.707620595590,3355.193276877094,5411.737780122948,3044906.022087066,3843849.463388398,-4715777.073271630,4217.619461602691,3327.184840806065,5446.853451042640,-24180.300432567,-18986.076925873,-31821.804537340,44246.867573389,22.088158992900,28.008436071029,-35.115670919692,50.054666145931,0.0000000000000000e+00,0.0000000000000000e+00,0.0000000000000000e+00,0.0000000000000000e+00,199.995594874473,0
QK1_STK_case_0001,58800.000000,2023-11-26T03:28:00Z,J2000,3268049.838713978,4017329.013450604,-4412319.891796786,4001.277630965231,3057.862221073295,5760.020147154962,3290848.506305545,4034589.722052805,-4378461.747893176,3977.327230051933,3028.378808480723,5792.755385236891,-22798.667591567,-17260.708602201,-33858.143903611,44318.001015371,23.950400913298,29.483412592572,-32.735238081929,50.144682014069,0.0000000000000000e+00,0.0000000000000000e+00,0.0000000000000000e+00,0.0000000000000000e+00,199.995594874473,0
QK1_STK_case_0001,58860.000000,2023-11-26T03:29:00Z,J2000,3500511.641736310,4191524.535249847,-4056917.352444179,3744.480821940362,2746.417605439432,6082.261653290309,3521819.886887962,4206975.126551222,-4021170.471836137,3718.767811056191,2715.585396541966,6112.458864603148,-21308.245151652,-15450.591301375,-35746.880608042,44391.458144678,25.713010884171,30.832208897466,-30.197211312839,50.235999097248,0.0000000000000000e+00,0.0000000000000000e+00,0.0000000000000000e+00,0.0000000000000000e+00,199.995594874473,0
QK1_STK_case_0001,58920.000000,2023-11-26T03:30:00Z,J2000,3717043.057327724,4346644.829908856,-3682999.579876341,3470.462819294930,2422.260313231824,6376.952889091492,3736758.329276839,4360208.335964922,-3645520.718521824,3443.095467952785,2390.212416900496,6404.464706959035,-19715.271949115,-13563.506056066,-37478.861354517,44467.130478496,27.367351342146,32.047896331328,-27.511817867543,50.328319077085,0.0000000000000000e+00,0.0000000000000000e+00,0.0000000000000000e+00,0.0000000000000000e+00,199.995594874473,0
QK1_STK_case_0001,58980.000000,2023-11-26T03:31:00Z,J2000,3916647.296602775,4481970.775836692,-3292261.854150700,3180.453255653835,2086.855077693330,6642.706029884070,3934673.789746929,4493578.410330206,-3253216.281498861,3151.548055607909,2053.731011922556,6667.396174330943,-18026.493144154,-11607.634493514,-39045.572651840,44544.902933123,28.905200045926,33.124065770775,-24.690144446873,50.421399779152,0.0000000000000000e+00,0.0000000000000000e+00,0.0000000000000000e+00,0.0000000000000000e+00,199.995594874473,0
QK1_STK_case_0001,59040.000000,2023-11-26T03:32:00Z,J2000,4098403.726664461,4596872.884080895,-2886478.875336370,2875.760033654789,1741.723752308248,6878.262753636716,4114652.859585379,4606464.409414475,-2846039.686043463,2845.441218554084,1707.668856024097,6900.006776223056,-16249.132920918,-9591.525333580,-40439.189292907,44624.653607327,30.318815100705,34.054896284151,-21.744022586341,50.515037644946,0.0000000000000000e+00,0.0000000000000000e+00,0.0000000000000000e+00,0.0000000000000000e+00,199.995594874473,0
QK1_STK_case_0001,59100.000000,2023-11-26T03:33:00Z,J2000,4261472.388652794,4690814.514639724,-2467496.793675842,2557.763448261941,1388.438300227504,7082.500703253558,4275863.254799359,4698338.573511025,-2425844.178367859,2526.162545010495,1353.603151381475,7101.186623625122,-14390.866146564,-7524.058871301,-41652.615307983,44706.250707725,31.600903251446,34.835148846030,-18.685920371563,50.608974516035,0.0000000000000000e+00,0.0000000000000000e+00,0.0000000000000000e+00,0.0000000000000000e+00,199.995594874473,0
QK1_STK_case_0001,59160.000000,2023-11-26T03:34:00Z,J2000,4405098.178068735,4763354.679616245,-2037224.874580761,2227.910798571948,1028.614044425487,7254.439429249858,4417557.971175564,4768769.092705623,-1994545.351942264,2195.166218735504,993.153902667364,7269.968419064446,-12459.793106829,-5414.413089378,-42679.522638497,44789.551973841,32.744579836443,35.460141758123,-15.528989814587,50.702846930255,0.0000000000000000e+00,0.0000000000000000e+00,0.0000000000000000e+00,0.0000000000000000e+00,199.995594874473,0
QK1_STK_case_0001,59220.000000,2023-11-26T03:35:00Z,J2000,4528614.699820830,4814150.439633903,-1597626.787223590,1887.710709980419,663.902710849519,7393.247104064513,4539079.112227505,4817422.467937014,-1554112.391056563,1853.967220031967,627.976871073304,7405.534292072809,-10464.412406674,-3272.028303111,-43514.396167027,44874.411082646,33.743489948452,35.925839776215,-12.287188008296,50.796299734122,0.0000000000000000e+00,0.0000000000000000e+00,0.0000000000000000e+00,0.0000000000000000e+00,199.995594874473,0
QK1_STK_case_0001,59280.000000,2023-11-26T03:36:00Z,J2000,4631447.733898479,4842958.849042593,-1150711.475276416,1538.725628049160,295.984201609373,7498.247486400533,4639861.315841954,4844065.412200017,-1106558.894046919,1504.133578185911,259.755175352963,7507.222679492005,-8413.581943474,-1106.563157425,-44152.581229497,44960.685852957,34.592049863249,36.229026256410,-8.975193091473,50.889157472476,0.0000000000000000e+00,0.0000000000000000e+00,0.0000000000000000e+00,0.0000000000000000e+00,199.995594874473,0
QK1_STK_case_0001,59340.000000,2023-11-26T03:37:00Z,J2000,4713118.188643866,4849638.365456882,-698523.660161343,1182.562392883586,-73.442911322819,7568.924708907633,4719434.657469784,4848566.208479344,-653933.343045491,1147.276874997501,-109.810259055638,7574.532795949825,-6316.468825918,1072.156977538,-44590.317115852,45048.237251923,35.285517886085,36.367347732819,-5.608087042193,50.981392623994,0.0000000000000000e+00,0.0000000000000000e+00,0.0000000000000000e+00,0.0000000000000000e+00,199.995594874473,0
QK1_STK_case_0001,59400.000000,2023-11-26T03:38:00Z,J2000,4773244.485129072,4834149.690298621,-243134.163047858,820.863308112641,-442.670432255743,7604.924703541608,4777426.987950779,4830895.501220160,-198309.408070111,785.043456185757,-479.009648806569,7607.125859925411,-4182.502821706,3254.189078461,-44824.754977747,45136.922084110,35.819851926884,36.339216550826,-2.201156383802,51.072943336151,0.0000000000000000e+00,0.0000000000000000e+00,0.0000000000000000e+00,0.0000000000000000e+00,199.995594874473,0
QK1_STK_case_0001,59460.000000,2023-11-26T03:39:00Z,J2000,4811544.473318941,4796556.112972412,213369.820438973,455.299357282811,-809.988164228767,7606.056004742957,4813565.813224795,4791126.597960795,258223.791131721,419.107814448336,-846.131878134543,7604.825988034971,-2021.339905855,5429.515011617,-44853.970692748,45226.586596628,36.191542834475,36.143713905776,1.230016707987,51.163549219578,0.0000000000000000e+00,0.0000000000000000e+00,0.0000000000000000e+00,0.0000000000000000e+00,199.995594874473,0
QK1_STK_case_0001,59520.000000,2023-11-26T03:40:00Z,J2000,4827836.964720081,4737023.407508428,668894.545582067,87.563697796396,-1173.691537957142,7572.292327728981,4827679.792800373,4729435.323663549,713571.534898769,51.165950387948,-1209.472236984352,7567.622967038720,157.171919707,7588.083844878,-44676.989316702,45317.072873851,36.397747408448,35.780699027210,4.669360690261,51.252876685516,0.0000000000000000e+00,0.0000000000000000e+00,0.0000000000000000e+00,0.0000000000000000e+00,199.995594874473,0
QK1_STK_case_0001,59580.000000,2023-11-26T03:41:00Z,J2000,4822042.811274786,4655819.228168531,1121349.724201990,-280.637179452192,-1532.090761683579,7503.775499783536,4819699.769483365,4646099.363804621,1165643.536886818,-317.073768062469,-1567.341752682339,7495.675059775724,2343.041791421,9719.864363910,-44293.812684829,45408.231084770,36.436588610277,35.250990998761,8.100440007813,51.340768247752,0.0000000000000000e+00,0.0000000000000000e+00,0.0000000000000000e+00,0.0000000000000000e+00,199.995594874473,0
QK1_STK_case_0001,59640.000000,2023-11-26T03:42:00Z,J2000,4794185.382477059,4553311.920538232,1568658.633411280,-647.594360431777,-1883.520903808489,7400.815559034882,4789659.184135661,4541497.016332415,1612364.063672853,-683.901608084888,-1918.077286417802,7389.308720021256,4526.198341398,11814.904205817,-43705.430261573,45499.923814964,36.307247653112,34.556382609313,11.506839013626,51.427299708143,0.0000000000000000e+00,0.0000000000000000e+00,0.0000000000000000e+00,0.0000000000000000e+00,199.995594874473,0
QK1_STK_case_0001,59700.000000,2023-11-26T03:43:00Z,J2000,4744390.396136698,4429968.747425226,2008768.120158039,-1011.606652160305,-2226.351050041365,7263.887412542604,4737693.848107021,4416105.363333110,2051681.929196001,-1047.616408185614,-2260.050540216595,7249.015020255963,6696.548029678,13863.384092117,-42913.809037962,45592.018820689,36.009756025309,33.699490175229,14.872392286641,51.512583117141,0.0000000000000000e+00,0.0000000000000000e+00,0.0000000000000000e+00,0.0000000000000000e+00,199.995594874473,0
QK1_STK_case_0001,59760.000000,2023-11-26T03:44:00Z,J2000,4672885.209025602,4286353.610321629,2439658.365261618,-1370.988452385297,-2558.992047202369,7093.626633318522,4664041.189115030,4270497.946078475,2481580.245204331,-1406.533287531153,-2591.675735695438,7075.445523396007,8844.019910573,15855.664243155,-41921.879942714,45684.382393785,35.544835145855,32.683688493069,18.181109922516,51.596623504573,0.0000000000000000e+00,0.0000000000000000e+00,0.0000000000000000e+00,0.0000000000000000e+00,199.995594874473,0
QK1_STK_case_0001,59820.000000,2023-11-26T03:45:00Z,J2000,4579997.670158662,4123124.320202767,2859352.419565799,-1724.076866714070,-2879.904033779927,6890.826155870243,4569039.061184403,4105341.988469916,2900085.949089228,-1758.990849014101,-2911.417201038685,6869.409004351903,10958.608974260,17782.331732851,-40733.529523429,45776.881282411,34.913982300031,31.513167258757,21.417151518341,51.679398698948,0.0000000000000000e+00,0.0000000000000000e+00,0.0000000000000000e+00,0.0000000000000000e+00,199.995594874473,0
QK1_STK_case_0001,59880.000000,2023-11-26T03:46:00Z,J2000,4466154.517281713,3941029.401634711,3265925.541924707,-2069.239989488672,-3187.604408066457,6656.432511297955,4453124.091414678,3921395.152211483,3305279.128497519,-2103.359552973790,-3217.797334111319,6631.867541582040,13030.425867035,19634.249423228,-39353.586572812,45869.385485677,34.119563485119,30.192926044861,24.564969715914,51.760942154382,0.0000000000000000e+00,0.0000000000000000e+00,0.0000000000000000e+00,0.0000000000000000e+00,199.995594874473,0
QK1_STK_case_0001,59940.000000,2023-11-26T03:47:00Z,J2000,4331879.255444945,3740904.432559045,3657514.250740560,-2404.885480398284,-3480.675070572625,6391.540067027699,4316829.506470397,3719501.830100505,3695302.050367943,-2438.050267635228,-3509.403756887355,6363.930587469800,15049.748974548,21402.602458540,-37787.799627384,45961.768208746,33.164787236944,28.728686314729,27.609479557898,51.841333810965,0.0000000000000000e+00,0.0000000000000000e+00,0.0000000000000000e+00,0.0000000000000000e+00,199.995594874473,0
QK1_STK_case_0001,60000.000000,2023-11-26T03:48:00Z,J2000,4177789.556769972,3523667.989194641,4032324.998751123,-2729.467894950276,-3757.768478219123,6097.384576774569,4160782.485634170,3500589.050539700,4068367.806625014,-2761.521470476630,-3784.895292182237,6066.848515696648,17007.071135802,23078.938654941,-36042.807873891,46053.901870428,32.053575526354,27.126813963115,30.536061077920,51.920581333105,0.0000000000000000e+00,0.0000000000000000e+00,0.0000000000000000e+00,0.0000000000000000e+00,199.995594874473,0
QK1_STK_case_0001,60060.000000,2023-11-26T03:49:00Z,J2000,4004594.248369732,3290317.235715230,4388642.477088158,-3041.495316211440,-4017.613630499653,5775.337256800893,3985701.106579893,3265662.027199195,4422768.592351085,-3072.285895488717,-4043.008016039415,5742.006743184417,18893.141789839,24655.208516035,-34126.115262927,46145.659130613,30.790579277276,25.394385539762,33.330513616476,51.998631973451,0.0000000000000000e+00,0.0000000000000000e+00,0.0000000000000000e+00,0.0000000000000000e+00,199.995594874473,0
QK1_STK_case_0001,60120.000000,2023-11-26T03:50:00Z,J2000,3813089.887307966,3041923.136831061,4724837.558230488,-3339.536602978736,-4259.022596767910,5426.898400026630,3792390.872992429,3015799.326815937,4756883.620013473,-3368.917896531481,-4282.561829634094,5390.919184495337,20699.014315536,26123.810015124,-32046.061782985,46236.919438258,29.381293552745,23.539232866185,35.979215531293,52.075520592773,0.0000000000000000e+00,0.0000000000000000e+00,0.0000000000000000e+00,0.0000000000000000e+00,199.995594874473,0
QK1_STK_case_0001,60180.000000,2023-11-26T03:51:00Z,J2000,3604156.882418719,2779625.286999432,5039374.802154278,-3622.229081123951,-4480.896533880737,5053.689098002090,3581740.785312733,2752147.656276915,5069186.583446463,-3650.061115807618,-4502.466342703583,5015.219747021692,22416.097105986,27477.630722517,-29811.781292184,46327.571740822,27.832034683667,21.569808822846,38.469350980398,52.151411986062,0.0000000000000000e+00,0.0000000000000000e+00,0.0000000000000000e+00,0.0000000000000000e+00,199.995594874473,0
QK1_STK_case_0001,60240.000000,2023-11-26T03:52:00Z,J2000,3378755.177156929,2504626.425606457,5330819.418937192,-3888.285261243201,-4682.230051373045,4657.441643071442,3354718.978802085,2475916.345959632,5358252.570055719,-3914.435050733283,-4701.725081997661,4616.652706380915,24036.198354844,28710.079646824,-27433.151118527,46417.510542600,26.149789490082,19.495030624616,40.788936690526,52.226478588682,0.0000000000000000e+00,0.0000000000000000e+00,0.0000000000000000e+00,0.0000000000000000e+00,199.995594874473,0
QK1_STK_case_0001,60300.000000,2023-11-26T03:53:00Z,J2000,3137919.574941829,2218186.728464891,5597843.660241685,-4136.498086532462,-4862.114535304035,4239.990350798011,3112368.011510956,2188371.613657304,5622764.404761825,-4160.840230274463,-4879.438827928883,4197.063581400212,25551.563430874,29815.114807587,-24920.744520140,46506.633636393,24.342143742001,17.324292624848,42.926769397799,52.300847104416,0.0000000000000000e+00,0.0000000000000000e+00,0.0000000000000000e+00,0.0000000000000000e+00,199.995594874473,0
QK1_STK_case_0001,60360.000000,2023-11-26T03:54:00Z,J2000,2882754.770569887,1921617.893437914,5839232.679468698,-4365.745718664678,-5019.741893047792,3803.262758138496,2855799.860049844,1890830.620246619,5861518.460636588,-4388.162981539108,-5034.809386173130,3758.390239871213,26954.910520043,30787.273191295,-22285.781167890,46594.843426736,22.417262874431,15.067493125337,44.872518267283,52.374668681635,0.0000000000000000e+00,0.0000000000000000e+00,0.0000000000000000e+00,0.0000000000000000e+00,199.995594874473,0
QK1_STK_case_0001,60420.000000,2023-11-26T03:55:00Z,J2000,2614430.096110337,1616276.992971433,6053889.828952682,-4574.996089645308,-5154.408215311924,3349.269456188689,2586190.632470687,1584655.293947010,6073429.900015020,-4595.379917321123,-5167.143168557674,3302.652593098574,28239.463639650,31621.699024423,-19540.071062337,46682.047223397,20.383827675815,12.734953245751,46.616863090115,52.448178130906,0.0000000000000000e+00,0.0000000000000000e+00,0.0000000000000000e+00,0.0000000000000000e+00,199.995594874473,0
QK1_STK_case_0001,60480.000000,2023-11-26T03:56:00Z,J2000,2334174.029724360,1303560.155229630,6240841.315357971,-4763.310136494410,-5265.515712812824,2880.093305856912,2304775.050193508,1271245.991622086,6257537.268128726,-4781.561025252696,-5275.852934279990,2831.941830728708,29398.979530852,32314.163607544,-16695.952770754,46768.151620882,18.250888758286,10.337221467166,48.151475128204,52.521592180270,0.0000000000000000e+00,0.0000000000000000e+00,0.0000000000000000e+00,0.0000000000000000e+00,199.995594874473,0
QK1_STK_case_0001,60540.000000,2023-11-26T03:57:00Z,J2000,2043268.548182648,984896.176107682,6399240.252932508,-4929.844024943702,-5352.573371470340,2397.880389861913,2012840.780470335,952035.099894553,6413006.493580868,-4945.871861924387,-5360.458402559424,2348.411607762149,30427.767712313,32861.076213129,-13766.240648361,46853.054963665,16.027836980686,7.885031089084,49.468782099765,52.594920629175,0.0000000000000000e+00,0.0000000000000000e+00,0.0000000000000000e+00,0.0000000000000000e+00,199.995594874473,0
QK1_STK_case_0001,60600.000000,2023-11-26T03:58:00Z,J2000,1743043.331782996,661740.080412742,6528370.233904521,-5073.852080582758,-5415.198232214023,1904.832656505543,1711722.616544596,628480.581068285,6539134.416678748,-5087.576647834535,-5420.587685431155,1854.270727056265,31320.715238400,33259.499344457,-10764.182774227,46936.650183900,13.724567251776,5.389453217132,50.561929449278,52.668004156812,0.0000000000000000e+00,0.0000000000000000e+00,0.0000000000000000e+00,0.0000000000000000e+00,199.995594874473,0
QK1_STK_case_0001,60660.000000,2023-11-26T03:59:00Z,J2000,1434869.752433386,335566.569083467,6627648.439356889,-5194.690986116829,-5453.117803755484,1403.199507508872,1402796.431888613,302059.397353458,6635351.849113157,-5206.042534770636,-5455.979742247738,1351.774421456896,32073.320544773,33507.171730009,-7703.409756268,47018.836331677,11.351548653807,2.861938492255,51.425086051976,52.740760557905,0.0000000000000000e+00,0.0000000000000000e+00,0.0000000000000000e+00,0.0000000000000000e+00,199.995594874473,0
QK1_STK_case_0001,60720.000000,2023-11-26T04:00:00Z,J2000,1120154.612825749,7863.327739959,6696628.165195880,-5291.823511456045,-5466.171928445373,895.266678338318,1087472.889964608,-25739.198242656,6701226.029697654,-5300.743128267791,-5466.486049253287,843.213008241125,32681.722861140,33602.525982615,-4597.864501774,47099.523559813,8.919616811746,0.314120807914,52.053670097193,52.813282482135,0.0000000000000000e+00,0.0000000000000000e+00,0.0000000000000000e+00,0.0000000000000000e+00,199.995594874473,0
QK1_STK_case_0001,60780.000000,2023-11-26T04:01:00Z,J2000,800333.724437049,-319875.719985687,6735000.642418294,-5364.819956196826,-5454.312639149660,383.344422567483,767191.007948373,-353420.413583774,6736462.373330199,-5371.259733389741,-5452.070304630003,330.900216546417,33142.716488676,33544.693598087,-1461.730911905,47178.626326940,6.439777192916,-2.242334519657,52.444206021066,52.885664783308,0.0000000000000000e+00,0.0000000000000000e+00,0.0000000000000000e+00,0.0000000000000000e+00,199.995594874473,0
QK1_STK_case_0001,60840.000000,2023-11-26T04:02:00Z,J2000,476865.451513387,-646157.110843764,6742596.206940403,-5413.358364256415,-5417.603140955871,-130.242068716086,443411.690190284,-679490.617711545,6740905.578795546,-5417.281570475895,-5412.807404710434,-182.836240253245,33453.761323103,33333.506867781,1690.628144857,47256.058344849,3.923206219479,-4.795736245437,52.594171537159,52.957884331386,0.0000000000000000e+00,0.0000000000000000e+00,0.0000000000000000e+00,0.0000000000000000e+00,199.995594874473,0
QK1_STK_case_0001,60900.000000,2023-11-26T04:03:00Z,J2000,151224.212464650,-969494.500757242,6719384.942266398,-5437.225896158204,-5356.217526304501,-643.161274562657,117611.216172397,-1002464.002858705,6714540.215694141,-5438.607290917079,-5348.883229416100,-695.663297638172,33612.996292253,32969.502101463,4844.726572257,47331.733162027,1.381394758876,-7.334296888401,52.502023075515,53.029827355452,0.0000000000000000e+00,0.0000000000000000e+00,0.0000000000000000e+00,0.0000000000000000e+00,199.995594874473,0
QK1_STK_case_0001,60960.000000,2023-11-26T04:04:00Z,J2000,-175106.129022975,-1288415.310515342,6665476.763721612,-5436.320799083022,-5270.440360100666,-1153.085502035727,-208725.387931109,-1320869.234152095,6657490.742232874,-5435.146894672169,-5260.594117898881,-1205.252943603165,33619.258908134,32453.923636753,7986.021488738,47405.572121545,-1.173904410853,-9.846242201785,52.167441567438,53.101492415507,0.0000000000000000e+00,0.0000000000000000e+00,0.0000000000000000e+00,0.0000000000000000e+00,199.995594874473,0
QK1_STK_case_0001,61020.000000,2023-11-26T04:05:00Z,J2000,-500638.952816767,-1601467.307579937,6581120.852390060,-5410.652834865361,-5160.664904618053,-1657.702047344806,-534111.046040197,-1633256.024944209,6570020.864769531,-5406.921901637085,-5148.344929238940,-1709.293340398882,33472.093223430,31788.717364272,11099.987620529,47477.503110415,-3.730933228275,-12.319975379113,51.591293054077,53.172955297664,0.0000000000000000e+00,0.0000000000000000e+00,0.0000000000000000e+00,0.0000000000000000e+00,199.995594874473,0
QK1_STK_case_0001,61080.000000,2023-11-26T04:06:00Z,J2000,-823891.537428108,-1907225.053801043,6466704.453751897,-5360.341901390620,-5027.390666385779,-2154.722891096452,-857063.283310381,-1938201.573839999,6452532.272797285,-5354.063892789392,-5012.646633749623,-2205.498279377236,33171.745882274,30976.520038956,14172.180954612,47547.452419791,-6.278008601227,-14.744032636156,50.775388280785,53.244154096366,0.0000000000000000e+00,0.0000000000000000e+00,0.0000000000000000e+00,0.0000000000000000e+00,199.995594874473,0
QK1_STK_case_0001,61140.000000,2023-11-26T04:07:00Z,J2000,-1143391.628752843,-2204296.227735117,6322751.152825376,-5285.617001729538,-4871.221895865480,-2641.892756887260,-1176110.795210876,-2234316.883558429,6305562.858832358,-5276.813639808155,-4854.114922321703,-2691.615273769504,32719.166458033,30020.655823313,17188.293993018,47615.345007263,-8.803361921382,-17.106973543778,49.722516882244,53.314879818409,0.0000000000000000e+00,0.0000000000000000e+00,0.0000000000000000e+00,0.0000000000000000e+00,199.995594874473,0
QK1_STK_case_0001,61200.000000,2023-11-26T04:08:00Z,J2000,-1457683.994952338,-2491327.880375626,6149918.641145484,-5186.816616718011,-4692.866441755649,-3116.998492987542,-1489800.009223298,-2520253.011874989,6129784.418424466,-5175.521488093562,-4673.468923083482,-3165.435174248518,32116.014270960,28925.131499362,20134.222721018,47681.112922073,-11.295128624448,-19.397518672167,48.436681260976,53.384976846087,0.0000000000000000e+00,0.0000000000000000e+00,0.0000000000000000e+00,0.0000000000000000e+00,199.995594874473,0
QK1_STK_case_0001,61260.000000,2023-11-26T04:09:00Z,J2000,-1765336.994353688,-2767012.571820719,5948995.854601466,-5064.388363706988,-4493.132729047778,-3577.880311786304,-1796701.652959002,-2794707.191732053,5925999.713684613,-5050.646833719108,-4471.527964851170,-3624.803445671967,31364.658605314,27694.619911334,22996.140916853,47744.698957360,-13.741529987880,-21.604764196609,46.923133885663,53.454428965716,0.0000000000000000e+00,0.0000000000000000e+00,0.0000000000000000e+00,0.0000000000000000e+00,199.995594874473,0
QK1_STK_case_0001,61320.000000,2023-11-26T04:10:00Z,J2000,-2064949.056786292,-3030094.266678028,5720899.453421321,-4918.886457214609,-4272.925019428784,-4022.442005419530,-2095417.225108138,-3056428.701801615,5695138.883312542,-4902.755393974831,-4249.206756677191,-4067.630189706170,30468.168321846,26334.435123586,25760.570108779,47806.053241154,-16.131063239778,-23.718262751593,45.188184286640,53.523258386637,0.0000000000000000e+00,0.0000000000000000e+00,0.0000000000000000e+00,0.0000000000000000e+00,199.995594874473,0
QK1_STK_case_0001,61380.000000,2023-11-26T04:11:00Z,J2000,-2355154.979259016,-3279373.957251189,5466669.770145831,-4750.968437880480,-4033.239469467142,-4448.658485314229,-2384585.272388143,-3304224.463932347,5438255.334052969,-4732.515941147492,-4007.511610461092,-4491.897410351921,29430.293129128,24850.506681158,28414.436092862,47865.123153001,-18.452496732988,-25.727859006050,43.238925037691,53.591249314895,0.0000000000000000e+00,0.0000000000000000e+00,0.0000000000000000e+00,0.0000000000000000e+00,199.995594874473,0
QK1_STK_case_0001,61440.000000,2023-11-26T04:12:00Z,J2000,-2634632.063054219,-3513715.108491534,5187466.330721131,-4561.393471382851,-3775.162110525832,-4854.583144082815,-2662887.518741689,-3536964.479915105,5156521.213877484,-4540.698879627080,-3747.538602688614,-4895.666641015554,28255.455687470,23249.371423570,30945.116843646,47921.856226200,-20.694591755771,-27.623507837218,41.083496932739,53.657972691793,0.0000000000000000e+00,0.0000000000000000e+00,0.0000000000000000e+00,0.0000000000000000e+00,199.995594874473,0
QK1_STK_case_0001,61500.000000,2023-11-26T04:13:00Z,J2000,-2902106.189998681,-3732048.979814306,4884562.846682332,-4351.021475621577,-3499.865910973256,-5238.358474482577,-2929054.940231374,-3753587.134916155,4851222.324224560,-4328.175177672141,-3470.470188815937,-5277.089928221687,26948.750232693,21538.155101849,33340.522457772,47976.220172629,-22.846297949436,-29.395722157319,38.731453739111,53.723247480858,0.0000000000000000e+00,0.0000000000000000e+00,0.0000000000000000e+00,0.0000000000000000e+00,199.995594874473,0
QK1_STK_case_0001,61560.000000,2023-11-26T04:14:00Z,J2000,-3156357.784225416,-3933379.657201687,4559341.508476677,-4120.809733626601,-3208.604082940540,-5598.227724041473,-3181873.702834825,-3953104.184280301,4523752.336248013,-4095.912634062136,-3177.568231032301,-5634.421200241608,25515.918609409,19724.527078614,35589.172228664,48028.202661338,-24.897099564465,-31.035851908239,36.193476200134,53.787148928371,0.0000000000000000e+00,0.0000000000000000e+00,0.0000000000000000e+00,0.0000000000000000e+00,199.995594874473,0
QK1_STK_case_0001,61620.000000,2023-11-26T04:15:00Z,J2000,-3396227.478282602,-4116788.623853594,4213286.674805845,-3871.806842500753,-2902.702180269028,-5932.543010194729,-3420190.792671680,-4134605.277714075,4175606.425942175,-3844.969731269207,-2870.166244231091,-5966.023982939416,23963.314389078,17816.653860481,37680.248863670,48077.798885994,-26.837111231545,-32.535936037937,33.480972744687,53.849728031343,0.0000000000000000e+00,0.0000000000000000e+00,0.0000000000000000e+00,0.0000000000000000e+00,199.995594874473,0
QK1_STK_case_0001,61680.000000,2023-11-26T04:16:00Z,J2000,-3620621.410865982,-4281438.928274462,3847978.188061081,-3605.146958211134,-2583.552912426430,-6239.770232928370,-3642919.279971966,-4297262.095424041,3808374.549340451,-3576.490023407721,-2549.664507520960,-6270.376229192760,22297.869105985,15823.167149579,39603.638720630,48125.001664679,-28.656934803414,-33.888404905471,30.605996264390,53.910768003248,0.0000000000000000e+00,0.0000000000000000e+00,0.0000000000000000e+00,0.0000000000000000e+00,199.995594874473,0
QK1_STK_case_0001,61740.000000,2023-11-26T04:17:00Z,J2000,-3828516.240954956,-4426579.127642623,3465084.378418622,-3322.046092843205,-2252.613372490704,-6518.495207698154,-3849043.308507213,-4440332.270319736,3423734.400816822,-3291.698584863292,-2217.527336131468,-6546.076734097077,20527.067552257,13753.142677112,41349.977601800,48169.804685729,-30.347507979913,-35.086036359235,27.581526398923,53.969822924362,0.0000000000000000e+00,0.0000000000000000e+00,0.0000000000000000e+00,0.0000000000000000e+00,199.995594874473,0
QK1_STK_case_0001,61800.000000,2023-11-26T04:18:00Z,J2000,-4018963.965154203,-4551547.031550189,3066354.595076761,-3023.798822491640,-1911.400442626116,-6767.433256997642,-4037622.891078130,-4563163.101451774,3023443.880166757,-2991.898614238332,-1875.278106680697,-6791.855007023319,18658.925923928,11616.069901585,42910.714910004,48212.218893977,-31.900208253309,-36.122335945419,24.421750025676,54.026551945084,0.0000000000000000e+00,0.0000000000000000e+00,0.0000000000000000e+00,0.0000000000000000e+00,199.995594874473,0
QK1_STK_case_0001,61860.000000,2023-11-26T04:19:00Z,J2000,-4191096.480846082,-4655773.040109530,2653611.127914918,-2711.772784335897,-1561.481790052560,-6985.439160285182,-4207798.438134319,-4665194.834790533,2609332.943029323,-2678.465594744576,-1524.489759858539,-7006.581008833168,16701.957288237,9421.794681003,44278.184885595,48252.287500511,-33.307189591321,-36.992030194021,21.141848547987,54.081021961253,0.0000000000000000e+00,0.0000000000000000e+00,0.0000000000000000e+00,0.0000000000000000e+00,199.995594874473,0
QK1_STK_case_0001,61920.000000,2023-11-26T04:20:00Z,J2000,-4344129.744618704,-4738782.863463918,2228740.631706813,-2387.400933527698,-1204.465034768148,-7171.513223868881,-4358794.862244565,-4745963.306971989,2183294.986258437,-2352.839456963112,-1166.774144409542,-7189.270613699824,14665.117625861,7180.443508070,45445.645448376,48290.072832544,-34.561476564586,-37.690890358607,17.757389830943,54.133388698261,0.0000000000000000e+00,0.0000000000000000e+00,0.0000000000000000e+00,0.0000000000000000e+00,199.995594874473,0
QK1_STK_case_0001,61980.000000,2023-11-26T04:21:00Z,J2000,-4477367.454242793,-4800199.649692063,1793685.306535274,-2052.173840675624,-841.989392986851,-7324.804055007639,-4489925.212934525,-4805102.024428109,1747278.007422917,-2016.516983032492,-803.773970293436,-7339.088371584234,12557.758691732,4902.374736046,46407.299112357,48325.645286082,-35.656857643132,-38.215422693415,14.284316576594,54.183685078438,0.0000000000000000e+00,0.0000000000000000e+00,0.0000000000000000e+00,0.0000000000000000e+00,199.995594874473,0
QK1_STK_case_0001,62040.000000,2023-11-26T04:22:00Z,J2000,-4590204.297786538,-4839745.693519706,1350433.913158124,-1707.632829304194,-475.719531562374,-7444.611669100918,-4600593.880422876,-4842343.829309686,1303275.594278696,-1671.044962521714,-437.156700648722,-7455.350704247896,10389.582636339,2598.135789980,47158.318879428,48359.081633901,-36.587866782480,-38.562830913652,10.739035146977,54.231824601939,0.0000000000000000e+00,0.0000000000000000e+00,0.0000000000000000e+00,0.0000000000000000e+00,199.995594874473,0
QK1_STK_case_0001,62100.000000,2023-11-26T04:23:00Z,J2000,-4682128.796795888,-4857243.771643515,901012.565026434,-1355.363197649811,-107.338932175349,-7530.391664241707,-4690299.393387897,-4857522.189107263,853317.688345996,-1318.013390457383,-68.607779676394,-7537.530098770876,8170.596592009,278.417463748,47694.876680438,48390.468343628,-37.349807192428,-38.731152498955,7.138434529169,54.277688959057,0.0000000000000000e+00,0.0000000000000000e+00,0.0000000000000000e+00,0.0000000000000000e+00,199.995594874473,0
QK1_STK_case_0001,62160.000000,2023-11-26T04:24:00Z,J2000,-4752725.731132239,-4852618.029941021,447475.273810173,-996.987020984858,261.458392948142,-7581.759046603853,-4758636.796341389,-4850572.029520233,399461.103895889,-959.048215443188,300.177796240470,-7585.258833736212,5911.065209150,-2046.000420789,48014.169914284,48419.906259579,-37.938805541670,-38.719403292328,3.499787132359,54.321208263573,0.0000000000000000e+00,0.0000000000000000e+00,0.0000000000000000e+00,0.0000000000000000e+00,199.995594874473,0
QK1_STK_case_0001,62220.000000,2023-11-26T04:25:00Z,J2000,-4801678.117783499,-4825894.344718869,-8105.700076737,-634.155455796014,628.976956620305,-7598.490872254844,-4805299.576862709,-4821530.035501267,-56220.140515209,-595.803574858013,667.504557609643,-7598.331481859337,3621.459079210,-4364.309217602,48114.440438472,48447.513243886,-38.351880938000,-38.527600989337,-0.159390395507,54.362378671047,0.0000000000000000e+00,0.0000000000000000e+00,0.0000000000000000e+00,0.0000000000000000e+00,199.995594874473,0
QK1_STK_case_0001,62280.000000,2023-11-26T04:26:00Z,J2000,-4828768.704947355,-4777200.141583159,-463649.627029818,-268.540204829132,993.528748439078,-7580.527999161787,-4830081.103347255,-4770534.410987161,-511644.612811081,-229.953161531348,1031.685480763005,-7576.706566294690,1312.398399899,-6665.730595997,47994.985781262,48473.425854607,-38.587043297784,-38.156732323927,-3.821432867097,54.401281981793,0.0000000000000000e+00,0.0000000000000000e+00,0.0000000000000000e+00,0.0000000000000000e+00,199.995594874473,0
QK1_STK_case_0001,62340.000000,2023-11-26T04:27:00Z,J2000,-4833880.918704120,-4706763.678476484,-917077.161223395,98.176208484191,1353.442207743469,-7527.975609619450,-4832875.509042280,-4697824.103714880,-964733.325334194,136.819620141399,1391.050983438631,-7520.506908336283,-1005.409661840,-8939.574761604,47656.164110799,48497.802251874,-38.643411657208,-37.608775695162,-7.468701283166,54.438173854885,0.0000000000000000e+00,0.0000000000000000e+00,0.0000000000000000e+00,0.0000000000000000e+00,199.995594874473,0
QK1_STK_case_0001,62400.000000,2023-11-26T04:28:00Z,J2000,-4816999.209730109,-4614912.792554961,-1366320.155578310,464.310390859732,1707.070969053829,-7441.101276289372,-4813677.972014808,-4603737.493107244,-1413419.538523663,502.831535570931,1743.957602972449,-7430.017358551110,-3321.237715301,-11175.299447716,47099.382945353,48520.818331317,-38.521144711200,-36.886633918620,-11.083917738262,54.473439253787,0.0000000000000000e+00,0.0000000000000000e+00,0.0000000000000000e+00,0.0000000000000000e+00,199.995594874473,0
QK1_STK_case_0001,62460.000000,2023-11-26T04:29:00Z,J2000,-4778208.842648909,-4502073.154325266,-1809331.295226110,828.186509621601,2052.801432048311,-7320.331145907293,-4772584.450101311,-4488710.595091435,-1855658.367346819,866.407687307659,2088.795368404853,-7305.680911530896,-5624.392547597,-13362.559233831,46327.072120709,48542.655387654,-38.221177686057,-35.993936356542,-14.650234376397,54.507350379846,0.0000000000000000e+00,0.0000000000000000e+00,0.0000000000000000e+00,0.0000000000000000e+00,199.995594874473,0
QK1_STK_case_0001,62520.000000,2023-11-26T04:30:00Z,J2000,-4717695.233821942,-4368766.103519759,-2244093.499885927,1188.143071006141,2389.059290838809,-7166.246438317116,-4709790.975749291,-4353274.856009011,-2289436.164560432,1225.888258467279,2423.994341963478,-7148.095377123316,-7904.258072651,-15491.247510748,45342.664674505,48563.497453364,-37.745187461138,-34.935051124669,-18.151061193800,54.540058636022,0.0000000000000000e+00,0.0000000000000000e+00,0.0000000000000000e+00,0.0000000000000000e+00,199.995594874473,0
QK1_STK_case_0001,62580.000000,2023-11-26T04:31:00Z,J2000,-4635742.889382227,-4215606.089026459,-2668629.152452908,1542.539840381454,2714.316465381256,-6979.580941771784,-4625592.545219860,-4198054.544313299,-2712779.732347902,1579.635527752482,2748.031630735927,-6958.010794785953,-10150.344162367,-17551.544713161,44150.579894994,48583.535415785,-37.095687371028,-33.715165354671,-21.570146985830,54.571729287353,0.0000000000000000e+00,0.0000000000000000e+00,0.0000000000000000e+00,0.0000000000000000e+00,199.995594874473,0
QK1_STK_case_0001,62640.000000,2023-11-26T04:32:00Z,J2000,-4532733.894128476,-4043297.665785753,-3081009.159516754,1889.765795911397,3027.098778047628,-6761.217573080973,-4520381.556947691,-4023763.699211222,-3123765.357236351,1926.041842618702,3059.439042339680,-6736.325848265683,-12352.337180785,-19533.966574531,42756.197719597,48602.968298243,-36.276046707305,-32.340264292051,-24.891724815291,54.602584402851,0.0000000000000000e+00,0.0000000000000000e+00,0.0000000000000000e+00,0.0000000000000000e+00,199.995594874473,0
QK1_STK_case_0001,62700.000000,2023-11-26T04:33:00Z,J2000,-4409145.916737898,-3852632.038695144,-3479361.745893798,2228.247084262504,3325.993182483825,-6512.183020131176,-4394645.766279644,-3831202.628547462,-3520527.572143008,2263.537547272504,3356.810250916740,-6484.082361219427,-14500.150458253,-21429.410147682,41165.826249210,48622.003592712,-35.290463009999,-30.817068432915,-28.100658911749,54.632916062878,0.0000000000000000e+00,0.0000000000000000e+00,0.0000000000000000e+00,0.0000000000000000e+00,199.995594874473,0
QK1_STK_case_0001,62760.000000,2023-11-26T04:34:00Z,J2000,-4265549.763731673,-3644483.206196346,-3861880.895283399,2556.454078057574,3609.653902544700,-6233.641517940450,-4248965.791918744,-3621254.010935813,-3901267.555592031,2590.597930656259,3638.806815077750,-6202.458986916929,-16583.971812929,-23229.195260533,39386.660308632,48640.853650111,-34.143852598686,-29.152912533050,-31.182531023521,54.663015105950,0.0000000000000000e+00,0.0000000000000000e+00,0.0000000000000000e+00,0.0000000000000000e+00,199.995594874473,0
QK1_STK_case_0001,62820.000000,2023-11-26T04:35:00Z,J2000,-4102606.528539621,-3419803.752959072,-4226834.418185973,2872.907931018112,3876.808123040582,-5926.888680933454,-4084012.224941019,-3394878.654468059,-4264261.157934544,2905.749736437763,3904.163838841018,-5892.765115311279,-18594.303598602,-24925.098491013,37426.739748571,48659.731907512,-32.841805419651,-27.355715800436,-34.123565622175,54.693117491576,0.0000000000000000e+00,0.0000000000000000e+00,0.0000000000000000e+00,0.0000000000000000e+00,199.995594874473,0
QK1_STK_case_0001,62880.000000,2023-11-26T04:36:00Z,J2000,-3921064.345747442,-3179620.299450187,-4572571.637516395,3176.187225294670,4126.261742531849,-5593.344755365771,-3900542.339820157,-3153110.908335247,-4607866.546622696,3207.577875953517,4151.695774206188,-5556.433960784181,-20522.005927285,-26509.391114940,35294.909106301,48678.857354979,-31.390650658846,-25.434031674338,-36.910794581590,54.723575108368,0.0000000000000000e+00,0.0000000000000000e+00,0.0000000000000000e+00,0.0000000000000000e+00,199.995594874473,0
QK1_STK_case_0001,62940.000000,2023-11-26T04:37:00Z,J2000,-3721754.753373953,-2925028.620408976,-4897530.631820118,3464.934222316680,4356.904452678304,-5234.546586279635,-3699396.416274616,-2897053.748691747,-4930531.393447956,3494.731504749318,4380.301281552907,-5195.014400855312,-22358.337099336,-27974.871717230,33000.761627838,48698.449189481,-29.797282432638,-23.396828874604,-39.532185424323,54.754756196891,0.0000000000000000e+00,0.0000000000000000e+00,0.0000000000000000e+00,0.0000000000000000e+00,199.995594874473,0
QK1_STK_case_0001,63000.000000,2023-11-26T04:38:00Z,J2000,-3505588.712521273,-2657188.500791982,-5200244.981658993,3737.860001731439,4567.713405014233,-4852.139481357646,-3481493.729396142,-2627873.614598695,-5230799.571475029,3765.929099836067,4588.966824021226,-4810.163035171731,-24094.983125131,-29314.886193287,30554.589816035,48718.720458894,-28.069098104627,-21.253419006992,-41.976446185915,54.786897359615,0.0000000000000000e+00,0.0000000000000000e+00,0.0000000000000000e+00,0.0000000000000000e+00,199.995594874473,0
QK1_STK_case_0001,63060.000000,2023-11-26T04:39:00Z,J2000,-3273552.333589452,-2377318.390113406,-5479350.061553829,3993.749402018131,4757.756604082456,-4447.870106627621,-3247828.241902452,-2346795.037988159,-5507317.402992199,4019.963482735816,4776.770140387263,-4403.637034686506,-25724.091687001,-30523.352125247,27967.341438370,48739.882080421,-26.214080717686,-19.013536304808,-44.233071941115,54.820226595987,0.0000000000000000e+00,0.0000000000000000e+00,0.0000000000000000e+00,0.0000000000000000e+00,199.995594874473,0
QK1_STK_case_0001,63120.000000,2023-11-26T04:40:00Z,J2000,-3026702.284909735,-2086689.830496489,-5733588.898579797,4231.466594794005,4926.196990204057,-4023.578737458283,-2999463.978374660,-2055095.047008208,-5758839.464558364,4255.707357132394,4942.884299251697,-3977.286231053914,-27238.306535075,-31594.783488281,25250.565978567,48762.144833960,-24.240762338389,-16.687309047640,-46.292506404370,54.855054381491,0.0000000000000000e+00,0.0000000000000000e+00,0.0000000000000000e+00,0.0000000000000000e+00,199.995594874473,0
QK1_STK_case_0001,63180.000000,2023-11-26T04:41:00Z,J2000,-2766160.873198976,-1786621.643727005,-5961817.502816266,4449.960164160661,5072.296109566804,-3581.189439297906,-2737530.076726219,-1754097.332871485,-5984233.858058684,4472.118278891978,5086.581274899082,-3533.043191112219,-28630.796472757,-32524.310855521,22416.355242417,48785.718049909,-22.158114731317,-14.285165332278,-48.146248185688,54.891795483246,0.0000000000000000e+00,0.0000000000000000e+00,0.0000000000000000e+00,0.0000000000000000e+00,199.995594874473,0
QK1_STK_case_0001,63240.000000,2023-11-26T04:42:00Z,J2000,-2493110.873143957,-1478473.949041072,-6163009.578282377,4648.266313444628,5195.416009624481,-3122.699647689941,-2463215.595068041,-1445166.253118757,-6182486.857632091,4668.241676824772,5207.233663761658,-3072.912781371918,-29895.278075917,-33307.695922315,19477.279349715,48810.804846433,-19.975363380144,-11.817654137177,-49.786866318023,54.930903408222,0.0000000000000000e+00,0.0000000000000000e+00,0.0000000000000000e+00,0.0000000000000000e+00,199.995594874473,0
QK1_STK_case_0001,63300.000000,2023-11-26T04:43:00Z,J2000,-2208790.210591721,-1163642.110904638,-6336260.656674437,4825.510780936878,5295.019906478742,-2650.171609208549,-2177764.185532595,-1129700.777769082,-6352706.985098480,4843.212649421317,5304.315241040032,-2598.963944960060,-31026.025059126,-33941.333135556,16446.328424043,48837.588439846,-17.701868484439,-9.295334561290,-51.207664248489,54.972577438507,0.0000000000000000e+00,0.0000000000000000e+00,0.0000000000000000e+00,0.0000000000000000e+00,199.995594874473,0
QK1_STK_case_0001,63360.000000,2023-11-26T04:44:00Z,J2000,-1914486.520629475,-843550.637859375,-6480791.777946069,4980.911389090535,5370.673418544176,-2165.725592784719,-1882468.638185573,-809128.381771131,-6494128.655947434,4996.258777852035,5377.402436585933,-2113.323008362347,-32017.882443902,-34422.256088244,13336.878001365,48866.233998739,-15.347388761500,-6.729018041757,-52.402584422373,55.016841782738,0.0000000000000000e+00,0.0000000000000000e+00,0.0000000000000000e+00,0.0000000000000000e+00,199.995594874473,0
QK1_STK_case_0001,63420.000000,2023-11-26T04:45:00Z,J2000,-1611531.513493110,-519646.973492495,-6595952.752538661,5113.781824596284,5422.046836484289,-1671.532165342669,-1578665.218833867,-484898.817682296,-6606115.390007253,5126.703891750243,5426.176568322498,-1618.165580125790,-32866.294659243,-34748.155810199,10162.637468593,48896.900281676,-12.922067153959,-4.129731838209,-53.366585216879,55.063844056671,0.0000000000000000e+00,0.0000000000000000e+00,0.0000000000000000e+00,0.0000000000000000e+00,199.995594874473,0
QK1_STK_case_0001,63480.000000,2023-11-26T04:46:00Z,J2000,-1301295.116906915,-193395.159350666,-6681224.888589472,5223.534865811608,5448.916713402597,-1169.802292029045,-1267727.796079710,-158477.773128058,-6688162.476543950,5233.971130061335,5450.425271118915,-1115.706681133610,-33567.320827206,-34917.386222608,6937.587954479,48929.735486322,-10.436264249727,-1.508557716318,-54.095610895435,55.113759407464,0.0000000000000000e+00,0.0000000000000000e+00,0.0000000000000000e+00,0.0000000000000000e+00,199.995594874473,0
QK1_STK_case_0001,63540.000000,2023-11-26T04:47:00Z,J2000,-985179.471795884,133730.550711011,-6736223.114338048,5309.684209072781,5451.166062737500,-662.777478577034,-951061.824131132,168659.517784978,-6739899.040816134,5317.584742335453,5450.042663787492,-608.190930482287,-34117.647664752,-34928.967073967,3675.926478086,48964.875763171,-7.900533262672,1.123398950009,-54.586548094748,55.166762492788,0.0000000000000000e+00,0.0000000000000000e+00,0.0000000000000000e+00,0.0000000000000000e+00,199.995594874473,0
QK1_STK_case_0001,63600.000000,2023-11-26T04:48:00Z,J2000,-664612.832686390,460252.073677443,-6760697.541938277,5371.845982139966,5428.784236670294,-152.720884373541,-630098.232506240,495034.658204868,-6761089.550474717,5377.171557354386,5425.029190615516,-97.883682605472,-34514.600180150,-34782.584527426,392.008536441,49002.443640045,-5.325575214421,3.755046054778,-54.837201768070,55.223009878039,0.0000000000000000e+00,0.0000000000000000e+00,0.0000000000000000e+00,0.0000000000000000e+00,199.995594874473,0
QK1_STK_case_0001,63660.000000,2023-11-26T04:49:00Z,J2000,-341043.371866642,784693.879640001,-6754534.498186156,5409.740363967673,5381.866975042246,358.091739215603,-306287.222920702,819172.469275972,-6751634.792603856,5412.462596741808,5375.491684951699,412.938018960268,-34756.148945939,-34478.589635971,-2899.705582300,49042.546072793,-2.722232774135,6.375290090546,-54.846279744666,55.282630878471,0.0000000000000000e+00,0.0000000000000000e+00,0.0000000000000000e+00,0.0000000000000000e+00,199.995594874473,0
QK1_STK_case_0001,63720.000000,2023-11-26T04:50:00Z,J2000,-15932.906532854,1105589.364778614,-6717756.988036140,5423.192338825042,5310.615895517013,867.381830474249,18908.011569218,1139607.363141354,-6711572.280861598,5423.293733655913,5301.642792359402,921.995327542822,-34840.918102072,-34017.998362741,-6184.707174541,49085.276709391,-0.101394830869,8.973103157611,-54.613497068573,55.345830224579,0.0000000000000000e+00,0.0000000000000000e+00,0.0000000000000000e+00,0.0000000000000000e+00,199.995594874473,0
QK1_STK_case_0001,63780.000000,2023-11-26T04:51:00Z,J2000,309249.374865572,1421487.161896735,-6650524.587392368,5412.131072395834,5215.336986766564,1372.876899695348,344017.556404351,1454889.644443403,-6641076.090073368,5409.604888559718,5203.799329737960,1427.016253905286,-34768.181538779,-33402.482546669,-9448.497319001,49130.707193986,2.526183836116,11.537657028605,-54.139354209938,55.412713421675,0.0000000000000000e+00,0.0000000000000000e+00,0.0000000000000000e+00,0.0000000000000000e+00,199.995594874473,0
QK1_STK_case_0001,63840.000000,2023-11-26T04:52:00Z,J2000,633033.146640586,1730957.357718772,-6553132.863972623,5376.589537908659,5096.439230163529,1872.317410034421,667571.004900305,1763591.718512074,-6540456.241703668,5371.439895093279,5082.381083573606,1925.742287353215,-34537.858259719,-32634.360793302,-12676.622268955,49178.876661689,5.149642815380,14.058146589924,-53.424877318794,55.483040861131,0.0000000000000000e+00,0.0000000000000000e+00,0.0000000000000000e+00,0.0000000000000000e+00,199.995594874473,0
QK1_STK_case_0001,63900.000000,2023-11-26T04:53:00Z,J2000,953953.208668794,2032597.658981750,-6426012.404608862,5316.706053647814,4954.434370473564,2363.463561298967,988103.738843478,2064314.262775789,-6410157.691386602,5308.948257227364,4937.910679510715,2415.935540227830,-34150.530174684,-31716.603794039,-15854.713222259,49229.803968735,7.757796420450,16.523690962848,-52.471978928863,55.556496839235,0.0000000000000000e+00,0.0000000000000000e+00,0.0000000000000000e+00,0.0000000000000000e+00,199.995594874473,0
QK1_STK_case_0001,63960.000000,2023-11-26T04:54:00Z,J2000,1270555.880401497,2325039.559782642,-6269727.359501770,5232.726540124503,4789.936758852914,2844.104927065764,1304163.335541908,2355692.392471408,-6250758.808726012,5222.387205712334,4771.013251654041,2895.388614586104,-33607.455140411,-30652.832688766,-18968.550775758,49283.497353502,10.339334412169,18.923507198873,-51.283687520340,55.632882061568,0.0000000000000000e+00,0.0000000000000000e+00,0.0000000000000000e+00,0.0000000000000000e+00,199.995594874473,0
QK1_STK_case_0001,64020.000000,2023-11-26T04:55:00Z,J2000,1581405.476044968,2606954.452270611,-6084973.333948599,5125.004680900361,4603.661512594136,3312.071985426964,1614316.043776131,2636401.761555892,-6062969.204004730,5112.121672337023,4582.414490267514,3361.936120153016,-32910.567731163,-29447.309285281,-22004.129943869,49339.955686210,12.883008563337,21.247022326621,-49.864134726052,55.712115373308,0.0000000000000000e+00,0.0000000000000000e+00,0.0000000000000000e+00,0.0000000000000000e+00,199.995594874473,0
QK1_STK_case_0001,64080.000000,2023-11-26T04:56:00Z,J2000,1885090.712763929,2877059.579472289,-5872574.611352720,4993.999785376376,4396.421317320552,3765.246531772680,1917153.185061132,2905164.501179655,-5847626.887546699,4978.622003004520,4372.937355433690,3813.464977066583,-32062.472297202,-28104.921707365,-24947.723806021,49399.166765113,15.377782371856,23.483961886861,-48.218445293904,55.794185388273,0.0000000000000000e+00,0.0000000000000000e+00,0.0000000000000000e+00,0.0000000000000000e+00,199.995594874473,0
QK1_STK_case_0001,64140.000000,2023-11-26T04:57:00Z,J2000,2180230.970732966,3134123.791318336,-5633480.814908518,4840.274298762774,4169.123227458072,4201.570086184352,2211297.399353200,3160754.956969349,-5605694.877028750,4822.461478293373,4143.498907206722,4247.922600487085,-31066.428620234,-26631.165651013,-27785.937879768,49461.099007261,17.812820469401,25.624320251350,-46.352514302733,55.878957968128,0.0000000000000000e+00,0.0000000000000000e+00,0.0000000000000000e+00,0.0000000000000000e+00,199.995594874473,0
QK1_STK_case_0001,64200.000000,2023-11-26T04:58:00Z,J2000,2465482.430821139,3376973.123352833,-5368763.088974894,4664.492279866415,3922.765928180856,4619.051788403902,2495408.775999364,3402005.254914794,-5338257.334216812,4644.314978089334,3895.107650361550,4663.324864686475,-29926.345178224,-25032.131561961,-30505.754758083,49525.698577828,20.177301777081,27.658277819306,-44.273076282573,55.966142644065,0.0000000000000000e+00,0.0000000000000000e+00,0.0000000000000000e+00,0.0000000000000000e+00,199.995594874473,0
QK1_STK_case_0001,64260.000000,2023-11-26T04:59:00Z,J2000,2739544.139244996,3604496.209289171,-5079609.783635323,4467.418301319267,3658.436793072089,5015.777190145138,2768190.917714370,3627810.700243597,-5046515.192544833,4444.957814184582,3628.860477838103,5057.765058818268,-28646.778469373,-23314.490954426,-33094.591090490,49592.896311711,22.460487134684,29.576315233986,-41.987868673130,56.055445951838,0.0000000000000000e+00,0.0000000000000000e+00,0.0000000000000000e+00,0.0000000000000000e+00,199.995594874473,0
QK1_STK_case_0001,64320.000000,2023-11-26T05:00:00Z,J2000,3001163.988883559,3815649.494725644,-4767321.587022843,4249.915617297256,3377.308158243688,5389.917724108388,3028396.912775590,3837134.970542118,-4731781.229864296,4225.263795596969,3345.938895796525,5429.423329365848,-27232.923892031,-21485.475816475,-35540.357158548,49662.609695087,24.651821700287,31.369262447163,-39.505605257460,56.146556318086,0.0000000000000000e+00,0.0000000000000000e+00,0.0000000000000000e+00,0.0000000000000000e+00,199.995594874473,0
QK1_STK_case_0001,64380.000000,2023-11-26T05:01:00Z,J2000,3249144.560503728,4009462.206633416,-4433306.089037846,4012.943374444822,3080.632964458407,5739.740130060387,3274835.163841597,4029015.063429205,-4395474.572305274,3986.202376468570,3047.604601107311,5776.576159323537,-25690.603337870,-19552.856795790,-37831.516732572,49734.746073819,26.740997976251,33.028363351095,-36.836029263151,56.239192831099,0.0000000000000000e+00,0.0000000000000000e+00,0.0000000000000000e+00,0.0000000000000000e+00,199.995594874473,0
QK1_STK_case_0001,64440.000000,2023-11-26T05:02:00Z,J2000,3482348.772854220,4185041.042286294,-4079071.782739511,3757.553014883757,2769.739685223140,6063.615748838943,3506375.019302515,4202565.956441784,-4039114.634543810,3728.834938847127,2735.194295680728,6097.605603503673,-24026.246448295,-17524.914155490,-39957.148195701,49809.204234606,28.718076036629,34.545389542412,-33.989854664730,56.333134565832,0.0000000000000000e+00,0.0000000000000000e+00,0.0000000000000000e+00,0.0000000000000000e+00,199.995594874473,0
QK1_STK_case_0001,64500.000000,2023-11-26T05:03:00Z,J2000,3699705.290394609,4341574.526726681,-3706221.525296972,3484.883827645580,2446.026414861534,6360.029080585970,3721952.157672426,4356984.932262078,-3664314.526853531,3454.310315104678,2410.113757558076,6391.007740087263,-22246.867277817,-15410.405535396,-41906.998443441,49885.871957708,30.573512540903,35.912657303458,-30.978659501293,56.428148721905,0.0000000000000000e+00,0.0000000000000000e+00,0.0000000000000000e+00,0.0000000000000000e+00,199.995594874473,0
QK1_STK_case_0001,64560.000000,2023-11-26T05:04:00Z,J2000,3900213.650839719,4478337.006887619,-3316445.524189628,3196.158195485052,2110.954818103584,6627.585096711762,3920573.691476113,4491555.540159753,-3272773.989776138,3163.860015491945,2073.831773427109,6655.399938538576,-20360.040636394,-13218.533272134,-43671.534413490,49964.625432508,32.298179993107,37.123044676475,-27.814841826814,56.523962199843,0.0000000000000000e+00,0.0000000000000000e+00,0.0000000000000000e+00,0.0000000000000000e+00,199.995594874473,0
QK1_STK_case_0001,64620.000000,2023-11-26T05:05:00Z,J2000,4082949.115607822,4594692.295308255,-2911513.902649438,2892.677126099611,1766.044483967335,6865.016172524594,4101322.991804733,4605651.205683042,-2866271.912439748,2858.793784370434,1727.874537832322,6889.527758381153,-18373.876196910,-10958.910374788,-45241.990209689,50045.326667289,33.883341729177,38.169946135013,-24.511585856558,56.620168455148,0.0000000000000000e+00,0.0000000000000000e+00,0.0000000000000000e+00,0.0000000000000000e+00,199.995594874473,0
QK1_STK_case_0001,64680.000000,2023-11-26T05:06:00Z,J2000,4247067.251752145,4690096.972262065,-2493268.827051125,2575.815615271786,1412.867002768061,7071.189863098533,4263364.247998719,4698738.502446721,-2446658.408003023,2540.494925250142,1373.819656367614,7092.272932791378,-16296.996246575,-8641.530184656,-46610.419048101,50127.829540414,35.320690021643,39.047346400447,-21.083069692844,56.716331265297,0.0000000000000000e+00,0.0000000000000000e+00,0.0000000000000000e+00,0.0000000000000000e+00,199.995594874473,0
QK1_STK_case_0001,64740.000000,2023-11-26T05:07:00Z,J2000,4391808.200019076,4764103.292852608,-2063616.147805951,2247.016642044081,1053.038571950188,7245.117133891234,4405946.702318378,4770380.015247603,-2015846.392230856,2210.414025383045,1013.288478177127,7262.661556666288,-14138.502299303,-6276.722394995,-47769.755575095,50211.990988165,36.602616661036,39.750093773061,-17.544422775054,56.812219389069,0.0000000000000000e+00,0.0000000000000000e+00,0.0000000000000000e+00,0.0000000000000000e+00,199.995594874473,0
QK1_STK_case_0001,64800.000000,2023-11-26T05:08:00Z,J2000,4516500.530357421,4816361.604180674,-1624516.581222176,1907.783488951653,688.211210283159,7385.959042760547,4528408.458020592,4820236.702192836,-1575802.719462185,1870.061190704421,647.937296392861,7399.870430504440,-11907.927663170,-3875.098012162,-48713.861759991,50297.668468893,37.722298247231,40.273913890299,-13.911387743893,56.907702765594,0.0000000000000000e+00,0.0000000000000000e+00,0.0000000000000000e+00,0.0000000000000000e+00,199.995594874473,0
QK1_STK_case_0001,64860.000000,2023-11-26T05:09:00Z,J2000,4620564.617664013,4846622.232311790,-1177976.567541519,1559.671785716450,320.064209717662,7493.030967331076,4630179.811779788,4848069.733794911,-1128539.007834834,1520.998166520432,279.448892126763,7503.231215329958,-9615.194115775,-1447.501483121,-49437.559706685,50384.715223763,38.673619196018,40.615317590899,-10.200247998882,57.002613132793,0.0000000000000000e+00,0.0000000000000000e+00,0.0000000000000000e+00,0.0000000000000000e+00,199.995594874473,0
QK1_STK_case_0001,64920.000000,2023-11-26T05:10:00Z,J2000,4703515.563140015,4854736.885608088,-726038.909214039,1204.282271568092,-49.703589085702,7565.806070867285,4710786.132031496,4853741.847926749,-676102.244112686,1164.831083688946,-90.475219432948,7572.233880357178,-7270.568891481,995.037681339,-49936.665101353,50472.980825762,39.451187879146,40.771630347245,-6.427809489893,57.096749479164,0.0000000000000000e+00,0.0000000000000000e+00,0.0000000000000000e+00,0.0000000000000000e+00,199.995594874473,0
QK1_STK_case_0001,64980.000000,2023-11-26T05:11:00Z,J2000,4764965.685345376,4840659.590994173,-270773.192881145,843.253506163342,-419.381831898439,7603.918970128698,4769850.305338333,4837218.235627277,-220565.176371992,803.203140744217,-460.122870519545,7606.530338459356,-4884.619992958,3441.355366896,-50208.016509153,50562.311666104,40.050365419124,40.741038621107,-2.611368330658,57.189887591167,0.0000000000000000e+00,0.0000000000000000e+00,0.0000000000000000e+00,0.0000000000000000e+00,199.995594874473,0
QK1_STK_case_0001,65040.000000,2023-11-26T05:12:00Z,J2000,4804626.551083614,4804447.120165792,185733.992680839,478.253809091172,-787.257576367750,7607.168671837752,4807094.720452460,4798566.913635017,235983.496174741,437.786451719965,-827.780266769671,7605.937315646774,-2468.169368845,5880.206530775,-50249.503493902,50652.554627200,40.467357371207,40.522690401921,1.231356190979,57.281861772188,0.0000000000000000e+00,0.0000000000000000e+00,0.0000000000000000e+00,0.0000000000000000e+00,199.995594874473,0
QK1_STK_case_0001,65100.000000,2023-11-26T05:13:00Z,J2000,4822310.507587151,4746258.870450206,641388.968367433,110.972805553430,-1151.624391995714,7575.519942898391,4822342.747089329,4737958.545720072,691449.054905475,70.273546224759,-1191.741090518472,7570.437507818627,-32.239502179,8300.324730134,-50060.086538041,50743.558154778,40.699259328671,40.116698522758,5.082435079765,57.372557521940,0.0000000000000000e+00,0.0000000000000000e+00,0.0000000000000000e+00,0.0000000000000000e+00,199.995594874473,0
QK1_STK_case_0001,65160.000000,2023-11-26T05:14:00Z,J2000,4817931.711386277,4666356.214282736,1094100.924390284,-256.886859842039,-1510.790929760343,7509.103691951519,4815519.713525534,4655665.737794096,1143740.730915568,-297.630858172479,-1550.314975275384,7500.179942084596,2411.997860743,10690.476488640,-49639.806525284,50835.169057475,40.743998330440,39.524045515041,8.923749866923,57.461786306321,0.0000000000000000e+00,0.0000000000000000e+00,0.0000000000000000e+00,0.0000000000000000e+00,199.995594874473,0
QK1_STK_case_0001,65220.000000,2023-11-26T05:15:00Z,J2000,4791506.658153756,4565101.343182082,1541791.894532807,-623.617995498625,-1863.089329471143,7408.217123992263,4786653.384243527,4552061.828089157,1590781.692733580,-664.218446756295,-1901.835999825238,7395.480141058219,4853.273910228,13039.515092925,-48989.798200773,50927.237793334,40.600451257670,38.746670354094,12.736982934043,57.549386096789,0.0000000000000000e+00,0.0000000000000000e+00,0.0000000000000000e+00,0.0000000000000000e+00,199.995594874473,0
QK1_STK_case_0001,65280.000000,2023-11-26T05:16:00Z,J2000,4743154.181342548,4442955.596335685,1982406.719256917,-987.518141474268,-2206.884021007997,7273.322990814559,4735873.896988807,4427619.155649427,2030519.015238848,-1027.786695672520,-2244.671533497860,7256.819137108935,7280.284353740,15336.440686257,-48112.295981930,51019.623458501,40.268554198252,37.787512489862,16.503853705625,57.635316816391,0.0000000000000000e+00,0.0000000000000000e+00,0.0000000000000000e+00,0.0000000000000000e+00,199.995594874473,0
QK1_STK_case_0001,65340.000000,2023-11-26T05:17:00Z,J2000,4673094.879568944,4300477.258903206,2413922.908599096,-1346.899142665771,-2540.580436432943,7105.046912698579,4663413.128191551,4282906.801362606,2460933.533297950,-1386.648379839686,-2577.230868624913,7084.840623629567,9681.751377392,17570.457540601,-47010.624698854,51112.191525077,39.749237173915,36.650432191970,20.206289069012,57.719582064554,0.0000000000000000e+00,0.0000000000000000e+00,0.0000000000000000e+00,0.0000000000000000e+00,199.995594874473,0
QK1_STK_case_0001,65400.000000,2023-11-26T05:18:00Z,J2000,4581649.987824303,4138318.857877164,2834360.295485790,-1700.096012337355,-2862.633050229681,6904.173311809504,4569603.506131348,4118587.828633319,2880049.481484013,-1739.140407768421,-2897.973271004311,6880.346808898510,12046.481692955,19731.029243845,-45689.185998223,51204.813771563,39.044395431066,35.340220774630,23.826502910994,57.802234039393,0.0000000000000000e+00,0.0000000000000000e+00,0.0000000000000000e+00,0.0000000000000000e+00,199.995594874473,0
QK1_STK_case_0001,65460.000000,2023-11-26T05:19:00Z,J2000,4469239.737747289,3957223.985067502,3241790.427754954,-2045.475219663143,-3171.553210735137,6671.640753092920,4454876.313498853,3935416.050190480,3285943.864193839,-2083.632075698641,-3205.415792785197,6644.293617227515,14363.424248436,21807.934877022,-44153.436438885,51297.367662519,38.156856035498,33.862582050060,27.347135865405,57.883382465537,0.0000000000000000e+00,0.0000000000000000e+00,0.0000000000000000e+00,0.0000000000000000e+00,199.995594874473,0
QK1_STK_case_0001,65520.000000,2023-11-26T05:20:00Z,J2000,4336381.225364784,3758023.650843715,3634345.652174219,-2381.442809192656,-3465.916841087419,6408.536225496234,4319759.501158545,3734232.329715995,3676755.510811315,-2418.533146311468,-3498.140914811368,6377.784881424704,16621.724206239,23791.321127720,-42409.858637096,51389.734249255,37.090337118812,32.224073723949,30.751344071530,57.963171041268,0.0000000000000000e+00,0.0000000000000000e+00,0.0000000000000000e+00,0.0000000000000000e+00,199.995594874473,0
QK1_STK_case_0001,65580.000000,2023-11-26T05:21:00Z,J2000,4183685.804882032,3541632.202630866,4010227.815154224,-2706.451978900697,-3744.371092399550,6116.088191531399,4164875.028761581,3515960.450406611,4050693.743148232,-2742.301396968766,-3774.803110302257,6082.065262262705,18810.776120451,25671.752224255,-40465.927994008,51481.797646678,35.849418068069,30.432017902708,34.022929268694,58.041779826884,0.0000000000000000e+00,0.0000000000000000e+00,0.0000000000000000e+00,0.0000000000000000e+00,199.995594874473,0
QK1_STK_case_0001,65640.000000,2023-11-26T05:22:00Z,J2000,4011856.057093851,3309042.890033423,4367716.538131991,-3019.009682511253,-4005.639534109760,5795.659594754759,3990935.785065777,3281602.640110173,4406046.610152071,-3053.449091965269,-4034.133852378266,5758.513298543292,20920.272028074,27440.249923251,-38330.072020080,51573.438111528,34.439409454015,28.494318268505,37.146296211468,58.119243107239,0.0000000000000000e+00,0.0000000000000000e+00,0.0000000000000000e+00,0.0000000000000000e+00,199.995594874473,0
QK1_STK_case_0001,65700.000000,2023-11-26T05:23:00Z,J2000,3821682.378853809,3061323.135339687,4705177.101433256,-3317.682818687174,-4248.527050846019,5448.741832882942,3798742.134158135,3032234.806370401,4741188.741694609,-3350.549216782486,-4274.946616642495,5408.635535581090,22940.244695674,29088.328969286,-36011.640261353,51664.532739936,32.866398095312,26.419565796475,40.106297301851,58.195435077833,0.0000000000000000e+00,0.0000000000000000e+00,0.0000000000000000e+00,0.0000000000000000e+00,199.995594874473,0
QK1_STK_case_0001,65760.000000,2023-11-26T05:24:00Z,J2000,3614039.186750019,2799609.481027436,5021067.972556729,-3601.105033092935,-4471.925851858781,5076.948604448047,3589178.067397350,2769001.435254238,5054588.846278971,-3632.242426036352,-4496.143087892583,5034.060136973064,24861.119352669,30608.045773198,-33520.873722242,51754.967844878,31.137392943417,24.217236033802,42.888467474983,58.270338962308,0.0000000000000000e+00,0.0000000000000000e+00,0.0000000000000000e+00,0.0000000000000000e+00,199.995594874473,0
QK1_STK_case_0001,65820.000000,2023-11-26T05:25:00Z,J2000,3389880.693010577,2525102.151316463,5313947.906431114,-3867.984028469105,-4674.822045258858,4682.007442223871,3363206.924275521,2493110.101538866,5344816.756798418,-3897.244288423501,-4696.719595343620,4636.528062724365,26673.768735056,31992.049777597,-30868.850367304,51844.643990508,29.260259954396,21.897550084763,45.479379499507,58.344146852736,0.0000000000000000e+00,0.0000000000000000e+00,0.0000000000000000e+00,0.0000000000000000e+00,199.995594874473,0
QK1_STK_case_0001,65880.000000,2023-11-26T05:26:00Z,J2000,3150236.260720190,2239059.257312824,5582482.456160336,-4117.108009379333,-4856.300538986497,4265.748873706421,3121866.701089905,2205825.637994932,5610549.876620562,-4144.351606539836,-4875.771777542249,4217.882154409286,28369.559630285,33233.619317893,-28067.420460226,51933.471459879,27.243597160504,19.471238555752,47.866719297135,58.417168139251,0.0000000000000000e+00,0.0000000000000000e+00,0.0000000000000000e+00,0.0000000000000000e+00,199.995594874473,0
QK1_STK_case_0001,65940.000000,2023-11-26T05:27:00Z,J2000,2896205.418381334,1942790.785768649,5825449.820960687,-4347.350648062894,-5015.547492418481,3830.095535561153,2866265.024818988,1908464.098976960,5850578.961580547,-4372.447253943396,-5032.496840349401,3780.056282698602,29940.393562346,34326.686791689,-25129.140619860,52021.363890767,25.096605880503,16.949347930921,50.039252862551,58.489715754541,0.0000000000000000e+00,0.0000000000000000e+00,0.0000000000000000e+00,0.0000000000000000e+00,199.995594874473,0
QK1_STK_case_0001,66000.000000,2023-11-26T05:28:00Z,J2000,2628952.610327679,1637652.485282420,6041746.080335332,-4557.675011990281,-5151.851558003420,3377.052666450315,2597573.870731472,1602386.629857511,6063813.293189377,-4580.504006785133,-5166.194744367318,3325.065988455111,31378.739596207,35265.855424909,-22067.212854045,52108.231025845,22.828994794852,14.343186363898,51.986677995204,58.561973048984,0.0000000000000000e+00,0.0000000000000000e+00,0.0000000000000000e+00,0.0000000000000000e+00,199.995594874473,0
QK1_STK_case_0001,66060.000000,2023-11-26T05:29:00Z,J2000,2349701.728938071,1325039.671818473,6230389.894889669,-4747.136976116230,-5264.605535893802,2908.699692400930,2317024.064667193,1288993.254789001,6249285.325577416,-4767.587941702117,-5276.269961918051,2855.000121458046,32677.664270878,36046.417029472,-18895.430687747,52193.976891383,20.450965585886,11.664426024249,53.699570942884,58.633989693011,0.0000000000000000e+00,0.0000000000000000e+00,0.0000000000000000e+00,0.0000000000000000e+00,199.995594874473,0
QK1_STK_case_0001,66120.000000,2023-11-26T05:30:00Z,J2000,2059730.449797692,1006380.903081566,6390526.706747280,-4914.888416216753,-5353.309082539837,2427.181761649854,2025899.589750546,969716.525696357,6406154.831372200,-4932.861594308966,-5362.234295870319,2372.012281399219,33830.860047146,36664.377385208,-15628.124624920,52278.503611586,17.973178092213,8.925213330483,55.169480250635,58.705758787824,0.0000000000000000e+00,0.0000000000000000e+00,0.0000000000000000e+00,0.0000000000000000e+00,199.995594874473,0
QK1_STK_case_0001,66180.000000,2023-11-26T05:31:00Z,J2000,1760364.377673382,683131.473590640,6521432.405049191,-5060.180327103628,-5417.571787162682,1934.700288344238,1725531.704776938,646014.988134030,6533712.505216840,-5075.587095503151,-5423.709939470599,1878.311216861224,34832.672896444,37116.485456610,-12280.100167649,52361.717445944,15.406768399523,6.138152307917,56.389071483014,58.777315428558,0.0000000000000000e+00,0.0000000000000000e+00,0.0000000000000000e+00,0.0000000000000000e+00,199.995594874473,0
QK1_STK_case_0001,66240.000000,2023-11-26T05:32:00Z,J2000,1452971.009755610,356766.748285481,6622516.388995964,-5182.365759262183,-5457.115254972115,1433.502350509791,1417292.878862130,319366.492952573,6631382.953223245,-5195.129055931558,-5460.431324181808,1376.150057925281,35678.130893480,37400.255332909,-8866.564227281,52443.532339227,12.763296669376,3.316069209694,57.352292584510,58.848819202880,0.0000000000000000e+00,0.0000000000000000e+00,0.0000000000000000e+00,0.0000000000000000e+00,199.995594874473,0
QK1_STK_case_0001,66300.000000,2023-11-26T05:33:00Z,J2000,1138953.540327684,28775.427517651,6693323.979261280,-5280.902027296610,-5471.773200133049,925.869859133184,1102590.576371222,-8738.542601376,6698727.030667169,-5290.956630199515,-5472.244996249815,867.815641089397,36362.963956462,37513.970119027,-5403.051405889,52523.861875198,10.054602902905,0.471796116766,58.054218043788,58.920368836138,0.0000000000000000e+00,0.0000000000000000e+00,0.0000000000000000e+00,0.0000000000000000e+00,199.995594874473,0
QK1_STK_case_0001,66360.000000,2023-11-26T05:34:00Z,J2000,819744.561445382,-299347.146619129,6733538.217994820,-5355.352122974268,-5461.490375744250,414.110242528479,782860.939842030,-336803.831397103,6735443.581168646,-5362.644969933260,-5459.108609693568,355.619328958952,36883.621603352,37456.684777974,-1905.363173826,52602.615771080,7.292846958991,-2.381766050681,58.490913569527,58.991909585004,0.0000000000000000e+00,0.0000000000000000e+00,0.0000000000000000e+00,0.0000000000000000e+00,199.995594874473,0
QK1_STK_case_0001,66420.000000,2023-11-26T05:35:00Z,J2000,496799.672956404,-626105.639847330,6742981.155747802,-5405.386516942053,-5426.322391463396,-99.451731286451,459562.378700758,-663333.872639634,6741370.660259818,-5409.877059748138,-5421.090805890247,-158.111252697991,37237.294255646,37228.232792304,1610.495487985,52679.702884852,4.490542806084,-5.231585573150,58.659521411540,59.063304297452,0.0000000000000000e+00,0.0000000000000000e+00,0.0000000000000000e+00,0.0000000000000000e+00,199.995594874473,0
QK1_STK_case_0001,66480.000000,2023-11-26T05:36:00Z,J2000,171590.959606244,-950011.401149613,6721614.616490887,-5430.785631707959,-5366.436508758764,-612.483531830398,134169.026744748,-986840.634152940,6716486.232432985,-5432.446186732654,-5358.372031482107,-671.041939435716,37421.932861496,36829.233003328,5128.384057902,52755.035643520,1.660555024696,-8.064477276657,58.558407605318,59.134425997099,0.0000000000000000e+00,0.0000000000000000e+00,0.0000000000000000e+00,0.0000000000000000e+00,199.995594874473,0
QK1_STK_case_0001,66540.000000,2023-11-26T05:37:00Z,J2000,-154399.662891422,-1269589.162282508,6669540.316575494,-5431.441450125002,-5282.111315858992,-1122.656627404462,-191835.931751922,-1305850.259612058,6660908.210072576,-5430.257424493026,-5271.244039020033,-1180.844066329393,37436.268860500,36261.097329550,8632.106502917,52828.540282848,-1.184025631976,-10.867276838960,58.187438924931,59.205385491814,0.0000000000000000e+00,0.0000000000000000e+00,0.0000000000000000e+00,0.0000000000000000e+00,199.995594874473,0
QK1_STK_case_0001,66600.000000,2023-11-26T05:38:00Z,J2000,-479687.136988081,-1583383.649824407,6586999.274297802,-5407.357044813177,-5173.734180638978,-1627.657857955292,-516966.954362584,-1618909.667469745,6574893.772651472,-5403.326821071610,-5160.106994096715,-1685.205615475181,37279.817374503,35526.017645337,12105.501646330,52900.150125708,-4.030223741567,-13.627186542264,57.547757519889,59.276363856369,0.0000000000000000e+00,0.0000000000000000e+00,0.0000000000000000e+00,0.0000000000000000e+00,199.995594874473,0
QK1_STK_case_0001,66660.000000,2023-11-26T05:39:00Z,J2000,-802789.885597238,-1889966.019329844,6474370.616047306,-5358.645146964139,-5041.798303465085,-2125.197992907726,-839742.754150582,-1924592.965156453,6458838.114382635,-5351.780055779064,-5025.466750502885,-2181.839316720575,36952.868553344,34626.945826609,15532.501664671,52969.788366225,-6.865091185074,-16.331552962201,56.641323812849,59.347187485243,0.0000000000000000e+00,0.0000000000000000e+00,0.0000000000000000e+00,0.0000000000000000e+00,199.995594874473,0
QK1_STK_case_0001,66720.000000,2023-11-26T05:40:00Z,J2000,-1122236.373956684,-2187940.161508818,6332169.921669156,-5285.527884265551,-4886.901677065474,-2613.019174711520,-1158692.869945222,-2221507.759052793,6313272.734824392,-5275.852404996924,-4867.934066614873,-2668.490437730444,36456.495988537,33567.597543975,18897.186844764,53037.377153121,-9.675479268627,-18.967610450602,55.471263018924,59.417557726636,0.0000000000000000e+00,0.0000000000000000e+00,0.0000000000000000e+00,0.0000000000000000e+00,199.995594874473,0
QK1_STK_case_0001,66780.000000,2023-11-26T05:41:00Z,J2000,-1436571.691787479,-2475948.984310277,6161047.053948180,-5188.337253063646,-4709.746623489057,-3088.905201307381,-1472364.255104970,-2508301.434427898,6138863.181879503,-5175.888985975798,-4688.223806761283,-3142.947401289223,35792.563317491,32352.450117622,22183.872068676,53102.851123167,-12.448267087848,-21.522816727773,54.042199981842,59.487396751456,0.0000000000000000e+00,0.0000000000000000e+00,0.0000000000000000e+00,0.0000000000000000e+00,199.995594874473,0
QK1_STK_case_0001,66840.000000,2023-11-26T05:42:00Z,J2000,-1744364.116104826,-2752680.592067066,5961783.296435327,-5067.513730448368,-4511.136552244300,-3550.693390618854,-1779327.830689797,-2783667.310630032,5936406.108259516,-5052.343197644154,-4487.151456854561,-3603.053410857722,34963.714584972,30986.718562966,25377.188175811,53166.152245487,-15.170532804214,-23.985095389739,52.360020238868,59.556708990955,0.0000000000000000e+00,0.0000000000000000e+00,0.0000000000000000e+00,0.0000000000000000e+00,199.995594874473,0
QK1_STK_case_0001,66900.000000,2023-11-26T05:43:00Z,J2000,-2044211.536405399,-3016874.197027444,5735287.850283538,-4923.603515965974,-4291.970870480821,-3996.283725818236,-2078184.900738170,-3046350.526426159,5706825.699766366,-4905.773975519502,-4265.628038896756,-4046.715396965016,33973.364332771,29476.329398715,28462.150517173,53227.225091779,-17.829540446472,-26.342831584064,50.431671146780,59.625420275716,0.0000000000000000e+00,0.0000000000000000e+00,0.0000000000000000e+00,0.0000000000000000e+00,199.995594874473,0
QK1_STK_case_0001,66960.000000,2023-11-26T05:44:00Z,J2000,-2334747.740246973,-3267325.759867348,5482593.867225873,-4757.256873096113,-4053.241387695399,-4423.645772193681,-2367573.426917655,-3295153.654883042,5451169.644028278,-4736.844175327398,-4024.656630970211,-4471.910846147865,32825.686670682,27827.895015694,31424.223197596,53286.013643156,-20.412697768714,-28.584756725189,48.265073954185,59.693248454394,0.0000000000000000e+00,0.0000000000000000e+00,0.0000000000000000e+00,0.0000000000000000e+00,199.995594874473,0
QK1_STK_case_0001,67020.000000,2023-11-26T05:45:00Z,J2000,-2614648.637669990,-3502893.475752973,5204854.020698701,-4569.227415014649,-3796.030424792506,-4830.827713331015,-2646174.246780097,-3528942.173430115,5170604.643015061,-4546.319979625965,-3765.330681720340,-4876.697132315975,31525.609110107,26048.697677142,34249.377683640,53342.464811396,-22.907435388684,-30.699743072165,45.869418984960,59.759755846234,0.0000000000000000e+00,0.0000000000000000e+00,0.0000000000000000e+00,0.0000000000000000e+00,199.995594874473,0
QK1_STK_case_0001,67080.000000,2023-11-26T05:46:00Z,J2000,-2882638.394265710,-3722503.113045217,4903335.433184559,-4360.369302840521,-3521.507220048191,-5215.968456695009,-2912717.198102302,-3746649.787660143,4866411.243331391,-4335.067593885876,-3488.829916718071,-5259.224085804482,30078.803836592,24146.674614926,36924.189853167,53396.555427406,-25.301708954645,-32.677303330120,43.255629109473,59.825012148854,0.0000000000000000e+00,0.0000000000000000e+00,0.0000000000000000e+00,0.0000000000000000e+00,199.995594874473,0
QK1_STK_case_0001,67140.000000,2023-11-26T05:47:00Z,J2000,-3137495.296248147,-3925153.031168036,4579413.902241052,-4131.631233685644,-3230.920853717511,-5577.307912875242,-3165986.932787043,-3947283.389720793,4539977.977026862,-4104.046880191760,-3196.412848438941,-5617.743369055212,28491.636538896,22130.358552757,39435.925214189,53448.277052093,-27.584353493885,-34.508005278569,40.435456179970,59.889273684556,0.0000000000000000e+00,0.0000000000000000e+00,0.0000000000000000e+00,0.0000000000000000e+00,199.995594874473,0
QK1_STK_case_0001,67200.000000,2023-11-26T05:48:00Z,J2000,-3378057.239276575,-4109918.739738378,4234567.670872578,-3884.050912940931,-2925.592978203410,-5913.191658336565,-3404828.371845004,-4129927.569598663,4192795.111009544,-3854.306492487943,-2889.410069254408,-5950.612715110664,26771.132568429,20008.829860285,41772.559863035,53497.603393844,-29.744420452988,-36.182908949002,37.421056774099,59.952222128844,0.0000000000000000e+00,0.0000000000000000e+00,0.0000000000000000e+00,0.0000000000000000e+00,199.995594874473,0
QK1_STK_case_0001,67260.000000,2023-11-26T05:49:00Z,J2000,-3603227.010253390,-4275957.125252299,3870370.989229931,-3618.753717636312,-2606.914141674706,-6222.075063571467,-3628151.985183170,-4293748.822305490,3826448.158681293,-3586.982676455401,-2569.220703213308,-6256.300727594524,24924.974929780,17791.697053191,43922.830548638,53544.503944729,-31.771041180910,-37.693438461398,34.225664023057,60.013252191341,0.0000000000000000e+00,0.0000000000000000e+00,0.0000000000000000e+00,0.0000000000000000e+00,199.995594874473,0
QK1_STK_case_0001,67320.000000,2023-11-26T05:50:00Z,J2000,-3811977.534962042,-4422510.505587068,3488487.256707182,-3336.951728416492,-2276.340742040583,-6502.533227978708,-3834939.021555668,-4437999.570740411,3442610.945119089,-3303.297959437575,-2237.309118345754,-6533.397169556877,22961.486593626,15489.065153343,45876.311588092,53588.963143931,-33.653768978917,-39.031623694830,30.863941578168,60.071846188391,0.0000000000000000e+00,0.0000000000000000e+00,0.0000000000000000e+00,0.0000000000000000e+00,199.995594874473,0
QK1_STK_case_0001,67380.000000,2023-11-26T05:51:00Z,J2000,-4003356.936719675,-4548910.402557180,3090661.450148027,-3039.938060645470,-1935.388396894566,-6753.273711969293,-4024246.529609107,-4562021.892882402,3043037.951952362,-3004.555026074761,-1895.197945107668,-6780.625678539312,20889.592889433,13111.490325222,47623.498195665,53630.997100811,-35.383034570709,-40.190451786898,27.351966570019,60.127877274309,0.0000000000000000e+00,0.0000000000000000e+00,0.0000000000000000e+00,0.0000000000000000e+00,199.995594874473,0
QK1_STK_case_0001,67440.000000,2023-11-26T05:52:00Z,J2000,-4176493.118145199,-4654580.810297972,2678711.888272181,-2729.077269075080,-1585.622246585158,-6973.145135716658,-4195211.877417441,-4665250.724323932,2629556.007905600,-2692.126777021619,-1544.458086153571,-6996.851779506051,18718.759272242,10669.914025961,49155.880366582,53670.658544751,-36.950492053461,-41.164160431587,23.706643789392,60.181657727147,0.0000000000000000e+00,0.0000000000000000e+00,0.0000000000000000e+00,0.0000000000000000e+00,199.995594874473,0
QK1_STK_case_0001,67500.000000,2023-11-26T05:53:00Z,J2000,-4330597.778106568,-4739040.887761880,2254521.658208183,-2405.796872777144,-1228.648017001111,-7161.140218451260,-4347056.699003221,-4747216.478252411,2204055.689605151,-2367.448238315596,-1186.700081652961,-7181.085221421450,16458.920896653,8175.590490531,50465.968603032,53708.010054305,-38.348634461548,-41.947935348150,19.945002970190,60.233298004666,0.0000000000000000e+00,0.0000000000000000e+00,0.0000000000000000e+00,0.0000000000000000e+00,199.995594874473,0
QK1_STK_case_0001,67560.000000,2023-11-26T05:54:00Z,J2000,-4464970.021598648,-4801907.185122465,1820029.901969753,-2071.582183711247,-866.105337037349,-7316.398395922859,-4479090.473474386,-4807547.228950555,1768482.594629156,-2032.011808340761,-823.567691523098,-7332.483104149503,14120.451875738,5640.043828090,51547.307340597,53743.112578485,-39.570375370486,-42.537645514251,16.084708226643,60.282532557893,0.0000000000000000e+00,0.0000000000000000e+00,0.0000000000000000e+00,0.0000000000000000e+00,199.995594874473,0
QK1_STK_case_0001,67620.000000,2023-11-26T05:55:00Z,J2000,-4578999.682390099,-4842895.479003457,1377222.857137210,-1727.971081831560,-499.660794066141,-7438.211538024859,-4590713.809726112,-4845970.494920824,1324828.325739860,-1687.361499427278,-456.730545224447,-7450.355848630031,11714.127336012,3075.015917366,52394.531397350,53776.048780886,-40.609582404283,-42.930248841694,12.144310605173,60.329335556883,0.0000000000000000e+00,0.0000000000000000e+00,0.0000000000000000e+00,0.0000000000000000e+00,199.995594874473,0
QK1_STK_case_0001,67680.000000,2023-11-26T05:56:00Z,J2000,-4672170.238399627,-4861822.126840669,928124.528508135,-1376.545478353479,-130.998863475425,-7526.029459086568,-4681421.291554435,-4862314.522083207,875121.128221375,-1335.084205510290,-87.875040402650,-7534.172148177045,9251.053154808,492.395242538,53003.400286759,53806.922226665,-41.461272843189,-43.123823072775,8.142689090477,60.373873884434,0.0000000000000000e+00,0.0000000000000000e+00,0.0000000000000000e+00,0.0000000000000000e+00,199.995594874473,0
QK1_STK_case_0001,67740.000000,2023-11-26T05:57:00Z,J2000,-4744061.161387786,-4858604.861164979,474787.144815196,-1018.921847975292,238.187096603912,-7579.461561937616,-4750803.766534720,-4856509.018209473,421416.334448149,-976.800396353112,281.304519399945,-7583.560441147577,6742.605146933,-2095.842955505,53370.810367047,53835.849404434,-42.121451622180,-43.117422796033,4.098879209960,60.416302817280,0.0000000000000000e+00,0.0000000000000000e+00,0.0000000000000000e+00,0.0000000000000000e+00,199.995594874473,0
QK1_STK_case_0001,67800.000000,2023-11-26T05:58:00Z,J2000,-4794349.757002339,-4833263.094105023,19281.581428070,-656.743750219004,606.202306022956,-7598.277013996228,-4798550.128930888,-4828585.399074272,-34213.222813931,-614.156745470155,649.113337857057,-7598.309025165076,4200.371928549,-4677.695030750,53494.804242001,53862.956064710,-42.587004748849,-42.911031834101,0.032011168849,60.456684090849,0.0000000000000000e+00,0.0000000000000000e+00,0.0000000000000000e+00,0.0000000000000000e+00,199.995594874473,0
QK1_STK_case_0001,67860.000000,2023-11-26T05:59:00Z,J2000,-4822812.594196489,-4785917.784441731,-436312.261178951,-291.675212229269,971.358007485738,-7582.406114544431,-4824448.697476698,-4778676.599661520,-489686.837652062,-248.819552445251,1013.863589959705,-7578.367509555648,1636.103280209,-7241.184780211,53374.576473111,53888.375412965,-42.855659784018,-42.505582473967,-4.038604988783,60.494978694353,0.0000000000000000e+00,0.0000000000000000e+00,0.0000000000000000e+00,0.0000000000000000e+00,199.995594874473,0
QK1_STK_case_0001,67920.000000,2023-11-26T06:00:00Z,J2000,-4829326.500923528,-4716790.819128670,-889915.174265048,74.607303273026,1331.980213338353,-7531.941704618623,-4828388.156388694,-4707016.394972851,-942925.659759072,117.533520289575,1373.883346034762,-7523.848173730372,-938.344534834,-9774.424155819,53010.485494024,53912.256772983,-42.926217016549,-41.903132696409,-8.093530888251,60.531296693230,0.0000000000000000e+00,0.0000000000000000e+00,0.0000000000000000e+00,0.0000000000000000e+00,199.995594874473,0
QK1_STK_case_0001,67980.000000,2023-11-26T06:01:00Z,J2000,-4813869.036061259,-4626203.854569077,-1339458.378785911,440.424074588762,1686.418675300065,-7447.138235158783,-4810357.957365992,-4613938.172620487,-1391862.427986844,483.222680603692,1727.525455558339,-7435.024594428315,-3511.078695267,-12265.681948590,52404.049200933,53934.766152474,-42.798606014930,-41.106780258273,-12.113640730468,60.565900899516,0.0000000000000000e+00,0.0000000000000000e+00,0.0000000000000000e+00,0.0000000000000000e+00,199.995594874473,0
QK1_STK_case_0001,68040.000000,2023-11-26T06:02:00Z,J2000,-4776518.429053858,-4514576.656755342,-1782893.142501391,804.100388189407,2033.054468061978,-7328.408986136999,-4770448.200132185,-4499873.219837230,-1834451.063591090,846.574000701581,2073.174886798454,-7312.328854340234,-6070.228921673,-14703.436918112,51557.921089699,53956.074388878,-42.473612512174,-40.120418736476,-16.080131796765,60.598897663454,0.0000000000000000e+00,0.0000000000000000e+00,0.0000000000000000e+00,0.0000000000000000e+00,199.995594874473,0
QK1_STK_case_0001,68100.000000,2023-11-26T06:03:00Z,J2000,-4717453.064010958,-4382425.017814371,-2218200.236024072,1163.973633656848,2370.306821304151,-7176.323852273012,-4708849.066457075,-4365348.590430690,-2268676.114806438,1205.926563187935,2409.255679940845,-7156.349485724221,-8603.997553882,-17076.427383681,50475.878782367,53976.360427038,-41.952929531088,-38.948858636694,-19.974366548790,60.630332378827,0.0000000000000000e+00,0.0000000000000000e+00,0.0000000000000000e+00,0.0000000000000000e+00,199.995594874473,0
QK1_STK_case_0001,68160.000000,2023-11-26T06:04:00Z,J2000,-4636950.525910828,-4230358.236637678,-2643399.280133629,1518.401199989662,2696.641075094608,-6991.607520777738,-4625849.805373042,-4210984.525125979,-2692562.087743245,1559.640494305018,2734.238992347409,-6967.829421269129,-11100.720537786,-19373.711511699,49162.807609616,53995.817858948,-41.239294315356,-37.597917252801,-23.778099508609,60.660372514668,0.0000000000000000e+00,0.0000000000000000e+00,0.0000000000000000e+00,0.0000000000000000e+00,199.995594874473,0
QK1_STK_case_0001,68220.000000,2023-11-26T06:05:00Z,J2000,-4535386.130052172,-4059076.092326132,-3056557.925203558,1865.769517335850,3010.577222399550,-6775.135335084859,-4521837.201046917,-4037491.367517209,-3104182.595232335,1906.106014628067,3046.651590969026,-6747.661629705097,-13548.929005255,-21584.724808923,47624.670028777,54014.655581761,-40.336497292217,-36.074368569476,-27.473705379761,60.689353010107,0.0000000000000000e+00,0.0000000000000000e+00,0.0000000000000000e+00,0.0000000000000000e+00,199.995594874473,0
QK1_STK_case_0001,68280.000000,2023-11-26T06:06:00Z,J2000,-4413230.922049068,-3869365.340563163,-3455800.702848803,2204.502405722742,3310.697090842605,-6527.926854722991,-4397293.511111043,-3845666.006576670,-3501669.164226596,2243.751668423694,3345.082845327137,-6496.882441140384,-15937.410938024,-23699.333986492,45868.461377793,54033.094007070,-39.249262700952,-34.385754484531,-31.044413582607,60.717710338309,0.0000000000000000e+00,0.0000000000000000e+00,0.0000000000000000e+00,0.0000000000000000e+00,199.995594874473,0
QK1_STK_case_0001,68340.000000,2023-11-26T06:07:00Z,J2000,-4271049.219558651,-3662095.828719805,-3839317.476229039,2533.068080655420,3595.650021094280,-6251.139178646154,-4252793.958729525,-3636387.952158708,-3883219.635249641,2571.051150486797,3628.190244832026,-6216.664962258606,-18255.260829125,-25707.876561097,43902.159020602,54051.355504651,-37.983069831377,-32.540223737746,-34.474216387547,60.745792860521,0.0000000000000000e+00,0.0000000000000000e+00,0.0000000000000000e+00,0.0000000000000000e+00,199.995594874473,0
QK1_STK_case_0001,68400.000000,2023-11-26T06:08:00Z,J2000,-4109495.751943982,-3438216.285268211,-4205371.505676105,2849.985698227885,3864.158201790774,-5946.060726945670,-4089003.826862911,-3410615.086966381,-4247106.185330510,2886.529888515477,3894.704788397175,-5908.312890352357,-20491.925081071,-27601.198301829,41734.679654405,54069.664573409,-36.544190287592,-30.546586606401,-37.747836593312,60.773933265451,0.0000000000000000e+00,0.0000000000000000e+00,0.0000000000000000e+00,0.0000000000000000e+00,199.995594874473,0
QK1_STK_case_0001,68460.000000,2023-11-26T06:09:00Z,J2000,-3929312.405885725,-3198749.786216315,-4552307.128877717,3153.831926323624,4115.022066671833,-5614.104432946655,-3906675.155639752,-3169379.093142785,-4591682.958896481,3188.771587790864,4143.436338742938,-5573.253513746797,-22637.250245974,-29370.693073531,39375.830018764,54088.249185798,-34.939661467240,-28.414272071104,-40.850919199858,60.802536133367,0.0000000000000000e+00,0.0000000000000000e+00,0.0000000000000000e+00,0.0000000000000000e+00,199.995594874473,0
QK1_STK_case_0001,68520.000000,2023-11-26T06:10:00Z,J2000,-3731324.592383638,-2944788.912374905,-4878557.000735447,3443.246848480060,4347.125074314013,-5256.799923797569,-3706643.068756070,-2913780.577264837,-4915393.249557113,3476.423957241382,4373.278255943967,-5213.029871484338,-24681.523627567,-31008.335110067,36836.248821666,54107.334827434,-33.177108761322,-26.153181629954,-43.770052313231,60.831956524781,0.0000000000000000e+00,0.0000000000000000e+00,0.0000000000000000e+00,0.0000000000000000e+00,199.995594874473,0
QK1_STK_case_0001,68580.000000,2023-11-26T06:11:00Z,J2000,-3516437.291594121,-2677490.645996831,-5182648.860051045,3716.938829346879,4559.437679242998,-4875.785829692486,-3489821.785492374,-2644983.939505259,-5216776.214980100,3748.203552244037,4583.211372896163,-4829.293176277770,-26615.506101748,-32506.706491572,34127.354929054,54127.141864642,-31.264722897158,-23.773693653165,-46.492653414716,60.862453362410,0.0000000000000000e+00,0.0000000000000000e+00,0.0000000000000000e+00,0.0000000000000000e+00,199.995594874473,0
QK1_STK_case_0001,68640.000000,2023-11-26T06:12:00Z,J2000,-3285630.812651729,-2398071.032446932,-5463211.855946564,3973.689444707812,4751.021377358088,-4472.802648557578,-3257200.343155437,-2364212.005431289,-5494473.150811152,4002.900765439114,4772.308035197113,-4423.795583024180,-28430.469496293,-33859.027015642,31261.294864587,54147.888812365,-29.211320731303,-21.286657839024,-49.007065533398,60.894298033703,0.0000000000000000e+00,0.0000000000000000e+00,0.0000000000000000e+00,0.0000000000000000e+00,199.995594874473,0
QK1_STK_case_0001,68700.000000,2023-11-26T06:13:00Z,J2000,-3039956.234255985,-2107799.592545997,-5718982.423357973,4212.359056183924,4921.032757786194,-4049.684546343218,-3009838.001727343,-2072740.413106782,-5747233.307662253,4239.385388161746,4939.736088577591,-3998.381890848751,-30118.232528642,-35059.179439215,28250.884304281,54169.792851499,-27.026331977822,-18.703330791397,-51.302655494467,60.927823394996,0.0000000000000000e+00,0.0000000000000000e+00,0.0000000000000000e+00,0.0000000000000000e+00,199.995594874473,0
QK1_STK_case_0001,68760.000000,2023-11-26T06:14:00Z,J2000,-2780530.522869024,-1807993.522780661,-5948809.618061079,4431.891726449350,5068.726398737340,-3608.349751844461,-2748859.326906881,-1771891.791666973,-5973919.160721786,4456.611412326503,5084.761629620889,-3554.979796640185,-31671.195962143,-36101.731113687,25109.542660707,54193.069443493,-24.719685877153,-16.035230883549,-53.369955204276,60.963461334313,0.0000000000000000e+00,0.0000000000000000e+00,0.0000000000000000e+00,0.0000000000000000e+00,199.995594874473,0
QK1_STK_case_0001,68820.000000,2023-11-26T06:15:00Z,J2000,-2508531.403290207,-1500011.761191758,-6151659.872354230,4631.318566049165,5193.456590299163,-3150.791104405295,-2475449.037651878,-1463029.816496338,-6173511.097050108,4653.620157893188,5206.750605964710,-3095.590568621131,-33082.365638328,-36981.944695421,21851.224695878,54217.922962734,-22.301591844022,-13.294015665547,-55.200535784164,61.001565571319,0.0000000000000000e+00,0.0000000000000000e+00,0.0000000000000000e+00,0.0000000000000000e+00,199.995594874473,0
QK1_STK_case_0001,68880.000000,2023-11-26T06:16:00Z,J2000,-2225192.060755830,-1185248.957273109,-6326621.216510129,4809.760186903433,5294.678964151290,-2679.067699065345,-2190846.693285448,-1147553.169074702,-6345111.580828916,4829.542720420156,5305.170531737625,-2622.280847213991,-34345.367470381,-37695.788198407,18490.364318787,54244.541543055,-19.782533516723,-10.491567586334,-56.786851851354,61.042347316814,0.0000000000000000e+00,0.0000000000000000e+00,0.0000000000000000e+00,0.0000000000000000e+00,199.995594874473,0
QK1_STK_case_0001,68940.000000,2023-11-26T06:17:00Z,J2000,-1931795.692533874,-865129.332451217,-6472907.014795396,4966.429404227963,5371.952490979682,-2195.296875973064,-1896341.225518069,-826889.382020840,-6487948.834706594,4983.602757114028,5379.592495505329,-2137.174545240708,-35454.467015806,-38239.950430377,15041.819911198,54273.100026933,-17.173352886064,-7.640004525647,-58.122330732357,61.085997153706,0.0000000000000000e+00,0.0000000000000000e+00,0.0000000000000000e+00,0.0000000000000000e+00,199.995594874473,0
QK1_STK_case_0001,69000.000000,2023-11-26T06:18:00Z,J2000,-1629669.883294804,-541100.427494904,-6589859.205257693,5100.634342934527,5424.941077503600,-1701.645586967079,-1593265.292709509,-502488.577061127,-6601380.018390773,5115.119566721451,5429.692606427872,-1642.444177544181,-36404.590585295,-38611.850433778,11520.813133079,54303.759951321,-14.485223786923,-4.751528924272,-59.201409422897,61.132688579294,0.0000000000000000e+00,0.0000000000000000e+00,0.0000000000000000e+00,0.0000000000000000e+00,199.995594874473,0
QK1_STK_case_0001,69060.000000,2023-11-26T06:19:00Z,J2000,-1320180.797849996,-214626.783641840,-6676951.008554750,5211.781316286470,5453.414174223532,-1200.321537500951,-1282989.453183500,-175817.142347616,-6684893.880143590,5223.510965058960,5455.252602697024,-1140.302056348581,-37191.344666496,-38809.641294223,7942.871588841,54336.668876231,-11.729648772491,-1.838428473492,-60.019481152370,61.182535068252,0.0000000000000000e+00,0.0000000000000000e+00,0.0000000000000000e+00,0.0000000000000000e+00,199.995594874473,0
QK1_STK_case_0001,69120.000000,2023-11-26T06:20:00Z,J2000,-1004727.211152125,112816.403781988,-6733789.116338344,5299.377437754846,5457.247358039410,-693.564578502921,-966916.176167631,151648.620380162,-6738112.883624079,5308.295847953851,5456.160430012004,-632.991584463907,-37811.034984493,-38832.216598174,4323.767285734,54371.963143400,-8.918410199005,1.086928027405,-60.572994039014,61.235668199709,0.0000000000000000e+00,0.0000000000000000e+00,0.0000000000000000e+00,0.0000000000000000e+00,199.995594874473,0
QK1_STK_case_0001,69180.000000,2023-11-26T06:21:00Z,J2000,-684734.388777360,439749.681325185,-6760115.340177795,5363.032860235997,5436.423213082368,-183.637126775921,-646473.708654726,478428.895032401,-6760794.793078587,5369.096346057654,5432.411114497681,-122.777615815965,-38260.680122634,-38679.213707215,679.452900793,54409.768173549,-6.063485821658,4.012098584687,-60.859510959956,61.292274143220,0.0000000000000000e+00,0.0000000000000000e+00,0.0000000000000000e+00,0.0000000000000000e+00,199.995594874473,0
QK1_STK_case_0001,69240.000000,2023-11-26T06:22:00Z,J2000,-361647.868260492,764695.761691924,-6755807.649507286,5402.461714478635,5391.031190698424,327.186356194882,-323109.848594520,803046.777329295,-6752833.640896397,5405.638597212029,5384.106461612277,388.064141043815,-38538.019665972,-38351.015637371,-2974.008610890,54450.198231139,-3.176882733394,6.924729086148,-60.877784848933,61.352662085123,0.0000000000000000e+00,0.0000000000000000e+00,0.0000000000000000e+00,0.0000000000000000e+00,199.995594874473,0
QK1_STK_case_0001,69300.000000,2023-11-26T06:23:00Z,J2000,-36927.229975796,1086185.890676973,-6720880.603314648,5417.481656158247,5321.265934770236,836.628675956191,1714.280725998,1124034.629868103,-6714260.094723047,5417.752169316159,5311.453219700839,897.256127799717,-38641.510701794,-37848.739191130,-6620.508591602,54493.344012700,-0.270513157911,9.812715069397,-60.627451843525,61.417021023823,0.0000000000000000e+00,0.0000000000000000e+00,0.0000000000000000e+00,0.0000000000000000e+00,199.995594874473,0
QK1_STK_case_0001,69360.000000,2023-11-26T06:24:00Z,J2000,287960.101372424,1402766.103955069,-6655485.301780949,5408.013642800158,5227.425641752234,1342.416653723874,326530.427263207,1439940.327405241,-6645241.367025664,5405.370023828314,5214.761621782474,1402.525395031479,-38570.325890783,-37174.223450172,-10243.934755285,54539.262258625,2.643618971844,12.664019969759,-60.108741307605,61.485176300043,0.0000000000000000e+00,0.0000000000000000e+00,0.0000000000000000e+00,0.0000000000000000e+00,199.995594874473,0
QK1_STK_case_0001,69420.000000,2023-11-26T06:25:00Z,J2000,611545.092444172,1713003.432813488,-6559908.961374233,5374.083484009558,5109.912099263025,1842.287451297235,649869.460478325,1749333.467418296,-6546080.750704963,5368.530322097279,5094.445666525822,1901.610186774363,-38324.368034153,-36330.034604808,-13828.210669270,54587.984116630,5.553161912278,15.466432737202,-59.322735477128,61.556763181048,0.0000000000000000e+00,0.0000000000000000e+00,0.0000000000000000e+00,0.0000000000000000e+00,199.995594874473,0
QK1_STK_case_0001,69480.000000,2023-11-26T06:26:00Z,J2000,932363.466600453,2015492.145872748,-6434574.037858665,5315.824294661973,4969.231516160986,2333.997794344780,970267.756376262,2050811.620141837,-6417216.673904916,5307.378738942203,4951.023785715036,2392.269629596333,-37904.289775809,-35319.474269089,-17357.363953749,54639.532661584,8.445555719770,18.207730445949,-58.271835251553,61.631612367292,0.0000000000000000e+00,0.0000000000000000e+00,0.0000000000000000e+00,0.0000000000000000e+00,199.995594874473,0
QK1_STK_case_0001,69540.000000,2023-11-26T06:27:00Z,J2000,1248962.176173686,2308859.997660371,-6280036.696577097,5233.477059926300,4805.993415005675,2815.336032512021,1286273.670325900,2343006.566787638,-6259221.091090153,5222.168726874320,4785.117467854006,2872.295742473260,-37311.494152214,-34146.569127268,-20815.605486944,54693.922978902,11.308333051980,20.875947151668,-56.959709961240,61.709740922826,0.0000000000000000e+00,0.0000000000000000e+00,0.0000000000000000e+00,0.0000000000000000e+00,199.995594874473,0
QK1_STK_case_0001,69600.000000,2023-11-26T06:28:00Z,J2000,1559905.818529322,2591774.328091554,-6096984.576961368,5127.388502177341,4620.907143876731,3284.132790972914,1596453.945260740,2624590.382308798,-6072797.178122711,5113.259233905499,4597.447652764637,3339.523882568030,-36548.126731418,-32816.054217244,-24187.398838657,54751.157472195,14.129268271843,23.459491112094,-55.391091595116,61.791237026253,0.0000000000000000e+00,0.0000000000000000e+00,0.0000000000000000e+00,0.0000000000000000e+00,199.995594874473,0
QK1_STK_case_0001,69660.000000,2023-11-26T06:29:00Z,J2000,1863782.904458997,2862947.945698665,-5886234.021220977,4998.008764993089,4414.778565625292,3738.268445415430,1899399.964408571,2894281.295850167,-5858776.506529824,4981.112461706864,4388.831523065963,3791.839864710709,-35617.059949574,-31333.350151502,-27457.514691154,54811.211482534,16.896303286225,25.947042559329,-53.571419295280,61.875932701062,0.0000000000000000e+00,0.0000000000000000e+00,0.0000000000000000e+00,0.0000000000000000e+00,199.995594874473,0
QK1_STK_case_0001,69720.000000,2023-11-26T06:30:00Z,J2000,2159212.036485447,3121144.859255796,-5648726.889688761,4845.890778177468,4188.508268855707,4175.679971396563,2193733.928060252,3150849.413673299,-5618115.816505559,4826.293498516834,4160.180930386183,4227.186957187635,-34521.891574806,-29704.554417503,-30611.073183202,54874.031676854,19.597279660634,28.327338469524,-51.506985791072,61.963384834479,0.0000000000000000e+00,0.0000000000000000e+00,0.0000000000000000e+00,0.0000000000000000e+00,199.995594874473,0
QK1_STK_case_0001,69780.000000,2023-11-26T06:31:00Z,J2000,2444848.082943325,3365185.918732065,-5385526.905998609,4671.690450707150,3943.090014469006,4594.369992668861,2478115.034806557,3393122.355067337,-5351893.298301972,4649.470462913187,3912.500707603387,4643.575318483438,-33266.951863232,-27936.436335273,-33633.607696638,54939.549762231,22.219987793964,30.589306865619,-49.205325814578,62.053183968284,0.0000000000000000e+00,0.0000000000000000e+00,0.0000000000000000e+00,0.0000000000000000e+00,199.995594874473,0
QK1_STK_case_0001,69840.000000,2023-11-26T06:32:00Z,J2000,2719388.333997888,3593954.319919426,-5097815.395328748,4476.165588818478,3679.607540844106,4992.417673632302,2751245.632454725,3619990.736674062,-5061304.252265601,4451.413154025347,3646.885207239553,5039.092915711096,-31857.298456837,-26036.416754636,-36511.143063147,55007.690645642,24.752434793131,32.722333604553,-46.675242078793,62.145091260934,0.0000000000000000e+00,0.0000000000000000e+00,0.0000000000000000e+00,0.0000000000000000e+00,199.995594874473,0
QK1_STK_case_0001,69900.000000,2023-11-26T06:33:00Z,J2000,2981578.533957615,3806400.863706735,-4786886.377044096,4260.172916219619,3399.229739978538,5367.988934183084,3011877.232122013,3830413.401173384,-4747656.112378341,4232.989951232170,3364.513427117064,5411.915518296028,-30298.698164398,-24012.537466649,-39230.264665754,55078.369000812,27.182964987449,34.716312861474,-43.926584112945,62.238900665389,0.0000000000000000e+00,0.0000000000000000e+00,0.0000000000000000e+00,0.0000000000000000e+00,199.995594874473,0
QK1_STK_case_0001,69960.000000,2023-11-26T06:34:00Z,J2000,3230218.707006917,4001548.914030162,-4454141.097614215,4024.664463446524,3103.205727598508,5719.344921379613,3258816.315086919,4023422.347361861,-4412362.919764202,3995.164232435971,3066.644130357199,5760.315112899732,-28597.608080002,-21873.433331700,-41778.177850013,55151.486091320,29.500231010553,36.561597241309,-40.970191520119,62.334345394068,0.0000000000000000e+00,0.0000000000000000e+00,0.0000000000000000e+00,0.0000000000000000e+00,199.995594874473,0
QK1_STK_case_0001,70020.000000,2023-11-26T06:35:00Z,J2000,3464168.775957356,4178499.075797233,-4101082.075942155,3770.684279195194,2792.860309612383,6044.850168989736,3490929.932175161,4198127.378855510,-4056939.306877249,3738.991060991330,2754.611274066237,6082.668076999886,-26761.156217805,-19628.303058277,-44142.769064906,55226.930240409,31.693218203864,38.249035546146,-37.817908010150,62.431105761409,0.0000000000000000e+00,0.0000000000000000e+00,0.0000000000000000e+00,0.0000000000000000e+00,199.995594874473,0
QK1_STK_case_0001,70080.000000,2023-11-26T06:36:00Z,J2000,3682353.978566033,4336433.586779783,-3729306.640868940,3499.364796472090,2469.588821102979,6342.981258112285,3707151.099105150,4353720.464840143,-3682993.974466285,3465.613506618632,2429.818774817026,6377.463893577420,-24797.120539117,-17286.878060360,-46312.666402655,55304.578557556,33.751289853458,39.770046285954,-34.482635465134,62.528859712779,0.0000000000000000e+00,0.0000000000000000e+00,0.0000000000000000e+00,0.0000000000000000e+00,199.995594874473,0
QK1_STK_case_0001,70140.000000,2023-11-26T06:37:00Z,J2000,3883770.038965484,4474620.369435956,-3340499.953781874,3211.922309231833,2134.851018772683,6612.335169183791,3906483.941697193,4489479.753702202,-3292222.650922637,3176.257995591123,2093.734277834115,6643.313439453857,-22713.902731709,-14859.384266247,-48277.302859237,55384.299665519,35.664313640710,41.116740938568,-30.978270270067,62.627333344136,0.0000000000000000e+00,0.0000000000000000e+00,0.0000000000000000e+00,0.0000000000000000e+00,199.995594874473,0
QK1_STK_case_0001,70200.000000,2023-11-26T06:38:00Z,J2000,4067488.047233962,4592416.702995228,-2936427.558054067,2909.651852199258,1790.164638953614,6851.636693425682,4088008.543459110,4604773.203181389,-2886400.586238535,2872.229161819901,1747.882731238283,6878.956277793942,-20520.496225148,-12356.500186161,-50026.971815532,55465.951458611,37.422690379357,42.281907715331,-27.319584368260,62.726207962314,0.0000000000000000e+00,0.0000000000000000e+00,0.0000000000000000e+00,0.0000000000000000e+00,199.995594874473,0
QK1_STK_case_0001,70260.000000,2023-11-26T06:39:00Z,J2000,4232659.027355477,4689272.512133737,-2518927.503188932,2593.921974774237,1437.099065243820,7059.745314239741,4250885.482050397,4699061.829423159,-2467374.623744757,2554.904627012218,1393.840062279746,7083.267564898837,-18226.454694919,-9789.317289422,-51552.879444175,55549.381299206,39.017347762019,43.259002964074,-23.522250659097,62.825082888107,0.0000000000000000e+00,0.0000000000000000e+00,0.0000000000000000e+00,0.0000000000000000e+00,199.995594874473,0
QK1_STK_case_0001,70320.000000,2023-11-26T06:40:00Z,J2000,4378518.186151850,4764733.269427334,-2089902.053530973,2266.169252859000,1077.268668312139,7235.662238658127,4394360.044713630,4771902.566517096,-2037054.852694573,2225.729425618629,1033.226402254279,7255.265132292609,-15841.858561780,-7169.297089762,-52847.200836400,55634.431242671,40.439827240371,44.042266057860,-19.602893634483,62.923558907512,0.0000000000000000e+00,0.0000000000000000e+00,0.0000000000000000e+00,0.0000000000000000e+00,199.995594874473,0
QK1_STK_case_0001,70380.000000,2023-11-26T06:41:00Z,J2000,4504388.808629995,4818442.470646547,-1651308.974157789,1927.891882516555,712.325147562271,7378.537341074099,4517766.082101860,4822950.690207792,-1597405.838368455,1886.209444066988,667.698292778537,7394.116356407426,-13377.273471865,-4508.219561246,-53903.135789334,55720.943433119,41.682438449567,44.626854783734,-15.579015333326,63.021326245537,0.0000000000000000e+00,0.0000000000000000e+00,0.0000000000000000e+00,0.0000000000000000e+00,199.995594874473,0
QK1_STK_case_0001,70440.000000,2023-11-26T06:42:00Z,J2000,4609685.733192380,4850143.620936694,-1205152.426826450,1580.642099350486,343.948987223866,7487.675032332395,4620529.433513784,4851961.747030436,-1150437.470509348,1537.903733605028,298.940087879772,7499.143866887120,-10843.700321405,-1818.126093742,-54714.956317101,55808.761533791,42.738365745458,45.008899344094,-11.468834554725,63.118167692060,0.0000000000000000e+00,0.0000000000000000e+00,0.0000000000000000e+00,0.0000000000000000e+00,199.995594874473,0
QK1_STK_case_0001,70500.000000,2023-11-26T06:43:00Z,J2000,4693918.348709975,4859681.700267326,-753473.562279306,1226.017980971121,-26.159228555868,7562.538520633364,4702170.870660666,4858792.961135641,-698195.517066518,1182.416276160238,-71.344743008083,7569.829652459443,-8252.521950691,888.739131686,-55278.045212787,55897.730350505,43.601704810883,45.185514452215,-7.291131826078,63.213922374995,0.0000000000000000e+00,0.0000000000000000e+00,0.0000000000000000e+00,0.0000000000000000e+00,199.995594874473,0
QK1_STK_case_0001,70560.000000,2023-11-26T06:44:00Z,J2000,4756693.100831876,4847004.114465795,-298340.897617868,865.655357930878,-396.287288931846,7602.752818782723,4762308.549242759,4843404.126459420,-242751.971631558,821.387916041000,-441.442071031299,7605.817953927987,-5615.448410884,3599.988006375,-55588.925986309,55987.693887253,44.267441889878,45.154782099453,-3.065135145264,63.308418171532,0.0000000000000000e+00,0.0000000000000000e+00,0.0000000000000000e+00,0.0000000000000000e+00,199.995594874473,0
QK1_STK_case_0001,70620.000000,2023-11-26T06:45:00Z,J2000,4797715.522388629,4812161.140260380,158159.464761286,501.220006672452,-764.719800302299,7608.107097733975,4800659.986751151,4805857.993351428,213804.752885345,456.488567170536,-809.635580654550,7606.917579711521,-2944.464362523,6303.146908952,-55645.288124058,56078.495180840,44.731439501916,44.915780352251,1.189518022453,63.401450753835,0.0000000000000000e+00,0.0000000000000000e+00,0.0000000000000000e+00,0.0000000000000000e+00,199.995594874473,0
QK1_STK_case_0001,70680.000000,2023-11-26T06:46:00Z,J2000,4816791.792604420,4755305.855809640,613933.747270932,134.399648014705,-1129.746931953984,7578.556616010553,4817043.567448455,4746320.137518183,669379.757813796,89.409132853876,-1174.215579116242,7573.103785928293,-251.774844035,8985.718291457,-55446.010542864,56169.979605701,44.990515160828,44.468647162258,5.452830082259,63.492837318741,0.0000000000000000e+00,0.0000000000000000e+00,0.0000000000000000e+00,0.0000000000000000e+00,199.995594874473,0
QK1_STK_case_0001,70740.000000,2023-11-26T06:47:00Z,J2000,4813829.796145987,4676693.535177340,1066890.500752153,-233.104781807286,-1489.673521382844,7514.223804768746,4811379.540040092,4665058.289152390,1121881.680270891,-278.147344080484,-1533.488145599965,7504.519211795221,2450.256105895,11635.246024950,-54991.179518738,56261.998986063,45.042562273198,43.814624217120,9.704592973526,63.582488439854,0.0000000000000000e+00,0.0000000000000000e+00,0.0000000000000000e+00,0.0000000000000000e+00,199.995594874473,0
QK1_STK_case_0001,70800.000000,2023-11-26T06:48:00Z,J2000,4788839.637345446,4576680.492997392,1514950.630429323,-599.588460285364,-1842.828208297207,7415.397815421073,4783690.466114066,4562441.111737149,1569232.725167092,-644.475035020488,-1885.784246777178,7401.473219310730,5149.171231381,14239.381260243,-54282.094737769,56354.412002653,44.886574735123,42.956038479971,13.924596110343,63.670402937163,0.0000000000000000e+00,0.0000000000000000e+00,0.0000000000000000e+00,0.0000000000000000e+00,199.995594874473,0
QK1_STK_case_0001,70860.000000,2023-11-26T06:49:00Z,J2000,4741933.597339562,4455722.393094381,1956057.342680749,-963.351771365185,-2187.572100283533,7282.532417156339,4734101.112834600,4438936.447320215,2009378.607186010,-1007.874361538416,-2229.468340930992,7264.439636391045,7832.484504962,16785.945774165,-53321.264505261,56447.081744708,44.522590173231,41.896240647459,18.092780765294,63.756605398533,0.0000000000000000e+00,0.0000000000000000e+00,0.0000000000000000e+00,0.0000000000000000e+00,199.995594874473,0
QK1_STK_case_0001,70920.000000,2023-11-26T06:50:00Z,J2000,4673325.566962199,4314372.057097322,2388185.934004247,-1322.708694559135,-2522.306789544224,7116.242975881554,4662837.825024870,4295109.065419362,2440298.328508857,-1366.660328100714,-2562.946341566734,7094.053676393556,10487.741937329,19262.991677960,-52112.394504610,56539.873013063,43.951633541579,40.639552022510,22.189299487998,63.841086232391,0.0000000000000000e+00,0.0000000000000000e+00,0.0000000000000000e+00,0.0000000000000000e+00,199.995594874473,0
QK1_STK_case_0001,70980.000000,2023-11-26T06:51:00Z,J2000,4583329.988671086,4153276.805134930,2809353.389453129,-1675.994886409988,-2845.482000072387,6917.303176735308,4570227.407621742,4131617.945796582,2860013.763711898,-1719.170623890429,-2884.673261963094,6891.108632579341,13102.581049344,21658.859338349,-50660.374258769,56632.652578098,43.175737480441,39.191261890707,26.194544155967,63.923809798109,0.0000000000000000e+00,0.0000000000000000e+00,0.0000000000000000e+00,0.0000000000000000e+00,199.995594874473,0
QK1_STK_case_0001,71040.000000,2023-11-26T06:52:00Z,J2000,4472360.306467149,3973175.338451889,3217627.773292268,-2021.576074771433,-3155.603260305531,6686.641272932447,4456695.513271160,3949213.102228818,3266599.033557258,-2063.774087767846,-3193.160920090025,6656.552017631647,15664.793195990,23962.236223071,-48971.260264990,56725.292794527,42.198012996413,37.557659784494,30.089255300800,64.004791960368,0.0000000000000000e+00,0.0000000000000000e+00,0.0000000000000000e+00,0.0000000000000000e+00,199.995594874473,0
QK1_STK_case_0001,71100.000000,2023-11-26T06:53:00Z,J2000,4340926.903872808,3774894.159633652,3611137.360094365,-2357.856606782648,-3451.239593722335,6425.335036707794,4322764.515237934,3748731.942410409,3658189.608786908,-2398.879228157842,-3486.985617841923,6391.480299771796,18162.388634874,26162.217223243,-47052.248692544,56817.673993093,41.022621375193,35.746024119587,33.854736935997,64.084139362686,0.0000000000000000e+00,0.0000000000000000e+00,0.0000000000000000e+00,0.0000000000000000e+00,199.995594874473,0
QK1_STK_case_0001,71160.000000,2023-11-26T06:54:00Z,J2000,4189634.546667079,3559343.542105072,3988079.416648578,-2683.287269654467,-3731.030759311057,6134.605279779315,4169050.890879057,3531095.180365745,4032991.053660648,-2722.941929157711,-3764.795306635105,6097.132295461161,20583.655788022,28248.361739327,-44911.637012070,56909.682529949,39.654659503244,33.764547324048,37.472984318153,64.161992098318,0.0000000000000000e+00,0.0000000000000000e+00,0.0000000000000000e+00,0.0000000000000000e+00,199.995594874473,0
QK1_STK_case_0001,71220.000000,2023-11-26T06:55:00Z,J2000,4019179.385485727,3327513.087462199,4346728.572511177,-2996.372237102813,-3993.693747688570,5815.808755239535,3996262.170079575,3297302.341346065,4389287.353796270,-3034.472347165974,-4025.316004607496,5774.882033817286,22917.215406153,30210.746116134,-42558.781285093,57001.208823479,38.100110063160,31.622256918926,40.926721422249,64.238477922861,0.0000000000000000e+00,0.0000000000000000e+00,0.0000000000000000e+00,0.0000000000000000e+00,199.995594874473,0
QK1_STK_case_0001,71280.000000,2023-11-26T06:56:00Z,J2000,3830345.550046834,3080466.914388153,4685444.759272174,-3295.675853173197,-4238.028577426288,5470.430860536785,3805193.475342462,3048426.902669431,4725448.810417404,-3332.041731744748,-4267.357524238492,5426.231406559557,25152.074704372,32040.011718722,-40004.051145231,57092.147629078,36.365878571551,29.328946812204,44.199453977228,64.313730861139,0.0000000000000000e+00,0.0000000000000000e+00,0.0000000000000000e+00,0.0000000000000000e+00,199.995594874473,0
QK1_STK_case_0001,71340.000000,2023-11-26T06:57:00Z,J2000,3624001.329607996,2819338.519955176,5002680.696878185,-3579.829605905131,-4462.923400391617,5100.077753937895,3596723.646196758,2785611.111450609,5039939.476328710,-3614.289408801925,-4489.818494127132,5052.802164922010,27277.683411237,33727.408504567,-37258.779450524,57182.398890397,34.459802896794,26.895093735514,47.275589015885,64.387928989267,0.0000000000000000e+00,0.0000000000000000e+00,0.0000000000000000e+00,0.0000000000000000e+00,199.995594874473,0
QK1_STK_case_0001,71400.000000,2023-11-26T06:58:00Z,J2000,3401094.944329610,2545325.359532145,5296988.880393727,-3847.538640767563,-4667.358756980288,4706.467611553210,3371810.957308529,2510060.526607215,5331324.085262426,-3879.929187519318,-4691.690512167014,4656.327076192963,29283.987021081,35264.832924930,-34335.204868699,57271.865959209,32.390546751755,24.331755186727,50.140535360248,64.461268336550,0.0000000000000000e+00,0.0000000000000000e+00,0.0000000000000000e+00,0.0000000000000000e+00,199.995594874473,0
QK1_STK_case_0001,71460.000000,2023-11-26T06:59:00Z,J2000,3162649.960821521,2259683.196707512,5567028.030890640,-4097.587043740069,-4850.411034279398,4291.421659207264,3131488.489016950,2223038.336173691,5598274.442678059,-4127.754493849154,-4872.061537691054,4238.640973161782,31161.471804571,36644.860533821,-31246.411787419,57360.451342011,30.167450109085,21.650503411656,52.780686045482,64.533868344413,0.0000000000000000e+00,0.0000000000000000e+00,0.0000000000000000e+00,0.0000000000000000e+00,199.995594874473,0
QK1_STK_case_0001,71520.000000,2023-11-26T07:00:00Z,J2000,2909760.422408775,1963720.256240224,5811569.024261500,-4328.842205817605,-5011.255691188228,3856.855839942709,2876859.219220100,1925859.479437288,5839575.297528161,-4356.642693180413,-5030.119136655009,3801.672504143460,32901.203188675,37860.776802936,-28006.273266661,57448.054220062,27.800487362808,18.863445466781,55.183335799249,64.605705803904,0.0000000000000000e+00,0.0000000000000000e+00,0.0000000000000000e+00,0.0000000000000000e+00,199.995594874473,0
QK1_STK_case_0001,71580.000000,2023-11-26T07:01:00Z,J2000,2643585.716482579,1658791.173436472,6029500.335910181,-4540.259453255400,-5149.170918020606,3404.772822691865,2609090.849530968,1619884.561483347,6054129.732828417,-4565.559837994230,-5165.154224619086,3347.436068575835,34494.866951612,38906.611953125,-24629.396918237,57534.576493066,25.300384738830,15.983306598479,57.336754116030,64.676726341984,0.0000000000000000e+00,0.0000000000000000e+00,0.0000000000000000e+00,0.0000000000000000e+00,199.995594874473,0
QK1_STK_case_0001,71640.000000,2023-11-26T07:02:00Z,J2000,2365345.140689575,1346290.710674537,6219832.977183626,-4730.887338724207,-5263.541580394259,2937.252729590924,2329410.324661355,1306513.532837206,6240964.035134803,-4753.565976421129,-5276.564974907300,2878.022264221338,35934.816028220,39777.177837331,-21131.057951176,57619.931359042,22.678637696922,13.023394513041,59.230465369587,64.747026497967,0.0000000000000000e+00,0.0000000000000000e+00,0.0000000000000000e+00,0.0000000000000000e+00,199.995594874473,0
QK1_STK_case_0001,71700.000000,2023-11-26T07:03:00Z,J2000,2076312.160117895,1027647.256997538,6381704.810358201,-4899.872382907793,-5353.862290375789,2456.441772435593,2039098.047825684,987179.159255507,6399231.926389659,-4919.819723288249,-5363.859697184364,2395.586292610873,37214.112292211,40468.097742031,-17527.116031458,57704.045654842,19.947340380456,9.997406808575,60.855479824721,64.816926460971,0.0000000000000000e+00,0.0000000000000000e+00,0.0000000000000000e+00,0.0000000000000000e+00,199.995594874473,0
QK1_STK_case_0001,71760.000000,2023-11-26T07:04:00Z,J2000,1777808.431679075,704316.197463376,6514384.146067563,-5046.461979555967,-5419.738600315844,1964.540048608001,1739481.877133971,663340.375470299,6528218.071897578,-5063.580908916724,-5426.657783205486,1902.335792041342,38326.554545104,40975.821993077,-13833.925830017,57786.852096109,17.118929360756,6.919182889642,62.204256566660,64.886842805993,0.0000000000000000e+00,0.0000000000000000e+00,0.0000000000000000e+00,0.0000000000000000e+00,199.995594874473,0
QK1_STK_case_0001,71820.000000,2023-11-26T07:05:00Z,J2000,1471197.711998870,377773.265306310,6617272.641800730,-5170.005523129097,-5460.886546287374,1463.790768456511,1431931.017830849,336475.633200754,6627340.899525628,-5184.211568003823,-5464.689129615722,1400.520333933201,39266.694168021,41297.632105556,-10068.257724898,57868.277164831,14.206044874726,3.802583328348,63.270434523311,64.957056858515,0.0000000000000000e+00,0.0000000000000000e+00,0.0000000000000000e+00,0.0000000000000000e+00,199.995594874473,0
QK1_STK_case_0001,71880.000000,2023-11-26T07:06:00Z,J2000,1157879.716054132,49507.935338893,6689907.629013699,-5269.955198021198,-5477.132002084234,956.471960616157,1117849.867701399,8076.291854379,6696154.863836335,-5281.176793277285,-5477.793568408682,892.423373724511,40029.848352733,41431.643484514,-6247.234822637,57948.233656427,11.221595256086,0.661566324448,64.048586891646,65.027558411106,0.0000000000000000e+00,0.0000000000000000e+00,0.0000000000000000e+00,0.0000000000000000e+00,199.995594874473,0
QK1_STK_case_0001,71940.000000,2023-11-26T07:07:00Z,J2000,839283.900859613,-278983.175232115,6731963.986722649,-5345.867830610679,-5468.411209533664,444.889282774675,798671.779952280,-320359.991356544,6734352.264479536,-5354.046759999983,-5465.921574512494,380.355024063814,40612.120907333,41376.816124429,-2388.277756887,58026.624473863,8.178929389304,-2.489635021170,64.534258710861,65.098108389217,0.0000000000000000e+00,0.0000000000000000e+00,0.0000000000000000e+00,0.0000000000000000e+00,199.995594874473,0
QK1_STK_case_0001,72000.000000,2023-11-26T07:08:00Z,J2000,516863.103388227,-606202.972946250,6743255.553378448,-5397.407784621940,-5434.772339703653,-68.632607479674,475852.671368572,-647335.947072751,6741764.590201771,-5402.499670543015,-5429.135853805989,-133.356936907890,41010.432019655,41132.974126502,1490.963176677,58103.356754360,5.091885921074,-5.636485897664,64.724329428216,65.168520740002,0.0000000000000000e+00,0.0000000000000000e+00,0.0000000000000000e+00,0.0000000000000000e+00,199.995594874473,0
QK1_STK_case_0001,72060.000000,2023-11-26T07:09:00Z,J2000,192087.006936452,-930660.638464406,6723735.940967840,-5424.349428815426,-5376.376318745767,-581.761282935146,150864.464456227,-971361.455206439,6718363.243111099,-5426.324035714858,-5367.611918715168,-646.378536874706,41222.542480225,40700.816742033,5372.697856741,58178.349703840,1.974606899432,-8.764400030599,64.617253939560,65.238817332883,0.0000000000000000e+00,0.0000000000000000e+00,0.0000000000000000e+00,0.0000000000000000e+00,199.995594874473,0
QK1_STK_case_0001,72120.000000,2023-11-26T07:10:00Z,J2000,-133564.491565273,-1250878.362859187,6673498.638903698,-5426.577927997554,-5293.495506071241,-1092.168475605243,-174811.556632860,-1290960.275809147,6664259.550332208,-5425.419267299684,-5281.636522203577,-1156.381432237240,41247.065067587,40081.912949960,9239.088571489,58251.531139102,-1.158660697870,-11.858983867664,64.212956631997,65.309124878604,0.0000000000000000e+00,0.0000000000000000e+00,0.0000000000000000e+00,0.0000000000000000e+00,199.995594874473,0
QK1_STK_case_0001,72180.000000,2023-11-26T07:11:00Z,J2000,-458607.919136447,-1565397.954238264,6592776.446745060,-5404.088829525802,-5186.510988625799,-1597.540287335542,-499691.388276483,-1604676.642520758,6579704.115357069,-5399.795198392238,-5171.604892858636,-1661.052916234464,41083.469140036,39278.688282494,13072.331387992,58322.831187204,-4.293631133564,-14.906095767163,63.512628898922,65.379515056194,0.0000000000000000e+00,0.0000000000000000e+00,0.0000000000000000e+00,0.0000000000000000e+00,199.995594874473,0
QK1_STK_case_0001,72240.000000,2023-11-26T07:12:00Z,J2000,-781562.838238675,-1872787.287824154,6481940.353268089,-5356.987763310390,-5055.910292036223,-2095.585703400188,-822294.920394570,-1911081.698167670,6465085.624475664,-5349.571801023503,-5038.018521138652,-2158.104290024206,40732.082155895,38294.410343516,16854.728792426,58392.176385012,-7.415962286886,-17.891770897570,62.518586624018,65.449871168372,0.0000000000000000e+00,0.0000000000000000e+00,0.0000000000000000e+00,0.0000000000000000e+00,199.995594874473,0
QK1_STK_case_0001,72300.000000,2023-11-26T07:13:00Z,J2000,-1100958.453212356,-2171646.648060342,6341497.903330351,-5285.490471079492,-4902.285984617093,-2584.045471727955,-1141152.548281915,-2208779.830695677,6320929.144356782,-5274.979247276573,-4881.483873918079,-2645.279919653377,40194.095069559,37133.182635335,20568.758973570,58459.493470289,-10.511223802919,-20.802110699014,61.234447925421,65.520006472071,0.0000000000000000e+00,0.0000000000000000e+00,0.0000000000000000e+00,0.0000000000000000e+00,199.995594874473,0
QK1_STK_case_0001,72360.000000,2023-11-26T07:14:00Z,J2000,-1415340.200589217,-2460614.985019447,6172090.990119076,-5189.922041557311,-4726.333978530180,-3060.702302971400,-1454811.763586981,-2496414.922222906,6147893.828376956,-5176.356937300481,-4702.710524044456,-3120.367619932514,39471.562997764,35799.937203459,24197.161742120,58524.716365245,-13.565104256830,-23.623454485723,59.665316961114,65.589859760544,0.0000000000000000e+00,0.0000000000000000e+00,0.0000000000000000e+00,0.0000000000000000e+00,199.995594874473,0
QK1_STK_case_0001,72420.000000,2023-11-26T07:15:00Z,J2000,-1723276.253224358,-2738376.035070051,5974493.033143248,-5070.714867862630,-4528.850693796341,-3523.390829712277,-1761843.644141172,-2772676.448428418,5946770.009808931,-5054.151294607854,-4502.508146414568,-3581.208369272526,38567.390916814,34300.413358368,27723.023334318,58587.780479212,-16.563573254777,-26.342547381773,57.817539560249,65.659345430246,0.0000000000000000e+00,0.0000000000000000e+00,0.0000000000000000e+00,0.0000000000000000e+00,199.995594874473,0
QK1_STK_case_0001,72480.000000,2023-11-26T07:16:00Z,J2000,-2023363.893885250,-3003664.254183893,5749605.604237786,-4928.406639103000,-4310.729862272766,-3970.005937477141,-2060849.215676853,-3036305.390381892,5718475.763674779,-4908.913991383501,-4281.783453624927,-4025.704455035998,37485.321791604,32641.136197999,31129.840563007,58648.615461873,-19.492647719499,-28.946408647838,55.698517558858,65.728097089285,0.0000000000000000e+00,0.0000000000000000e+00,0.0000000000000000e+00,0.0000000000000000e+00,199.995594874473,0
QK1_STK_case_0001,72540.000000,2023-11-26T07:17:00Z,J2000,-2314235.809403086,-3255270.575974324,5498454.574094412,-4763.639869011563,-4072.959959992970,-4398.511003295438,-2350465.751142565,-3286099.978569533,5464052.978252244,-4741.301577464657,-4041.537583315079,-4451.828101305167,36229.941739480,30829.402595209,34401.595842168,58707.159182773,-22.338291546905,-31.422376677891,53.317098009730,65.795729082524,0.0000000000000000e+00,0.0000000000000000e+00,0.0000000000000000e+00,0.0000000000000000e+00,199.995594874473,0
QK1_STK_case_0001,72600.000000,2023-11-26T07:18:00Z,J2000,-2594566.377709183,-3492048.009161898,5222185.688934082,-4577.161459077145,-3816.620914002631,-4806.948870481778,-2629373.049274378,-3520921.259825501,5184662.836950012,-4552.074721473877,-3782.862506733757,-4857.632593408885,34806.671565195,28873.250663602,37522.851984070,58763.367928915,-25.086737603269,-33.758407268875,50.683722927108,65.862084955294,0.0000000000000000e+00,0.0000000000000000e+00,0.0000000000000000e+00,0.0000000000000000e+00,199.995594874473,0
QK1_STK_case_0001,72660.000000,2023-11-26T07:19:00Z,J2000,-2863077.843340992,-3712916.960630719,4922059.435247979,-4369.819137454134,-3542.878222983223,-5193.453818329083,-2896299.584827341,-3739698.378618828,4881580.594670688,-4342.094333682301,-3506.934963866772,-5241.264102345974,33221.741486348,26781.417988110,40478.840577292,58817.216793396,-27.724803771833,-35.943259116451,47.810284016890,65.927277191423,0.0000000000000000e+00,0.0000000000000000e+00,0.0000000000000000e+00,0.0000000000000000e+00,199.995594874473,0
QK1_STK_case_0001,72720.000000,2023-11-26T07:20:00Z,J2000,-3118546.180403071,-3916870.153931860,4599445.273039993,-4142.555074938560,-3252.975864970093,-5556.260125363584,-3150028.330082193,-3941433.444613282,4556189.731340161,-4112.314922435149,-3215.009288856442,-5600.969795941562,31482.149679122,24563.290681422,43255.541699832,58868.691893608,-30.240152503411,-37.966576113651,44.709670577977,65.991532550884,0.0000000000000000e+00,0.0000000000000000e+00,0.0000000000000000e+00,0.0000000000000000e+00,199.995594874473,0
QK1_STK_case_0001,72780.000000,2023-11-26T07:21:00Z,J2000,-3359806.585061591,-4102977.170923817,4255815.489590035,-3896.400570180170,-2948.231210425104,-5893.706595629962,-3389402.200236473,-4125206.028875102,4209975.764886094,-3863.779643940796,-2908.412742400599,-5935.101872715778,29595.615174881,22228.857951284,45839.724703941,58917.764081227,-32.620926239374,-39.818468024506,41.395277085816,66.054554646479,0.0000000000000000e+00,0.0000000000000000e+00,0.0000000000000000e+00,0.0000000000000000e+00,199.995594874473,0
QK1_STK_case_0001,72840.000000,2023-11-26T07:22:00Z,J2000,-3585758.754879809,-4270388.771999571,3892738.787065641,-3632.474279131488,-2630.032454709585,-6204.241805540421,-3613329.323092128,-4290177.468542680,3844519.798575167,-3597.619046460894,-2588.543175324500,-6242.123395435547,27570.568212318,19788.696543109,48218.988490475,58964.392589680,-34.855232670594,-41.489279385085,37.881589895125,66.115523149993,0.0000000000000000e+00,0.0000000000000000e+00,0.0000000000000000e+00,0.0000000000000000e+00,199.995594874473,0
QK1_STK_case_0001,72900.000000,2023-11-26T07:23:00Z,J2000,-3795372.110907544,-4418341.051436663,3511873.417037563,-3351.981351144558,-2299.834974419091,-6486.434263493905,-3820788.259355783,-4435594.994751561,3461491.561694569,-3315.049825974927,-2256.864773633850,-6520.619203969913,25416.148448238,17253.943314898,50381.855342994,59008.563019777,-36.931525169631,-42.970200785241,34.184940476008,66.173906203482,0.0000000000000000e+00,0.0000000000000000e+00,0.0000000000000000e+00,0.0000000000000000e+00,199.995594874473,0
QK1_STK_case_0001,72960.000000,2023-11-26T07:24:00Z,J2000,-3987690.870415726,-4546159.249203179,3114959.602799994,-3056.208500446450,-1959.153109027630,-6738.985072289123,-4010833.025254793,-4560795.468385083,3062641.726743755,-3017.369091896063,-1914.899257772453,-6769.308108263025,23142.154839067,14636.219181904,52317.876056238,59050.303958337,-38.839408550387,-44.253851255178,30.323035973901,66.229823479561,0.0000000000000000e+00,0.0000000000000000e+00,0.0000000000000000e+00,0.0000000000000000e+00,199.995594874473,0
QK1_STK_case_0001,73020.000000,2023-11-26T07:25:00Z,J2000,-4161838.661994141,-4653260.957886623,2703811.301711954,-2746.514275158919,-1609.549216548763,-6960.735993384244,-4182597.633745999,-4665208.508111976,2649793.619932889,-2705.944564343559,-1564.215155958143,-6987.050195405741,20758.971751858,11947.550225353,54017.681779064,59089.667534739,-40.569710815360,-45.334060590621,26.314202021496,66.283600636237,0.0000000000000000e+00,0.0000000000000000e+00,0.0000000000000000e+00,0.0000000000000000e+00,199.995594874473,0
QK1_STK_case_0001,73080.000000,2023-11-26T07:26:00Z,J2000,-4317022.541105222,-4739158.733964410,2280307.687498893,-2424.319821340813,-1252.625425491727,-7150.671516375734,-4335300.046204247,-4748359.040581448,2224834.672952294,-2382.205583122281,-1206.419891352615,-7172.848603589781,18277.505099025,9200.306617039,55473.014546599,59126.712891717,-42.114238218532,-46.205534139112,22.177087214048,66.335387562804,0.0000000000000000e+00,0.0000000000000000e+00,0.0000000000000000e+00,0.0000000000000000e+00,199.995594874473,0
QK1_STK_case_0001,73140.000000,2023-11-26T07:27:00Z,J2000,-4452536.566204989,-4803462.335281333,1846384.547261990,-2091.103440484324,-890.018974644739,-7307.920661116496,-4468245.697249318,-4809869.490794290,1789707.799493915,-2047.638043734740,-843.155402573114,-7325.851442751136,15709.131044329,6407.155512957,56676.747768075,59161.492353566,-43.465396749584,-46.863572071625,17.930781634640,66.384847909296,0.0000000000000000e+00,0.0000000000000000e+00,0.0000000000000000e+00,0.0000000000000000e+00,199.995594874473,0
QK1_STK_case_0001,73200.000000,2023-11-26T07:28:00Z,J2000,-4567765.115300590,-4845880.688849366,1404025.454650333,-1748.396701623585,-523.397132410588,-7431.762770932350,-4580830.781358718,-4849461.713124232,1346402.527260553,-1703.780537659462,-476.092799565926,-7445.358209606025,13065.666058128,3581.024274866,57622.927389780,59194.063261171,-44.616163964123,-47.304332844662,13.595438673676,66.431452983370,0.0000000000000000e+00,0.0000000000000000e+00,0.0000000000000000e+00,0.0000000000000000e+00,199.995594874473,0
QK1_STK_case_0001,73260.000000,2023-11-26T07:29:00Z,J2000,-4662185.906080526,-4866223.445456288,955252.518023078,-1397.777968130044,-154.448311357658,-7521.635146539167,-4672545.222562252,-4866958.473949656,896945.676405966,-1352.217261106859,-106.922828603396,-7530.827315626825,10359.316481725,735.028493368,58306.841617112,59224.517593794,-45.560707023185,-47.525482754262,9.192169087658,66.475149552402,0.0000000000000000e+00,0.0000000000000000e+00,0.0000000000000000e+00,0.0000000000000000e+00,199.995594874473,0
QK1_STK_case_0001,73320.000000,2023-11-26T07:30:00Z,J2000,-4735372.520697262,-4864401.910186138,502116.746014989,-1040.862578053740,215.129329959846,-7577.137470699261,-4742975.115092262,-4862284.286375114,443391.691565211,-994.567948635617,262.655511957214,-7581.879716791215,7602.594395000,-2117.623811024,58725.054449778,59252.981294356,-46.294629418122,-47.526181997368,4.742246091954,66.516310677945,0.0000000000000000e+00,0.0000000000000000e+00,0.0000000000000000e+00,0.0000000000000000e+00,199.995594874473,0
QK1_STK_case_0001,73380.000000,2023-11-26T07:31:00Z,J2000,-4786996.313621758,-4840429.311525829,46688.291816814,-679.292722292478,583.637942067826,-7598.031624098107,-4791804.552635103,-4835465.603207293,-12187.108211524,-632.478044698745,630.944602080642,-7598.298393845930,4808.239013345,-4963.708318536,58875.400028337,59279.594222445,-46.814677593733,-47.306660012816,0.266769747823,66.555279924824,0.0000000000000000e+00,0.0000000000000000e+00,0.0000000000000000e+00,0.0000000000000000e+00,199.995594874473,0
QK1_STK_case_0001,73440.000000,2023-11-26T07:32:00Z,J2000,-4816827.772128965,-4794420.551198526,-408953.230310042,-314.729513228432,949.387333194420,-7584.240209214883,-4818816.929594909,-4786630.509786159,-467710.207718165,-267.610981883836,996.255417419217,-7580.027032922324,1989.157465944,-7790.041412368,58756.977408123,59304.501403935,-47.118531344597,-46.868084224797,-4.213176292559,66.592223040282,0.0000000000000000e+00,0.0000000000000000e+00,0.0000000000000000e+00,0.0000000000000000e+00,199.995594874473,0
QK1_STK_case_0001,73500.000000,2023-11-26T07:33:00Z,J2000,-4824737.451504203,-4726591.545001294,-862728.380383260,51.153713769388,1310.701794568237,-7535.846525810961,-4823895.818903883,-4716008.005182815,-921098.532121572,98.358530662211,1356.914414845010,-7527.170047802038,-841.632600320,-10583.539818480,58370.151738312,59327.854119940,-47.204816892824,-46.212620276773,-8.676478008923,66.627188754813,0.0000000000000000e+00,0.0000000000000000e+00,0.0000000000000000e+00,0.0000000000000000e+00,199.995594874473,0
QK1_STK_case_0001,73560.000000,2023-11-26T07:34:00Z,J2000,-4810696.491471185,-4637258.121345924,-1312567.547620605,416.678809792270,1665.928012114636,-7453.094895070835,-4807025.429376196,-4623926.838672572,-1370284.102549632,463.752030504696,1711.271547454568,-7439.992848305028,-3671.062094989,-13331.282673353,57716.554929027,59349.814721678,-47.073220712426,-45.343535339933,-13.102046765807,66.660242534946,0.0000000000000000e+00,0.0000000000000000e+00,0.0000000000000000e+00,0.0000000000000000e+00,199.995594874473,0
QK1_STK_case_0001,73620.000000,2023-11-26T07:35:00Z,J2000,-4774776.655810312,-4526834.424125728,-1756420.589903648,780.171238748317,2013.443492177029,-7336.389622167262,-4768290.578404769,-4510813.845973195,-1813219.667900127,826.895817798038,2057.708679556898,-7318.920584624503,-6486.077405543,-16020.578152534,56799.077996478,59370.559924108,-46.724579049721,-44.265187379869,-17.469037542759,66.691531500026,0.0000000000000000e+00,0.0000000000000000e+00,0.0000000000000000e+00,0.0000000000000000e+00,199.995594874473,0
QK1_STK_case_0001,73680.000000,2023-11-26T07:36:00Z,J2000,-4717149.856094704,-4395830.824301198,-2192266.361572799,1139.968692171538,2351.664407083846,-7186.292453626823,-4707876.146733637,-4377191.797909695,-2247888.212691721,1186.129555086933,2394.647340567600,-7164.535444084710,-9273.709361067,-18639.026391504,55621.851118922,59390.279608975,-46.160862915395,-42.982933483754,-21.757009542113,66.721250739013,0.0000000000000000e+00,0.0000000000000000e+00,0.0000000000000000e+00,0.0000000000000000e+00,199.995594874473,0
QK1_STK_case_0001,73740.000000,2023-11-26T07:37:00Z,J2000,-4638087.164596599,-4244851.377321729,-2618122.063295478,1494.429518672784,2679.053002204393,-7003.519232548715,-4626066.024356087,-4223676.799326698,-2672312.279876595,1539.814665310496,2720.556105298236,-6977.573215996235,-12021.140240512,-21174.577995030,54190.216581118,59409.175546023,-45.385146637712,-41.503103093843,-25.946016552480,66.749643270105,0.0000000000000000e+00,0.0000000000000000e+00,0.0000000000000000e+00,0.0000000000000000e+00,199.995594874473,0
QK1_STK_case_0001,73800.000000,2023-11-26T07:38:00Z,J2000,-4537957.325379416,-4074590.836718631,-3032052.365243102,1841.940998257822,2994.124986328883,-6788.935612482139,-4523241.556115405,-4050975.244009379,-3084563.060048501,1886.342576369338,3033.957985830858,-6758.918846111224,-14715.769264011,-23615.592709252,52510.694805399,59427.461269910,-44.401578111516,-39.832999501975,-30.016766370915,66.777048837782,0.0000000000000000e+00,0.0000000000000000e+00,0.0000000000000000e+00,0.0000000000000000e+00,199.995594874473,0
QK1_STK_case_0001,73860.000000,2023-11-26T07:39:00Z,J2000,-4417224.780270594,-3885831.230207602,-3432178.235797155,2180.927163822686,3295.456641483786,-6543.551539838630,-4399879.505895752,-3859880.334439552,-3482769.175693845,2224.142439921839,3333.437454737016,-6509.600759515776,-17345.274374842,-25950.895768050,50590.939896690,59445.359229575,-43.215276099153,-37.980813253230,-33.950780322853,66.803875248622,0.0000000000000000e+00,0.0000000000000000e+00,0.0000000000000000e+00,0.0000000000000000e+00,199.995594874473,0
QK1_STK_case_0001,73920.000000,2023-11-26T07:40:00Z,J2000,-4276447.250446329,-3679438.030646557,-3816685.411501824,2509.855754042910,3581.691169944384,-6268.514928016206,-4256549.584125084,-3651268.203326834,-3865125.100515582,2551.687950542318,3617.646671414139,-6230.784498175901,-19897.666321245,-28169.827319723,48439.689013758,59463.095849478,-41.832196499408,-35.955501469755,-37.730429840305,66.830502660393,0.0000000000000000e+00,0.0000000000000000e+00,0.0000000000000000e+00,0.0000000000000000e+00,199.995594874473,0
QK1_STK_case_0001,73980.000000,2023-11-26T07:41:00Z,J2000,-4116272.926144616,-3456355.969290331,-4183832.482605616,2827.244387169578,3851.544321144358,-5965.105265281672,-4093911.589620349,-3426093.683053313,-4229899.194801155,2867.503460023175,3885.311048763052,-5923.766351325387,-22361.336524267,-30262.286237019,46066.712195539,59480.898715045,-40.259072853597,-33.766727618693,-41.338913956285,66.857240805999,0.0000000000000000e+00,0.0000000000000000e+00,0.0000000000000000e+00,0.0000000000000000e+00,199.995594874473,0
QK1_STK_case_0001,74040.000000,2023-11-26T07:42:00Z,J2000,-3937437.294573941,-3217604.522659551,-4531958.597002338,3131.666559893547,4103.809710777568,-5634.727229768429,-3912712.190358734,-3185385.751012756,-4575441.358830239,3170.169995484496,4135.234535995313,-5589.966924291992,-24725.104215207,-32218.771646796,43482.761827901,59498.996639130,-38.503435590948,-31.424825217745,-44.760305476436,66.884371407796,0.0000000000000000e+00,0.0000000000000000e+00,0.0000000000000000e+00,0.0000000000000000e+00,199.995594874473,0
QK1_STK_case_0001,74100.000000,2023-11-26T07:43:00Z,J2000,-3740759.601841427,-2964273.087220705,-4859490.766843914,3421.757864076992,4337.363852225300,-5278.903711200639,-3713781.337090824,-2930242.666132865,-4900190.284192260,3458.331487127165,4366.304583594182,-5230.924068656052,-26978.264750604,-34030.421087839,40699.517348346,59517.619582420,-36.573623050173,-28.940731368881,-47.979642544587,66.912195703685,0.0000000000000000e+00,0.0000000000000000e+00,0.0000000000000000e+00,0.0000000000000000e+00,199.995594874473,0
QK1_STK_case_0001,74160.000000,2023-11-26T07:44:00Z,J2000,-3527138.940286254,-2697515.869845354,-5164950.730740306,3696.222166513297,4551.170559642675,-4899.268017537714,-3498028.303000400,-2661826.825376632,-5202680.255366093,3730.700914515388,4577.496465442679,-4848.284996581649,-29110.637285854,-35689.044468722,37729.524625788,59536.997965693,-34.478748002091,-26.325905800005,-50.983020956065,66.941062180018,0.0000000000000000e+00,0.0000000000000000e+00,0.0000000000000000e+00,0.0000000000000000e+00,199.995594874473,0
QK1_STK_case_0001,74220.000000,2023-11-26T07:45:00Z,J2000,-3297549.977740373,-2418546.533258781,-5446961.331485395,3953.837309248775,4744.284761460385,-4497.555568323049,-3266437.368971631,-2381359.380030823,-5481547.462231630,3986.065914106027,4767.877027906025,-4443.797926854811,-31112.608768742,-37187.153227958,34586.130746235,59557.360834678,-32.228604857252,-23.592266445640,-53.757641468238,66.971352258369,0.0000000000000000e+00,0.0000000000000000e+00,0.0000000000000000e+00,0.0000000000000000e+00,199.995594874473,0
QK1_STK_case_0001,74280.000000,2023-11-26T07:46:00Z,J2000,-3053038.366367580,-2128632.623128974,-5704252.385369346,4193.460064973325,4915.855993101001,-4075.595257473364,-3020063.194838152,-2090114.636310237,-5735535.802130635,4223.293625698182,4936.608150690110,-4019.303412482479,-32975.171529427,-38517.986818737,31283.416761289,59578.934282379,-29.833560724858,-20.752157589109,-56.291844990885,67.003471571291,0.0000000000000000e+00,0.0000000000000000e+00,0.0000000000000000e+00,0.0000000000000000e+00,199.995594874473,0
QK1_STK_case_0001,74340.000000,2023-11-26T07:47:00Z,J2000,-2794715.878092080,-1829089.794210095,-5935666.022406587,4414.030298627025,5065.131563616748,-3635.300451569447,-2760025.923555305,-1789414.257527543,-5963502.150393797,4441.334752786413,5082.949848183081,-3576.725296423037,-34689.954536776,-39675.536682552,27836.127987210,59601.939382309,-27.304454159387,-17.818284566333,-58.575155146410,67.037849624335,0.0000000000000000e+00,0.0000000000000000e+00,0.0000000000000000e+00,0.0000000000000000e+00,199.995594874473,0
QK1_STK_case_0001,74400.000000,2023-11-26T07:48:00Z,J2000,-2523755.312793542,-1521275.865644142,-6140161.477142852,4614.574395666230,5191.459015719590,-3178.659728947601,-2487506.063790687,-1480621.301210891,-6164421.079794836,4639.226903255943,5206.262605534306,-3118.061451803904,-36249.249002854,-40654.564433250,24259.602651984,59626.587889635,-24.652507589714,-14.803589814716,-60.598277143697,67.074910321577,0.0000000000000000e+00,0.0000000000000000e+00,0.0000000000000000e+00,0.0000000000000000e+00,199.995594874473,0
QK1_STK_case_0001,74460.000000,2023-11-26T07:49:00Z,J2000,-2241385.219896870,-1206584.757678843,-6316819.328809434,4794.208089049911,5294.287617906896,-2707.727882465434,-2203739.190659605,-1165134.145499934,-6337389.031888093,4816.097349334485,5306.008751928880,-2645.374879373499,-37646.029237265,-41450.612178909,20569.703078660,59653.075797343,-21.889260284575,-11.721134021984,-62.353003091935,67.114988587871,0.0000000000000000e+00,0.0000000000000000e+00,0.0000000000000000e+00,0.0000000000000000e+00,199.995594874473,0
QK1_STK_case_0001,74520.000000,2023-11-26T07:50:00Z,J2000,-1948884.461383463,-886440.360163482,-6464845.224008529,4952.138968354684,5373.169243046976,-2224.617769488925,-1910010.490068107,-844380.351192739,-6481627.979893604,4971.165545432894,5381.753347083501,-2160.785697667487,-38873.971315357,-42060.008970744,16782.755885074,59681.579197808,-19.026577078209,-8.584104036525,-63.832071821438,67.158252437360,0.0000000000000000e+00,0.0000000000000000e+00,0.0000000000000000e+00,0.0000000000000000e+00,199.995594874473,0
QK1_STK_case_0001,74580.000000,2023-11-26T07:51:00Z,J2000,-1647576.621868226,-562290.345201417,-6583573.138411747,5087.669197516578,5427.759554659845,-1731.492951062007,-1607649.147487562,-519810.464489149,-6596488.633191458,5103.745899722698,5433.165439139238,-1666.463788608579,-39927.474380665,-42479.880712268,12915.494779711,59712.255703096,-16.076702206121,-5.405884479392,-65.029162453428,67.204731308318,0.0000000000000000e+00,0.0000000000000000e+00,0.0000000000000000e+00,0.0000000000000000e+00,199.995594874473,0
QK1_STK_case_0001,74640.000000,2023-11-26T07:52:00Z,J2000,-1338824.237764417,-235599.883750306,-6672468.188482668,5200.198796878839,5457.819950007569,-1230.559754633652,-1298022.552624543,-192891.719393991,-6681453.189730488,5213.251112224952,5460.020080643408,-1164.620700569387,-40801.685139874,-42708.164356314,8985.001247819,59745.251362453,-13.052315346113,-2.200130635838,-65.939054064265,67.254459789662,0.0000000000000000e+00,0.0000000000000000e+00,0.0000000000000000e+00,0.0000000000000000e+00,199.995594874473,0
QK1_STK_case_0001,74700.000000,2023-11-26T07:53:00Z,J2000,-1024022.825931194,92154.756847712,-6731128.912381990,5289.228848932446,5463.219343557089,-724.057444821832,-982530.303477553,134898.378770015,-6736137.542717295,5299.195292008988,5462.199992624159,-657.499557576414,-41492.522453641,-42743.621922303,5008.630335305,59780.707694359,-9.966443076541,1.019350932930,-66.557887245418,67.307662405525,0.0000000000000000e+00,0.0000000000000000e+00,0.0000000000000000e+00,0.0000000000000000e+00,199.995594874473,0
QK1_STK_case_0001,74760.000000,2023-11-26T07:54:00Z,J2000,-704594.755252053,419492.679030138,-6759288.913933358,5354.363367535998,5443.934346514988,-214.247109850020,-662598.063979474,462078.520606119,-6760292.840181400,5361.195584341507,5439.695471619189,-147.363929260832,-41996.691272580,-42585.841575981,1003.926248041,59818.758332904,-6.832216805509,4.238874895798,-66.883180589187,67.364731815584,0.0000000000000000e+00,0.0000000000000000e+00,0.0000000000000000e+00,0.0000000000000000e+00,199.995594874473,0
QK1_STK_case_0001,74820.000000,2023-11-26T07:55:00Z,J2000,-381983.058899434,744934.774983096,-6756817.860179375,5395.309450560306,5400.047642191916,296.598353667727,-339671.375883563,787169.999747652,-6753806.408881245,5398.972169093739,5392.602630122173,363.511849623803,-42311.683015871,-42235.224764556,-3011.451298130,59859.515279270,-3.662718533433,7.445012069743,-66.913495956076,67.425956818110,0.0000000000000000e+00,0.0000000000000000e+00,0.0000000000000000e+00,0.0000000000000000e+00,199.995594874473,0
QK1_STK_case_0001,74880.000000,2023-11-26T07:56:00Z,J2000,-57645.259582958,1067010.033189307,-6723721.959068544,5411.877078466667,5331.746264926133,806.201490078978,-15209.484761701,1108703.007617219,-6716702.179872941,5412.348173056916,5321.121834016944,872.849624410000,-42435.774821257,-41692.974427913,-7019.779195603,59903.058363342,-0.471094590250,10.624430909189,-66.648134331022,67.491290342259,0.0000000000000000e+00,0.0000000000000000e+00,0.0000000000000000e+00,0.0000000000000000e+00,199.995594874473,0
QK1_STK_case_0001,74940.000000,2023-11-26T07:57:00Z,J2000,266952.831845842,1384261.789978576,-6660144.049107524,5403.980324220819,5239.321565484824,1312.286574350805,309320.872222987,1425222.886825999,-6649140.732832973,5401.251104654519,5225.557909070643,1378.373830098972,-42368.040377145,-40961.096847423,-11003.316274550,59949.439274952,2.729219566300,13.763656414181,-66.087255748167,67.560434054647,0.0000000000000000e+00,0.0000000000000000e+00,0.0000000000000000e+00,0.0000000000000000e+00,199.995594874473,0
QK1_STK_case_0001,75000.000000,2023-11-26T07:58:00Z,J2000,590343.427208893,1695254.016570153,-6566363.256455359,5371.639554675065,5123.170149341892,1812.588062731767,632451.796278630,1735296.428012619,-6551418.888917916,5365.715045330118,5106.321044473807,1877.820376190743,-42108.369069737,-40042.411442466,-14944.367537442,59998.696493632,5.924509344946,16.849104868085,-65.232313458975,67.633178729408,0.0000000000000000e+00,0.0000000000000000e+00,0.0000000000000000e+00,0.0000000000000000e+00,199.995594874473,0
QK1_STK_case_0001,75060.000000,2023-11-26T07:59:00Z,J2000,911063.182991287,1998577.635929835,-6442794.058894123,5314.982562325522,4983.793548473222,2304.861778747954,952720.657023097,2037518.183788883,-6423968.689277949,5305.881487212030,4963.926154150413,2368.947978738835,-41657.474031810,-38940.547859047,-18825.369616174,60050.861371501,9.101075113492,19.867394322809,-64.086199990880,67.709555859351,0.0000000000000000e+00,0.0000000000000000e+00,0.0000000000000000e+00,0.0000000000000000e+00,199.995594874473,0
QK1_STK_case_0001,75120.000000,2023-11-26T08:00:00Z,J2000,1227659.620994755,2292856.747743667,-6289984.661952868,5234.243361836800,4821.795513305336,2786.895913511937,1268676.505709402,2330516.675501700,-6267355.692794041,5221.997943731601,4798.989996187700,2849.548906747743,-41016.884714648,-37659.927758033,-22628.969158827,60105.950085046,12.245418105199,22.805517117636,-62.652993235806,67.789670577308,0.0000000000000000e+00,0.0000000000000000e+00,0.0000000000000000e+00,0.0000000000000000e+00,199.995594874473,0
QK1_STK_case_0001,75180.000000,2023-11-26T08:01:00Z,J2000,1538697.439197493,2576754.658223710,-6108614.797683370,5129.760244514149,4637.878737501147,3256.519206640824,1578886.374268732,2612960.401316392,-6082276.712383047,5114.416046472743,4612.227958813127,3317.456849468972,-40188.935071239,-36205.743092681,-26338.085300323,60163.951601774,15.344198041406,25.650778688020,-60.937642828147,67.873434967493,0.0000000000000000e+00,0.0000000000000000e+00,0.0000000000000000e+00,0.0000000000000000e+00,199.995594874473,0
QK1_STK_case_0001,75240.000000,2023-11-26T08:02:00Z,J2000,1842764.739940662,2848979.750886758,-5899493.087934473,5001.975072280157,4432.842892821514,3711.607803384193,1881941.500209625,2883563.694469800,-5869557.128749114,4983.591062016446,4404.452310901951,3770.553780785104,-39176.760268962,-34583.943583042,-29935.959185358,60224.823381013,18.384010263712,28.390581919563,-58.945977400911,67.960468118285,0.0000000000000000e+00,0.0000000000000000e+00,0.0000000000000000e+00,0.0000000000000000e+00,199.995594874473,0
QK1_STK_case_0001,75300.000000,2023-11-26T08:03:00Z,J2000,2138479.252415109,3108291.271668808,-5663553.963483644,4851.433589767151,4207.583500749798,4150.093487516427,2176463.555818176,3141092.504256627,-5630147.747386561,4830.082241888015,4176.571070757361,4206.778519209407,-37984.303403067,-32801.232587819,-33406.216097083,60288.501708215,21.351347879135,31.012429992437,-56.685031692981,68.050302632140,0.0000000000000000e+00,0.0000000000000000e+00,0.0000000000000000e+00,0.0000000000000000e+00,199.995594874473,0
QK1_STK_case_0001,75360.000000,2023-11-26T08:04:00Z,J2000,2424494.563657386,3353505.027039933,-5401854.025590542,4678.785148855203,3963.089915367827,4569.973923626658,2461110.880224906,3384370.081868283,-5365121.080681238,4654.552357176146,3929.585763385915,4624.137147927175,-36616.316567520,-30865.054828350,-36732.944909303,60354.912726636,24.232791679057,33.504151981912,-54.163224300517,68.142580368047,0.0000000000000000e+00,0.0000000000000000e+00,0.0000000000000000e+00,0.0000000000000000e+00,199.995594874473,0
QK1_STK_case_0001,75420.000000,2023-11-26T08:05:00Z,J2000,2699506.287659319,3583498.909699748,-5115567.771155085,4484.780868408886,3700.441581682635,4969.323305640841,2734584.637161314,3612282.480168154,-5075666.991975657,4457.765677031157,3664.587495726762,5020.713569548468,-35078.349501994,-28783.570468406,-39900.779179428,60423.974644335,27.015191377729,35.854085955874,-51.390263907627,68.237052027488,0.0000000000000000e+00,0.0000000000000000e+00,0.0000000000000000e+00,0.0000000000000000e+00,199.995594874473,0
QK1_STK_case_0001,75480.000000,2023-11-26T08:06:00Z,J2000,2962258.085739087,3797218.164215581,-4805982.707510530,4270.270664654324,3420.803303034982,5346.301913272814,2995634.816684817,3823783.787193661,-4763087.737468993,4240.584928166560,3382.752191175068,5394.678924808679,-33376.730945731,-26565.622978079,-42894.970041537,60495.594448699,29.685736487764,38.051111859914,-48.377011535865,68.333486006041,0.0000000000000000e+00,0.0000000000000000e+00,0.0000000000000000e+00,0.0000000000000000e+00,199.995594874473,0
QK1_STK_case_0001,75540.000000,2023-11-26T08:07:00Z,J2000,3211547.495423093,3993680.365151909,-4474493.926744084,4036.199926495405,3125.420510606617,5699.164696545876,3243066.042796371,4017901.072645863,-4428792.473599665,4003.967944386346,3085.335879593742,5744.300119091633,-31518.547373278,-24220.707493954,-45701.453144419,60569.665010967,32.231982109059,40.084631012875,-45.135422545757,68.431605874048,0.0000000000000000e+00,0.0000000000000000e+00,0.0000000000000000e+00,0.0000000000000000e+00,199.995594874473,0
QK1_STK_case_0001,75600.000000,2023-11-26T08:08:00Z,J2000,3446231.554186969,4171980.116164073,-4122598.176350931,3783.605993719625,2815.614621783212,6026.269562906237,3475743.174811791,4193739.055271441,-4074291.262225906,3748.964129100196,2773.670043854486,6067.948102479431,-29511.620624823,-21758.939107367,-48306.914125025,60646.064466411,34.641864619429,41.944577928725,-41.678539573194,68.531066407025,0.0000000000000000e+00,0.0000000000000000e+00,0.0000000000000000e+00,0.0000000000000000e+00,199.995594874473,0
QK1_STK_case_0001,75660.000000,2023-11-26T08:09:00Z,J2000,3665232.207296613,4331293.463722944,-3751887.436014661,3513.614510049034,2492.778118892842,6326.085569676215,3692596.691808851,4350484.483186833,-3701188.581700526,3476.710792106830,2449.156636653360,6364.106085044942,-27364.484512239,-19191.019463888,-50698.854314134,60724.657837238,36.903717942204,43.621482239483,-38.020515368728,68.631462898811,0.0000000000000000e+00,0.0000000000000000e+00,0.0000000000000000e+00,0.0000000000000000e+00,199.995594874473,0
QK1_STK_case_0001,75720.000000,2023-11-26T08:10:00Z,J2000,3867541.493217796,4470881.998683264,-3364041.999206320,3227.435584584649,2158.369000531500,6597.201284631168,3892627.852982582,4487410.196697812,-3311176.340766036,3188.429258076347,2113.262425724756,6631.377936811932,-25086.359764787,-16528.198014547,-52865.658440284,60805.300905276,39.006326508302,45.106574806745,-34.176652180764,68.732380671367,0.0000000000000000e+00,0.0000000000000000e+00,0.0000000000000000e+00,0.0000000000000000e+00,199.995594874473,0
QK1_STK_case_0001,75780.000000,2023-11-26T08:11:00Z,J2000,4052226.477747694,4590096.597905889,-2960823.047520645,2926.359138082225,1813.904314072747,6838.333249640552,4074913.600695254,4603878.824047135,-2906026.383416421,2885.420058788989,1767.512399610666,6868.496648591537,-22687.122947561,-13782.226141246,-54796.664104224,60887.845273070,40.939079293236,46.391914462081,-30.163398950984,68.833484417914,0.0000000000000000e+00,0.0000000000000000e+00,0.0000000000000000e+00,0.0000000000000000e+00,199.995594874473,0
QK1_STK_case_0001,75840.000000,2023-11-26T08:12:00Z,J2000,4218433.870581433,4688380.752427410,-2544064.732799411,2611.748965719144,1460.952907744733,7048.333777570743,4238611.135258553,4699346.057145699,-2487582.505848935,2569.056828400622,1413.482445774668,7074.331982751319,-20177.264677119,-10965.304718288,-56482.226950475,60972.140184681,42.692137318523,47.470461970065,-25.998205180575,68.934534313987,0.0000000000000000e+00,0.0000000000000000e+00,0.0000000000000000e+00,0.0000000000000000e+00,199.995594874473,0
QK1_STK_case_0001,75900.000000,2023-11-26T08:13:00Z,J2000,4365394.257309155,4765273.451462718,-2115665.831777615,2285.035996949583,1101.127970134718,7226.197340118437,4382962.099086699,4773363.481662917,-2057752.056969773,2240.779544705722,1052.791906723761,7247.896682060872,-17567.841777544,-8090.030200200,-57913.774807841,61058.029495344,44.256452243861,48.336063410957,-21.699341942435,69.035281067117,0.0000000000000000e+00,0.0000000000000000e+00,0.0000000000000000e+00,0.0000000000000000e+00,199.995594874473,0
QK1_STK_case_0001,75960.000000,2023-11-26T08:14:00Z,J2000,4492425.928631477,4820411.623334001,-1677581.054906586,1947.711766119962,736.079747061416,7371.065842928650,4507296.360779909,4825580.965278784,-1618497.199688635,1902.088062059657,687.096290349474,7388.351713030686,-14870.432148432,-5169.341944783,-59083.855217951,61145.349748276,45.623704060305,48.983456711942,-17.285870102036,69.135394038202,0.0000000000000000e+00,0.0000000000000000e+00,0.0000000000000000e+00,0.0000000000000000e+00,199.995594874473,0
QK1_STK_case_0001,76020.000000,2023-11-26T08:15:00Z,J2000,4598938.331076489,4853532.137066328,-1231812.046048464,1601.322211738341,367.488032431216,7482.233835146231,4611035.420953294,4855748.602932790,-1171825.862281724,1554.535855567670,318.079668747935,7495.011488805356,-12097.089876806,-2216.465866462,-59986.183766740,61233.932972836,46.786356170671,49.408363683282,-12.777653659125,69.234514215245,0.0000000000000000e+00,0.0000000000000000e+00,0.0000000000000000e+00,0.0000000000000000e+00,199.995594874473,0
QK1_STK_case_0001,76080.000000,2023-11-26T08:16:00Z,J2000,4684435.128076213,4864473.329267000,-780398.066878528,1247.460670393728,-2.946163647787,7559.153613522872,4693695.422401809,4863718.182070724,-719782.376392769,1199.722872650028,-52.553745298335,7567.348910482234,-9260.294325596,755.147196276,-60615.690485759,61323.610716836,47.737797743701,49.607581650548,-8.195296959362,69.332332882187,0.0000000000000000e+00,0.0000000000000000e+00,0.0000000000000000e+00,0.0000000000000000e+00,199.995594874473,0
QK1_STK_case_0001,76140.000000,2023-11-26T08:17:00Z,J2000,4748516.802935681,4853176.015926122,-325406.406639884,887.759723046552,-373.509298833173,7601.439162611337,4754889.693038968,4849444.128657958,-264437.846848913,839.287247026823,-423.088300671224,7604.999137622516,-6372.890103287,3731.887268164,-60968.559790972,61414.216545000,48.472476019729,49.579001838051,-3.559975011179,69.428609209899,0.0000000000000000e+00,0.0000000000000000e+00,0.0000000000000000e+00,0.0000000000000000e+00,199.995594874473,0
QK1_STK_case_0001,76200.000000,2023-11-26T08:18:00Z,J2000,4790882.758413793,4819683.990195259,131077.404583173,523.882702322418,-742.483739735845,7608.868862527709,4794330.781530147,4812983.940229778,192119.665066300,474.896808502102,-791.805329064642,7607.762180554321,-3448.023116355,6700.049965481,-61042.260483127,61505.585907629,48.985893820316,49.321589328796,1.106681973388,69.523102004182,0.0000000000000000e+00,0.0000000000000000e+00,0.0000000000000000e+00,0.0000000000000000e+00,199.995594874473,0
QK1_STK_case_0001,76260.000000,2023-11-26T08:19:00Z,J2000,4811332.910886428,4764144.012947200,586959.525742903,157.515323403586,-1108.156357416383,7581.387612167898,4811831.988287744,4754498.109720151,647795.097577963,108.240703424847,-1156.991836951374,7575.604977701348,-499.077401316,9645.903227050,-60835.571835060,61597.559430686,49.274619978738,48.835479534991,5.782634466550,69.615595212821,0.0000000000000000e+00,0.0000000000000000e+00,0.0000000000000000e+00,0.0000000000000000e+00,199.995594874473,0
QK1_STK_case_0001,76320.000000,2023-11-26T08:20:00Z,J2000,4809768.775015868,4686805.263269641,1040147.842462220,-209.643025750872,-1468.827981857824,7519.108169913759,4807308.383544092,4674249.501605392,1100496.446539045,-258.979420661264,-1516.950098728993,7508.662567760072,2460.391471776,12555.761664250,-60348.604076825,61689.988581497,49.336394910391,48.122116871169,10.445602153688,69.706015517096,0.0000000000000000e+00,0.0000000000000000e+00,0.0000000000000000e+00,0.0000000000000000e+00,199.995594874473,0
QK1_STK_case_0001,76380.000000,2023-11-26T08:21:00Z,J2000,4786194.005604719,4588018.203673049,1488562.032963856,-575.888650401036,-1822.823269075210,7422.310553389224,4780777.275800277,4572602.138033436,1548144.836060092,-625.058850389728,-1870.007480068508,7407.237150992885,5416.729804441,15416.065639612,-59582.803096236,61782.735989789,49.170199988692,47.184210993299,15.073402396339,69.794453889904,0.0000000000000000e+00,0.0000000000000000e+00,0.0000000000000000e+00,0.0000000000000000e+00,199.995594874473,0
QK1_STK_case_0001,76440.000000,2023-11-26T08:22:00Z,J2000,4740714.376267200,4468232.879305843,1930143.528229381,-939.522747375310,-2168.499467103684,7291.439273307063,4732358.118622674,4450019.428822829,1988684.465586368,-988.298894127079,-2214.524978237911,7271.795144640279,8356.257644527,18213.450483014,-58540.937356987,61875.667002091,48.776146751768,46.025511134227,19.644128666783,69.880984238876,0.0000000000000000e+00,0.0000000000000000e+00,0.0000000000000000e+00,0.0000000000000000e+00,199.995594874473,0
QK1_STK_case_0001,76500.000000,2023-11-26T08:23:00Z,J2000,4673537.234450995,4327996.738225842,2362865.280662252,-1298.859608525765,-2504.253697371346,7127.100023932367,4662271.902114743,4307061.933657895,2420092.364272546,-1347.014984704724,-2548.904427895533,7102.963970628581,11265.332336252,20934.804567947,-57227.083610294,61968.644115262,48.155376178959,44.650730524186,24.136053303786,69.965541950046,0.0000000000000000e+00,0.0000000000000000e+00,0.0000000000000000e+00,0.0000000000000000e+00,199.995594874473,0
QK1_STK_case_0001,76560.000000,2023-11-26T08:24:00Z,J2000,4584970.485008143,4167952.028102623,2784741.354119399,-1652.234352703974,-2828.530143252887,6930.057118559851,4570840.072544139,4144384.696334767,2840387.972182343,-1699.544484289553,-2871.595820117832,6901.529493134826,14130.412464004,23567.331767857,-55646.618062944,62061.532247458,47.310131585579,43.065676864945,28.527625425025,70.048029857171,0.0000000000000000e+00,0.0000000000000000e+00,0.0000000000000000e+00,0.0000000000000000e+00,199.995594874473,0
QK1_STK_case_0001,76620.000000,2023-11-26T08:25:00Z,J2000,4475421.092041855,3988832.728620768,3193836.360798015,-1998.011376497106,-3139.828340917547,6701.230539873278,4458482.965489767,3962734.109105288,3247642.560986797,-2044.255226872694,-3181.105689822143,6668.432900280637,16938.126552087,26098.619515480,-53806.200188782,62154.205412534,46.243850375588,41.277348904596,32.797639592641,70.128442111602,0.0000000000000000e+00,0.0000000000000000e+00,0.0000000000000000e+00,0.0000000000000000e+00,199.995594874473,0
QK1_STK_case_0001,76680.000000,2023-11-26T08:26:00Z,J2000,4345393.052075548,3791460.971865324,3588274.661481483,-2334.593350374611,-3436.711686449786,6441.690877574177,4325717.705516942,3762944.261074047,3639988.405122207,-2379.554556822638,-3476.005595437178,6404.765313016997,19675.346558606,28516.710791278,-51713.743640724,62246.552819358,44.961206448027,39.293908987393,36.925564557179,70.206970356497,0.0000000000000000e+00,0.0000000000000000e+00,0.0000000000000000e+00,0.0000000000000000e+00,199.995594874473,0
QK1_STK_case_0001,76740.000000,2023-11-26T08:27:00Z,J2000,4195484.839690868,3576742.982310431,3966249.195743919,-2660.429639901312,-3717.814803863061,6152.652214713114,4173155.580891840,3545932.814333559,4015627.563215084,-2703.897608393471,-3754.939270082531,6111.760449096177,22329.258799027,30810.167976873,-49378.367471165,62338.474663682,43.467968492159,37.124466219471,40.891765616937,70.283901230555,0.0000000000000000e+00,0.0000000000000000e+00,0.0000000000000000e+00,0.0000000000000000e+00,199.995594874473,0
QK1_STK_case_0001,76800.000000,2023-11-26T08:28:00Z,J2000,4026386.383912272,3345664.619180108,4326029.855640559,-2974.023502776551,-3981.849472281047,5835.464231950167,4001498.959437879,3312696.494856789,4372840.197152323,-3015.794349067491,-4016.628401470496,5790.786723048086,24887.424474393,32968.124323319,-46810.341511765,62429.874185477,41.770846290941,34.778929189449,44.677508902081,70.359486333554,0.0000000000000000e+00,0.0000000000000000e+00,0.0000000000000000e+00,0.0000000000000000e+00,199.995594874473,0
QK1_STK_case_0001,76860.000000,2023-11-26T08:29:00Z,J2000,3838875.643807352,3099286.593167393,4665971.387597926,-3273.938344224549,-4227.609656077481,5491.604463997999,3811537.809858540,3064306.262988416,4709992.420835911,-3313.815777297341,-4259.877607208049,5443.339522675885,27337.833948811,34980.330178976,-44021.033237986,62520.652841943,39.877433072792,32.267951130567,48.264941322114,70.433904474101,0.0000000000000000e+00,0.0000000000000000e+00,0.0000000000000000e+00,0.0000000000000000e+00,199.995594874473,0
QK1_STK_case_0001,76920.000000,2023-11-26T08:30:00Z,J2000,3633814.821823970,2838739.396125860,4984520.838379912,-3558.803621557369,-4453.976093029215,5122.670817827743,3604145.862477634,2801902.200013692,5025543.693277580,-3596.599815800341,-4483.578971628384,5071.033732447716,29668.959346336,36837.196112167,-41022.854897668,62610.708269879,37.796194242972,29.602878599169,51.637085380027,70.507242941090,0.0000000000000000e+00,0.0000000000000000e+00,0.0000000000000000e+00,0.0000000000000000e+00,199.995594874473,0
QK1_STK_case_0001,76980.000000,2023-11-26T08:31:00Z,J2000,3412146.225333208,2565217.963242671,5280224.555557593,-3827.320683109035,-4659.920653477411,4730.374178557092,3380276.418272150,2526688.129043934,5318053.766900251,-3862.857160220835,-4686.716420557282,4675.596335447525,31869.807061058,38529.834198738,-37829.211342658,62699.935855619,35.536477111800,26.795767079871,54.777843109567,70.579504352556,0.0000000000000000e+00,0.0000000000000000e+00,0.0000000000000000e+00,0.0000000000000000e+00,199.995594874473,0
QK1_STK_case_0001,77040.000000,2023-11-26T08:32:00Z,J2000,3174887.778729151,2279976.071326375,5551734.740273105,-4078.268579900789,-4844.510882203886,4316.530791998466,3140957.807741342,2239925.967987160,5586189.184253148,-4111.377089351583,-4868.370328425736,4258.858664583719,33929.970987809,40050.103339216,-34454.443980043,62788.234715505,33.108509450794,23.859446221850,57.672127414747,70.650696051840,0.0000000000000000e+00,0.0000000000000000e+00,0.0000000000000000e+00,0.0000000000000000e+00,199.995594874473,0
QK1_STK_case_0001,77100.000000,2023-11-26T08:33:00Z,J2000,2923128.189973031,1984320.452228858,5797815.516603752,-4310.509717997474,-5006.914867202669,3883.053598627626,2887288.505954518,1942929.797576362,5828729.280954216,-4341.033076716611,-5027.722359249021,3822.747554654598,35839.684018513,41390.654652496,-30913.764350464,62875.512478429,30.523358719137,20.807492046351,60.306043973028,70.720902797071,0.0000000000000000e+00,0.0000000000000000e+00,0.0000000000000000e+00,0.0000000000000000e+00,199.995594874473,0
QK1_STK_case_0001,77160.000000,2023-11-26T08:34:00Z,J2000,2658021.791366760,1679604.626021412,6017348.436350445,-4522.995019803922,-5146.405506411545,3431.942143667924,2620431.924695892,1637059.652758537,6044571.613634916,-4550.787881980793,-5164.059600280057,3369.275066931569,37589.866670868,42544.973262875,-27223.177284471,62961.688412352,27.792862176871,17.654093868512,62.667076736355,70.790343444434,0.0000000000000000e+00,0.0000000000000000e+00,0.0000000000000000e+00,0.0000000000000000e+00,199.995594874473,0
QK1_STK_case_0001,77220.000000,2023-11-26T08:35:00Z,J2000,2380783.089497849,1367222.522563163,6209337.352030003,-4714.768463116457,-5262.363215417512,2965.271766596749,2341610.918877282,1323715.114630070,6232736.747476997,-4739.698005558608,-5276.777021616090,2900.527628087843,39172.170620567,43507.407933094,-23399.395446994,63046.690662304,24.929542442151,14.413806198577,64.744138508906,70.859320958964,0.0000000000000000e+00,0.0000000000000000e+00,0.0000000000000000e+00,0.0000000000000000e+00,199.995594874473,0
QK1_STK_case_0001,77280.000000,2023-11-26T08:36:00Z,J2000,2092681.060312720,1048601.989694653,6372912.642909584,-4884.971021921329,-5354.277080642049,2485.182949304144,2052102.042666713,1004328.802444951,6392372.398130538,-4906.917555799191,-5365.378469304616,2418.655431962372,40579.017646006,44273.187249703,-19459.755220954,63130.451096294,21.946533877863,11.101388662568,66.527517341772,70.928144929565,0.0000000000000000e+00,0.0000000000000000e+00,0.0000000000000000e+00,0.0000000000000000e+00,199.995594874473,0
QK1_STK_case_0001,77340.000000,2023-11-26T08:37:00Z,J2000,1795033.230736518,725198.259906637,6507334.816780612,-5032.843791138183,-5421.745241512666,1993.871189490523,1753229.597941984,680359.829463965,6522756.952118788,-5051.701234032806,-5429.477012374249,1925.862348160194,41803.632794534,44838.430442671,-15422.135338176,63212.900722649,18.857442894624,7.731770861583,68.008841330329,70.997083970216,0.0000000000000000e+00,0.0000000000000000e+00,0.0000000000000000e+00,0.0000000000000000e+00,199.995594874473,0
QK1_STK_case_0001,77400.000000,2023-11-26T08:38:00Z,J2000,1489199.605109478,398487.396188382,6611997.521922917,-5157.730016764003,-5464.475304272199,1493.577463663642,1446359.537946928,353287.238118879,6623302.400305565,-5173.406196500667,-5468.795384512162,1424.396468499665,42840.067162550,45200.158069503,-11304.878382648,63293.964319248,15.676179736663,4.320080239963,69.180995163977,71.066277490059,0.0000000000000000e+00,0.0000000000000000e+00,0.0000000000000000e+00,0.0000000000000000e+00,199.995594874473,0
QK1_STK_case_0001,77460.000000,2023-11-26T08:39:00Z,J2000,1176576.496435876,69959.701573376,6686430.005926076,-5259.076352967798,-5482.285176920191,986.579347710118,1132893.281536523,24603.395147572,6693556.724675854,-5271.493312694194,-5483.166900195415,916.541300023163,43683.214899353,45356.306425804,-7126.718749777,63373.558497791,12.416959726397,0.881723275224,70.038047686955,71.135690399273,0.0000000000000000e+00,0.0000000000000000e+00,0.0000000000000000e+00,0.0000000000000000e+00,199.995594874473,0
QK1_STK_case_0001,77520.000000,2023-11-26T08:40:00Z,J2000,858590.279259370,-258886.935778304,6730299.053745885,-5336.434441653390,-5475.104343692425,475.182346651612,814261.444277294,-304192.680848793,6733205.762099706,-5345.528831793246,-5472.536730636878,404.606984668240,44328.834982077,45305.745070489,-2906.708353820,63451.596518247,9.094390139857,-2.567613055547,70.575361983372,71.205212505146,0.0000000000000000e+00,0.0000000000000000e+00,0.0000000000000000e+00,0.0000000000000000e+00,199.995594874473,0
QK1_STK_case_0001,77580.000000,2023-11-26T08:41:00Z,J2000,536691.023457924,-586553.771648848,6743410.379828352,-5389.463177408007,-5442.974860999941,-38.289794058314,491917.448261006,-631602.062147829,6742074.514462965,-5395.186679452783,-5436.962790253607,-109.079556103169,44773.575196918,45048.290498981,1335.865365387,63527.994215692,5.723502044776,-6.012070746333,70.789762044855,71.274777310649,0.0000000000000000e+00,0.0000000000000000e+00,0.0000000000000000e+00,0.0000000000000000e+00,199.995594874473,0
QK1_STK_case_0001,77640.000000,2023-11-26T08:42:00Z,J2000,212345.996594370,-911547.959814068,6725709.401520858,-5417.930653854207,-5386.051109045508,-551.505898557495,167331.001166420,-956132.670359614,6720127.829608764,-5420.250281665167,-5376.615273098066,-622.185549898847,45014.995427950,44584.710545546,5581.571912094,63602.674258386,2.319627810961,-9.435835947443,70.679651341352,71.344437673469,0.0000000000000000e+00,0.0000000000000000e+00,0.0000000000000000e+00,0.0000000000000000e+00,199.995594874473,0
QK1_STK_case_0001,77700.000000,2023-11-26T08:43:00Z,J2000,-112966.918345506,-1232389.250172869,6677281.360006461,-5421.714967659942,-5304.598262868541,-1062.138035799272,-158018.498487248,-1276305.967370612,6667470.430153908,-5420.613204773766,-5291.775008423137,-1132.382937779024,45051.580141742,43916.717197743,9810.929852552,63675.562559479,-1.101762886177,-12.823254445403,70.244901979752,71.414256211024,0.0000000000000000e+00,0.0000000000000000e+00,0.0000000000000000e+00,0.0000000000000000e+00,199.995594874473,0
QK1_STK_case_0001,77760.000000,2023-11-26T08:44:00Z,J2000,-437765.826469876,-1547616.582662911,6598350.832069270,-5400.804298038153,-5198.990569894235,-1567.871174802188,-482648.571206707,-1590663.540198386,6584346.340727021,-5396.279189795668,-5182.831768910090,-1637.357934751886,44882.744736831,43046.957535475,14004.491342249,63746.585053065,-4.525108242485,-16.158800984146,69.486759949698,71.484216874485,0.0000000000000000e+00,0.0000000000000000e+00,0.0000000000000000e+00,0.0000000000000000e+00,199.995594874473,0
QK1_STK_case_0001,77820.000000,2023-11-26T08:45:00Z,J2000,-760571.425417050,-1855794.588151433,6489280.673560161,-5355.296847965435,-5069.709882915788,-2066.412660348967,-805080.266007766,-1897773.594527006,6471137.747868503,-5347.362065555225,-5050.282791387646,-2134.820559203111,44508.840590716,41979.006375573,18142.925691658,63815.669076357,-7.934782410210,-19.427091528141,68.407898854144,71.554268096173,0.0000000000000000e+00,0.0000000000000000e+00,0.0000000000000000e+00,0.0000000000000000e+00,199.995594874473,0
QK1_STK_case_0001,77880.000000,2023-11-26T08:46:00Z,J2000,-1079913.594788813,-2155519.989877395,6350570.385040240,-5285.400343150595,-4917.343687748418,-2555.501909414821,-1123844.750957456,-2196237.343897864,6328363.279018665,-5274.085149827086,-4894.730667032423,-2622.514331966285,43931.156168643,40717.354020469,22207.106021576,63882.743824881,-11.315193323509,-22.613020715995,67.012422551465,71.624346992251,0.0000000000000000e+00,0.0000000000000000e+00,0.0000000000000000e+00,0.0000000000000000e+00,199.995594874473,0
QK1_STK_case_0001,77940.000000,2023-11-26T08:47:00Z,J2000,-1394337.939890866,-2445427.861453991,6182853.910744163,-5191.431106048512,-4742.582373406539,-3032.919487626581,-1437489.853228818,-2484695.247900600,6156675.719778173,-5176.780299571283,-4716.880542089941,-3098.225204950837,43151.913337952,39267.386446609,26178.190965990,63947.736045346,-14.650806477230,-25.701831316598,65.305717324256,71.694260430636,0.0000000000000000e+00,0.0000000000000000e+00,0.0000000000000000e+00,0.0000000000000000e+00,199.995594874473,0
QK1_STK_case_0001,78000.000000,2023-11-26T08:48:00Z,J2000,-1702412.287868959,-2724197.719998045,5986896.915992620,-5073.813492523705,-4546.216602603060,-3496.495565630300,-1744586.554945282,-2761833.086845489,5956859.215599027,-5055.887457351730,-4517.537581221751,-3559.790045874556,42174.267076324,37635.366847443,30037.700393593,64010.570112302,-17.926035171976,-28.679021381310,63.294480244256,71.763641447233,0.0000000000000000e+00,0.0000000000000000e+00,0.0000000000000000e+00,0.0000000000000000e+00,199.995594874473,0
QK1_STK_case_0001,78060.000000,2023-11-26T08:49:00Z,J2000,-2002733.164116879,-2990559.476303618,5763593.533679457,-4933.079698370238,-4329.135145239853,-3944.119466146952,-2043735.472744882,-3026387.897506155,5729825.929960274,-4911.954378847337,-4297.604769471901,-4005.106532809488,41002.308628003,35828.421202537,33767.603719183,64071.180257805,-21.125319522900,-31.530375767952,60.987066662535,71.832207408052,0.0000000000000000e+00,0.0000000000000000e+00,0.0000000000000000e+00,0.0000000000000000e+00,199.995594874473,0
QK1_STK_case_0001,78120.000000,2023-11-26T08:50:00Z,J2000,-2293932.228188497,-3243299.240766471,5513962.476135325,-4769.868131027738,-4092.321863033269,-4373.751292595833,-2333573.278799676,-3277153.752667949,5476612.051003678,-4745.634585992358,-4058.079606919762,-4432.144843000069,39641.050611180,33854.511901478,37350.425131646,64129.518376175,-24.233545035380,-34.242256113507,58.393550404237,71.899955059353,0.0000000000000000e+00,0.0000000000000000e+00,0.0000000000000000e+00,0.0000000000000000e+00,199.995594874473,0
QK1_STK_case_0001,78180.000000,2023-11-26T08:51:00Z,J2000,-2574682.519526605,-3481264.883557178,5239142.447583242,-4584.918759112496,-3836.850580680072,-4783.432628532772,-2612778.912787993,-3512987.281783893,5198373.112070465,-4557.682475076689,-3800.048811959060,-4838.957978288442,38096.393261388,31722.398226715,40769.335512779,64185.547025277,-27.236284035808,-36.801768721011,55.525349755670,71.967005040946,0.0000000000000000e+00,0.0000000000000000e+00,0.0000000000000000e+00,0.0000000000000000e+00,199.995594874473,0
QK1_STK_case_0001,78240.000000,2023-11-26T08:52:00Z,J2000,-2843704.392694648,-3703371.267215254,4940387.037731818,-4379.068199562416,-3563.879838238398,-5171.293220635694,-2880079.477736658,-3732812.859994867,4896378.819675680,-4348.948600603095,-3524.683199591611,-5223.687954415896,36375.085042010,29441.592779614,44008.218056138,64239.220525241,-30.119598959322,-39.196638646787,52.394733780202,72.033151052661,0.0000000000000000e+00,0.0000000000000000e+00,0.0000000000000000e+00,0.0000000000000000e+00,199.995594874473,0
QK1_STK_case_0001,78300.000000,2023-11-26T08:53:00Z,J2000,-3099771.244426107,-3908605.218935161,4619059.275034962,-4153.247860933080,-3274.649454298265,-5535.556526186820,-3134255.952876778,-3935627.551656489,4572007.554141342,-4120.378294790578,-3233.234481352814,-5584.571566973984,34484.708450671,27022.332721328,47051.720893621,64290.481579166,-32.869566142502,-41.414972945451,49.015040787164,72.097729408325,0.0000000000000000e+00,0.0000000000000000e+00,0.0000000000000000e+00,0.0000000000000000e+00,199.995594874473,0
QK1_STK_case_0001,78360.000000,2023-11-26T08:54:00Z,J2000,-3341715.200615637,-4096030.318291773,4276625.750813697,-3908.483832913870,-2970.477309539224,-5874.548888558835,-3374148.881521596,-4120505.871327609,4226740.408611341,-3873.011463728554,-2927.031815750641,-5919.950257902755,32433.680905958,24475.553035836,49885.342202356,64339.285978053,-35.472369185316,-43.445493788583,45.401369343921,72.160129188190,0.0000000000000000e+00,0.0000000000000000e+00,0.0000000000000000e+00,0.0000000000000000e+00,199.995594874473,0
QK1_STK_case_0001,78420.000000,2023-11-26T08:55:00Z,J2000,-3568432.731710176,-4264791.417468727,3914650.078284719,-3645.893967300058,-2652.753327161895,-6186.711961503399,-3598663.959868737,-4286604.250488793,3862154.535074729,-3607.978954684711,-2607.475247513379,-6228.282595575653,30231.228158562,21812.833020067,52495.543209990,64385.626480204,-37.915012615347,-45.278079648517,41.570634072255,72.220290053756,0.0000000000000000e+00,0.0000000000000000e+00,0.0000000000000000e+00,0.0000000000000000e+00,199.995594874473,0
QK1_STK_case_0001,78480.000000,2023-11-26T08:56:00Z,J2000,-3778889.952426745,-4414118.707581731,3534785.644347190,-3366.680396228464,-2322.930672246060,-6470.612926301803,-3806777.270456092,-4433165.027115083,3479915.808360190,-3326.494645890604,-2276.026787198783,-6508.153717653897,27887.318029348,19046.319533351,54869.835987001,64429.525032215,-40.185750337860,-46.903885047276,37.540791352093,72.278489041251,0.0000000000000000e+00,0.0000000000000000e+00,0.0000000000000000e+00,0.0000000000000000e+00,199.995594874473,0
QK1_STK_case_0001,78540.000000,2023-11-26T08:57:00Z,J2000,-3972127.417815039,-4543331.258200197,3138767.907777474,-3072.121093928631,-1982.517683666325,-6724.949290470086,-3997540.010509105,-4559519.920025486,3081771.082233262,-3029.847325632636,-1934.202730470216,-6758.279629275831,25412.592694066,16188.661825290,56996.825544211,64471.007136893,-42.273768295995,-48.314953196109,33.330338805745,72.334761167722,0.0000000000000000e+00,0.0000000000000000e+00,0.0000000000000000e+00,0.0000000000000000e+00,199.995594874473,0
QK1_STK_case_0001,78600.000000,2023-11-26T08:58:00Z,J2000,-4147264.496058429,-4651840.159598594,2728406.492510891,-2763.564637456389,-1633.072691499619,-6948.552165000048,-4170082.821037974,-4665093.124804217,2669540.243211488,-2719.395795899526,-1583.568647889969,-6977.510728995609,22818.324979546,13252.965205624,58866.249299403,64510.094932445,-44.168841556863,-49.504043609650,28.958563995560,72.388779012126,0.0000000000000000e+00,0.0000000000000000e+00,0.0000000000000000e+00,0.0000000000000000e+00,199.995594874473,0
QK1_STK_case_0001,78660.000000,2023-11-26T08:59:00Z,J2000,-4303503.499024740,-4739151.377796312,2305576.988221115,-2442.426455534679,-1276.198766808198,-7140.392976165619,-4323619.881664291,-4749404.120691716,2245107.952569685,-2396.565048845624,-1225.733902676289,-7164.838920364773,20116.382639550,10252.742895404,60469.035651430,64546.819131495,-45.861406689055,-50.464864131909,24.445944199154,72.440149938685,0.0000000000000000e+00,0.0000000000000000e+00,0.0000000000000000e+00,0.0000000000000000e+00,199.995594874473,0
QK1_STK_case_0001,78720.000000,2023-11-26T09:00:00Z,J2000,-4440133.524673075,-4804868.211465318,1872212.285965928,-2110.182717201630,-913.535745850437,-7299.591387995062,-4457452.700838432,-4812070.058320919,1810414.909897746,-2062.839704062708,-862.343286056160,-7319.405401692225,17319.176165357,7201.846855602,61797.376068182,64581.236826887,-47.343013138922,-51.192459794278,19.814013697163,72.488785143994,0.0000000000000000e+00,0.0000000000000000e+00,0.0000000000000000e+00,0.0000000000000000e+00,199.995594874473,0
QK1_STK_case_0001,78780.000000,2023-11-26T09:01:00Z,J2000,-4556533.856951244,-4848693.220257609,1430293.511393703,-1768.362049358579,-546.751014393760,-7425.420512917578,-4570973.442050554,-4852807.606384585,1367448.739639911,-1719.755597474468,-495.067843030938,-7440.505332692601,14439.585099310,4114.386126976,62844.771753792,64613.428386275,-48.606451884111,-51.683171362821,15.084819775023,72.534744464471,0.0000000000000000e+00,0.0000000000000000e+00,0.0000000000000000e+00,0.0000000000000000e+00,199.995594874473,0
QK1_STK_case_0001,78840.000000,2023-11-26T09:02:00Z,J2000,-4652176.869611417,-4870429.625198085,981840.730516280,-1418.537588407477,-177.531276264164,-7517.309640711672,-4663667.759023267,-4871434.281268541,918234.672810346,-1368.892035803127,-125.596840819999,-7527.590449151689,11490.889411850,1004.656070456,63606.057705934,64643.487299076,-49.645552604350,-51.934435444164,10.280808440016,72.577968423452,0.0000000000000000e+00,0.0000000000000000e+00,0.0000000000000000e+00,0.0000000000000000e+00,199.995594874473,0
QK1_STK_case_0001,78900.000000,2023-11-26T09:03:00Z,J2000,-4726630.483562399,-4869982.236373534,528903.493479076,-1062.319907467037,192.425245255559,-7574.847255104026,-4735117.192047729,-4867869.306600757,464826.060968344,-1011.864693670077,244.370177859470,-7580.272250753487,8486.708485330,-2112.929772778,64077.432510732,64671.524261510,-50.455213796960,-51.944932603911,5.424995649461,72.618421907382,0.0000000000000000e+00,0.0000000000000000e+00,0.0000000000000000e+00,0.0000000000000000e+00,199.995594874473,0
QK1_STK_case_0001,78960.000000,2023-11-26T09:04:00Z,J2000,-4779560.179649750,-4847357.874491000,73551.179081913,-701.348932186371,561.418109759278,-7597.784358754998,-4785001.108289059,-4842133.951294300,9294.690840267,-650.317253924880,613.132950471567,-7598.325075314852,5440.928639310,-5223.923196699,64256.488241647,64697.676613399,-51.031678261491,-51.714840712289,0.540716559854,72.656378319319,0.0000000000000000e+00,0.0000000000000000e+00,0.0000000000000000e+00,0.0000000000000000e+00,199.995594874473,0
QK1_STK_case_0001,79020.000000,2023-11-26T09:05:00Z,J2000,-4810730.475761944,-4802665.197919031,-382136.793850949,-337.284339080078,927.754765980384,-7586.035015130042,-4813098.095932972,-4794351.270010076,-446279.005770966,-285.911809242032,979.000410964362,-7581.686100817619,2367.620171028,-8313.927908955,64142.211920017,64722.101113468,-51.372529838046,-51.245644983978,-4.348914312422,72.692269241520,0.0000000000000000e+00,0.0000000000000000e+00,0.0000000000000000e+00,0.0000000000000000e+00,199.995594874473,0
QK1_STK_case_0001,79080.000000,2023-11-26T09:06:00Z,J2000,-4820005.841754312,-4736113.978490058,-836080.679598355,28.203027159413,1289.758324553931,-7539.673797400116,-4819286.806708378,-4724745.312599229,-899815.646591692,79.679442715576,1340.298064043218,-7530.452675495029,-719.035045933,-11368.665890829,63734.966993337,64744.958052163,-51.476415556163,-50.539739489287,-9.221121905087,72.726306900215,0.0000000000000000e+00,0.0000000000000000e+00,0.0000000000000000e+00,0.0000000000000000e+00,199.995594874473,0
QK1_STK_case_0001,79140.000000,2023-11-26T09:07:00Z,J2000,-4807351.167674712,-4648013.993793073,-1286209.976376558,393.437693181037,1645.773046099440,-7458.934243449373,-4803546.367017206,-4633639.968169619,-1349246.458168623,444.780594631190,1695.373385093311,-7444.881148025265,-3804.800657506,-14374.025623454,63036.481792065,64766.404542698,-51.342901450154,-49.600338993871,-14.053095424107,72.758344185572,0.0000000000000000e+00,0.0000000000000000e+00,0.0000000000000000e+00,0.0000000000000000e+00,199.995594874473,0
QK1_STK_case_0001,79200.000000,2023-11-26T09:08:00Z,J2000,-4772831.844195698,-4538773.573035304,-1730472.983012490,756.746447091064,1994.170995856196,-7344.209732489766,-4765956.394658011,-4521457.448772347,-1792522.841255324,807.719205608066,2042.602880043386,-7325.387800655376,-6875.449537687,-17316.124262958,62049.858242834,64786.610297123,-50.972758517002,-48.431884187190,-18.821931834390,72.788286384091,0.0000000000000000e+00,0.0000000000000000e+00,0.0000000000000000e+00,0.0000000000000000e+00,199.995594874473,0
QK1_STK_case_0001,79260.000000,2023-11-26T09:09:00Z,J2000,-4716613.362761167,-4408897.653254361,-2166846.399506514,1116.467465152396,2333.361571159669,-7196.053171072564,-4706696.521236161,-4388716.265758329,-2227625.964218322,1166.835613668066,2380.401828908112,-7172.548110718512,-9916.841525006,-20181.387496032,60779.564711808,64805.768521436,-50.368148515670,-47.040257748443,-23.505060354051,72.816372445928,0.0000000000000000e+00,0.0000000000000000e+00,0.0000000000000000e+00,0.0000000000000000e+00,199.995594874473,0
QK1_STK_case_0001,79320.000000,2023-11-26T09:10:00Z,J2000,-4638960.342085888,-4258985.241094987,-2593344.783644883,1470.959749468812,2661.801131542856,-7015.172571792285,-4626045.336473747,-4236028.607496870,-2652576.183031140,1520.492232096487,2707.233712183835,-6987.091776717945,-12915.005612141,-22956.633598117,59231.399386257,64824.093278457,-49.532482627675,-45.432580640980,-28.080795074340,72.843100366247,0.0000000000000000e+00,0.0000000000000000e+00,0.0000000000000000e+00,0.0000000000000000e+00,199.995594874473,0
QK1_STK_case_0001,79380.000000,2023-11-26T09:11:00Z,J2000,-4540235.044323108,-4089726.367006856,-3008029.670197614,1818.610606892988,2978.000206753506,-6802.424877252698,-4524378.840231598,-4064097.232207291,-3065442.104682080,1867.080689185708,3021.617021247165,-6769.896586734317,-15856.204091509,-25629.134799565,57412.434484466,64841.802814226,-48.470082292721,-43.616814493659,-32.528290518382,72.868820959898,0.0000000000000000e+00,0.0000000000000000e+00,0.0000000000000000e+00,0.0000000000000000e+00,199.995594874473,0
QK1_STK_case_0001,79440.000000,2023-11-26T09:12:00Z,J2000,-4420895.485937949,-3901898.660687368,-3409018.355050431,2157.842033158055,3280.529275508339,-6558.811173421202,-4402168.500500988,-3873711.995688329,-3464349.331188177,2205.028250652626,3322.131039590809,-6521.983943218333,-18726.985436961,-28186.664999038,55330.976137746,64859.116457750,-47.186217494571,-41.601764082471,-36.827230202869,72.893695067774,0.0000000000000000e+00,0.0000000000000000e+00,0.0000000000000000e+00,0.0000000000000000e+00,199.995594874473,0
QK1_STK_case_0001,79500.000000,2023-11-26T09:13:00Z,J2000,-4281493.139757091,-3696363.565076277,-3794492.423774895,2487.118190704983,3568.025246822716,-6285.472564965035,-4259978.889810171,-3665746.008069444,-3847488.954350348,2532.805569166519,3607.422516679895,-6244.514543717542,-21514.249946920,-30617.557006833,52996.530575453,64876.266853759,-45.687378461537,-39.397269857179,-40.958021247493,72.918042536790,0.0000000000000000e+00,0.0000000000000000e+00,0.0000000000000000e+00,0.0000000000000000e+00,199.995594874473,0
QK1_STK_case_0001,79560.000000,2023-11-26T09:14:00Z,J2000,-4122670.150460043,-3474062.138965895,-4162705.975628636,2804.953915565913,3839.198460364851,-5983.683736865280,-4098464.826756470,-3441151.375988078,-4213125.720597818,2848.935118931763,3876.212530334955,-5938.781447660237,-24205.323703573,-32910.762977817,50419.744969182,64893.502742063,-43.981203365850,-37.014069970104,-44.902289205043,72.942465005738,0.0000000000000000e+00,0.0000000000000000e+00,0.0000000000000000e+00,0.0000000000000000e+00,199.995594874473,0
QK1_STK_case_0001,79620.000000,2023-11-26T09:15:00Z,J2000,-3945156.067565358,-3236010.475687075,-4511993.374830497,3109.921842008967,4092.838125449231,-5654.843895727689,-3918368.052000596,-3200954.578505136,-4559605.703529925,3151.997939757820,4127.301592989913,-5606.200953518014,-26788.015564762,-35055.897181940,47612.328699428,64911.074165438,-42.076097748853,-34.463467540682,-48.642942209674,72.967557335520,0.0000000000000000e+00,0.0000000000000000e+00,0.0000000000000000e+00,0.0000000000000000e+00,199.995594874473,0
QK1_STK_case_0001,79680.000000,2023-11-26T09:16:00Z,J2000,-3749764.228596217,-2983294.861900354,-4840776.455103321,3400.657029628811,4327.815748666439,-5300.468303654697,-3720513.571867778,-2946251.595497262,-4885363.440946538,3440.638098464761,4359.572992164869,-5248.304387727628,-29250.656728439,-37043.266403091,44586.985843217,64929.221552692,-39.981068835950,-31.757243498431,-52.163915927069,72.993715515309,0.0000000000000000e+00,0.0000000000000000e+00,0.0000000000000000e+00,0.0000000000000000e+00,199.995594874473,0
QK1_STK_case_0001,79740.000000,2023-11-26T09:17:00Z,J2000,-3537387.892571383,-2717066.740200534,-5147571.287459517,3675.861187337072,4543.088663752687,-4922.181974045130,-3505805.754624771,-2678202.840074650,-5188928.644777635,3713.566962305223,4571.996391608093,-4866.731973758419,-31582.137946612,-38863.900125884,41357.357318118,64948.172989023,-37.705774968150,-28.907727855406,-55.450000286711,73.021125213921,0.0000000000000000e+00,0.0000000000000000e+00,0.0000000000000000e+00,0.0000000000000000e+00,199.995594874473,0
QK1_STK_case_0001,79800.000000,2023-11-26T09:18:00Z,J2000,-3308996.081657708,-2438537.425196636,-5430994.581401563,3934.308179504164,4737.704600122135,-4521.713291700014,-3275224.127330809,-2398027.837353628,-5468932.549813763,3969.568914705343,4763.632532917137,-4463.226293017628,-33771.954326899,-40509.587843007,37937.968412200,64968.154148887,-35.260735201179,-25.927932795001,-58.486998682386,73.050025056965,0.0000000000000000e+00,0.0000000000000000e+00,0.0000000000000000e+00,0.0000000000000000e+00,199.995594874473,0
QK1_STK_case_0001,79860.000000,2023-11-26T09:19:00Z,J2000,-3065629.068336536,-2148972.541550438,-5689769.646665674,4174.850089415264,4910.806139100105,-4100.885654069941,-3029818.810978822,-2106999.624378690,-5724113.803663650,4207.507362338179,4933.637543066885,-4039.623589700308,-35810.257357713,-41972.917171749,34344.156997976,64989.394733554,-32.657272922915,-22.831403966780,-61.262064369632,73.080852572237,0.0000000000000000e+00,0.0000000000000000e+00,0.0000000000000000e+00,0.0000000000000000e+00,199.995594874473,0
QK1_STK_case_0001,79920.000000,2023-11-26T09:20:00Z,J2000,-2808393.524006929,-1849686.232435997,-5922731.801649088,4396.422232300084,5061.633804074318,-3661.607615258848,-2770705.628175025,-1806438.934129640,-5953323.790698285,4426.329495182563,5081.265787018716,-3597.843861760608,-37687.895831904,-43247.298306357,30591.989049197,65012.122692784,-29.907262882478,-19.631982944398,-63.763753498241,73.114125773582,0.0000000000000000e+00,0.0000000000000000e+00,0.0000000000000000e+00,0.0000000000000000e+00,199.995594874473,0
QK1_STK_case_0001,79980.000000,2023-11-26T09:21:00Z,J2000,-2538457.416956044,-1542035.224879363,-6128833.189445172,4598.046511352685,5189.527846929092,-3205.863260008702,-2499060.974485822,-1497708.246968995,-6155531.368176206,4625.069453757676,5205.871554823749,-3139.881385794614,-39396.442470222,-44326.977910368,26698.178731035,65036.554317784,-27.022942404991,-16.343707894657,-65.981874214088,73.150283176301,0.0000000000000000e+00,0.0000000000000000e+00,0.0000000000000000e+00,0.0000000000000000e+00,199.995594874473,0
QK1_STK_case_0001,80040.000000,2023-11-26T09:22:00Z,J2000,-2257044.743142393,-1227412.803846453,-6307147.049357930,4778.833806696290,5293.929662117536,-2735.703707458424,-2216116.529924000,-1182205.753143374,-6329827.067186695,4802.850657015997,5306.910478398967,-2667.796368641957,-40928.213218393,-45207.050703079,22680.017828765,65062.887111118,-24.016850319708,-12.980816281431,-67.907338816467,73.189598685509,0.0000000000000000e+00,0.0000000000000000e+00,0.0000000000000000e+00,0.0000000000000000e+00,199.995594874473,0
QK1_STK_case_0001,80100.000000,2023-11-26T09:23:00Z,J2000,-1965430.118060022,-907242.696390592,-6456871.504554889,4937.986345440043,5374.383415044631,-2253.239384970676,-1923153.831140503,-861359.223329917,-6475426.817431499,4958.888243751247,5383.941213777347,-2183.707289756417,-42276.286919519,-45883.473060675,18555.312876611,65091.298740769,-20.901898311203,-9.557798732716,-69.532095214259,73.232186465459,0.0000000000000000e+00,0.0000000000000000e+00,0.0000000000000000e+00,0.0000000000000000e+00,199.995594874473,0
QK1_STK_case_0001,80160.000000,2023-11-26T09:24:00Z,J2000,-1664933.210810829,-582972.849261116,-6577332.891492179,5074.800688668835,5430.537959909705,-1760.632292185775,-1621498.679778111,-536619.770095791,-6591675.211218233,5092.492154159303,5436.627380529517,-1689.783063220803,-43434.531032718,-46353.079165325,14342.319726054,65121.951516085,-17.691465490468,-6.089420619812,-70.849228964971,73.278115693680,0.0000000000000000e+00,0.0000000000000000e+00,0.0000000000000000e+00,0.0000000000000000e+00,199.995594874473,0
QK1_STK_case_0001,80220.000000,2023-11-26T09:25:00Z,J2000,-1356912.977163197,-256069.088661866,-6667988.596567838,5188.671317905822,5462.148722025004,-1260.087127327381,-1312515.346873262,-209455.492833963,-6678048.267041652,5203.070735208971,5464.739379469445,-1188.233972131366,-44397.630289935,-46613.595827903,10059.670473814,65154.998744613,-14.399417303149,-2.590657444442,-71.853155196015,73.327557141141,0.0000000000000000e+00,0.0000000000000000e+00,0.0000000000000000e+00,0.0000000000000000e+00,199.995594874473,0
QK1_STK_case_0001,80280.000000,2023-11-26T09:26:00Z,J2000,-1042761.686500648,71991.308028704,-6728429.310774213,5279.093669831657,5469.078577398522,-753.840880347416,-997600.574129351,118654.958244976,-6734155.598823285,5290.133605968420,5468.155076131908,-681.301104377971,-45161.112371297,-46663.650216272,5726.288049073,65190.587487309,-11.039936136763,0.923501266614,-72.539775969446,73.380870410418,0.0000000000000000e+00,0.0000000000000000e+00,0.0000000000000000e+00,0.0000000000000000e+00,199.995594874473,0
QK1_STK_case_0001,80340.000000,2023-11-26T09:27:00Z,J2000,-723898.816234529,399726.045081554,-6758380.649303980,5345.665452680182,5451.297161913707,-244.152434996458,-678177.457813369,446228.808896016,-6759741.949184427,5353.292699579159,5446.858905692196,-171.246130442831,-45721.358421160,-46502.763814462,1361.299880446,65228.849412084,-7.627246898977,4.438256221510,-72.906304553627,73.438424936895,0.0000000000000000e+00,0.0000000000000000e+00,0.0000000000000000e+00,0.0000000000000000e+00,199.995594874473,0
QK1_STK_case_0001,80400.000000,2023-11-26T09:28:00Z,J2000,-401764.910979758,725654.173492993,-6757704.201527828,5388.086717476464,5408.879545163417,266.705837389805,-355689.308655617,771785.514376642,-6754688.172681433,5392.262298680585,5400.940607330262,339.656718756970,-46075.602324141,-46131.340883649,-3016.028846395,65269.887170563,-4.175581204120,7.938937833155,-72.950881367166,73.500294588234,0.0000000000000000e+00,0.0000000000000000e+00,0.0000000000000000e+00,0.0000000000000000e+00,199.995594874473,0
QK1_STK_case_0001,80460.000000,2023-11-26T09:29:00Z,J2000,-77815.429837110,1048302.399333355,-6726398.137175096,5406.160505718496,5342.005909592086,776.454716257146,-31593.491862798,1093853.067634291,-6719011.790450624,5406.859924314642,5330.595147747968,849.127255301288,-46221.937974311,-45550.668300937,-7386.346724472,65313.773820666,-0.699418596145,11.410761844119,-72.672539044142,73.566246359034,0.0000000000000000e+00,0.0000000000000000e+00,0.0000000000000000e+00,0.0000000000000000e+00,199.995594874473,0
QK1_STK_case_0001,80520.000000,2023-11-26T09:30:00Z,J2000,246485.491397018,1366211.414975776,-6664597.397823564,5399.794962350175,5250.962446195685,1282.815861675032,292644.831007527,1410974.340571521,-6652867.117388589,5397.008568776810,5236.123653892759,1354.887471702501,-46159.339610509,-44762.925595745,-11730.280434974,65360.566247942,2.786393573366,14.838792302926,-72.071610027469,73.636069409676,0.0000000000000000e+00,0.0000000000000000e+00,0.0000000000000000e+00,0.0000000000000000e+00,199.995594874473,0
QK1_STK_case_0001,80580.000000,2023-11-26T09:31:00Z,J2000,569671.411846179,1677942.274797787,-6572573.340734133,5369.005295227927,5136.141556062447,1783.522427665019,615559.088907028,1721713.460131232,-6556544.815677026,5362.738393933683,5117.933318098840,1854.672428674010,-45887.677060850,-43771.185333445,-16028.525057107,65410.314072338,6.266901294244,18.208237963607,-71.150001008991,73.709813628516,0.0000000000000000e+00,0.0000000000000000e+00,0.0000000000000000e+00,0.0000000000000000e+00,199.995594874473,0
QK1_STK_case_0001,80640.000000,2023-11-26T09:32:00Z,J2000,890280.013055833,1982082.715648482,-6450732.697587741,5313.913434177271,4998.039725153531,2276.330522941617,935687.726688227,2024662.113193697,-6430470.764960412,5304.186122461293,4976.535051735276,2346.241549041235,-45407.713632394,-42579.397545215,-20261.932627329,65463.054209450,9.727311715977,21.504673418255,-69.911026099618,73.787689639581,0.0000000000000000e+00,0.0000000000000000e+00,0.0000000000000000e+00,0.0000000000000000e+00,199.995594874473,0
QK1_STK_case_0001,80700.000000,2023-11-26T09:33:00Z,J2000,1206859.445073457,2277253.305049017,-6299615.913427738,5234.746074100574,4837.254341121178,2759.028132752920,1251580.537680871,2318445.670939817,-6275204.327001585,5221.593001115088,4812.540297103915,2827.387126091391,-44721.092607413,-41192.365890800,-24411.586426154,65518.796413884,13.153072985486,24.714044017263,-68.358993338471,73.869745301428,0.0000000000000000e+00,0.0000000000000000e+00,0.0000000000000000e+00,0.0000000000000000e+00,199.995594874473,0
QK1_STK_case_0001,80760.000000,2023-11-26T09:34:00Z,J2000,1517974.568939001,2562113.424321110,-6119895.033093381,5131.833532878040,4654.481612282904,3229.441678584216,1561804.898174148,2601729.156743646,-6091436.180385859,5115.303921120482,4626.659202444699,3295.940723768519,-43830.329235147,-39615.732422535,-28458.852707521,65577.513780744,16.529611757559,27.822409838205,-66.499045184302,73.955645927032,0.0000000000000000e+00,0.0000000000000000e+00,0.0000000000000000e+00,0.0000000000000000e+00,199.995594874473,0
QK1_STK_case_0001,80820.000000,2023-11-26T09:35:00Z,J2000,1822213.184946654,2835367.171639761,-5912371.188709893,5005.610294387438,4450.515778135084,3685.443229255693,1864952.004243534,2873223.146981977,-5879985.749908952,4985.768148807096,4419.699925435387,3749.780721291715,-42738.819296880,-37855.975342216,-32385.438800941,65639.151352918,19.842145580342,30.815852699697,-64.337492036023,74.044853975994,0.0000000000000000e+00,0.0000000000000000e+00,0.0000000000000000e+00,0.0000000000000000e+00,199.995594874473,0
QK1_STK_case_0001,80880.000000,2023-11-26T09:36:00Z,J2000,2118192.307954932,3095769.214852008,-5677971.582106919,4856.615708700039,4226.247936702906,4124.960176626752,2159643.156551115,3131689.617414568,-5641798.106929733,4833.539864139628,4192.567249896570,4186.842334957219,-41450.848596183,-35920.402562560,-36173.475177186,65703.641268917,23.075844560412,33.680686806337,-61.882158330468,74.136932668946,0.0000000000000000e+00,0.0000000000000000e+00,0.0000000000000000e+00,0.0000000000000000e+00,199.995594874473,0
QK1_STK_case_0001,80940.000000,2023-11-26T09:37:00Z,J2000,2404564.440723466,3342130.525541109,-5417745.835655600,4685.493028521419,3982.663157477339,4545.986272288421,2444536.027324821,3375947.655186537,-5377940.227920461,4659.276905656883,3946.259454423561,4605.128637163060,-39971.586601355,-33817.129645427,-39805.607735138,65770.908463005,26.216122864535,36.403703053777,-59.142364874639,74.231624103484,0.0000000000000000e+00,0.0000000000000000e+00,0.0000000000000000e+00,0.0000000000000000e+00,199.995594874473,0
QK1_STK_case_0001,81000.000000,2023-11-26T09:38:00Z,J2000,2680023.733169352,3573323.894228467,-5132861.697772411,4492.986701767702,3720.836243130138,4946.591790383578,2718330.799899625,3604878.942188818,-5089596.616661497,4463.737936779664,3681.863997550371,5002.720501881561,-38307.066730273,-31555.047960351,-43265.081110913,65840.866160703,29.248764988039,38.972245579767,-56.128711497983,74.328718765219,0.0000000000000000e+00,0.0000000000000000e+00,0.0000000000000000e+00,0.0000000000000000e+00,199.995594874473,0
QK1_STK_case_0001,81060.000000,2023-11-26T09:39:00Z,J2000,2943311.958683081,3788289.180289275,-4824600.186414746,4279.939238727878,3441.927311961541,5324.932140180657,2979776.124086291,3817432.972919280,-4778064.375910425,4247.779353814206,3400.553131982023,5377.785099374393,-36464.165403209,-29143.792630005,-46535.810504321,65913.410370784,32.159884913672,41.374179979518,-52.852959193736,74.427926628201,0.0000000000000000e+00,0.0000000000000000e+00,0.0000000000000000e+00,0.0000000000000000e+00,199.995594874473,0
QK1_STK_case_0001,81120.000000,2023-11-26T09:40:00Z,J2000,3193224.314480344,3986038.305777416,-4494350.238676838,4047.288496431624,3147.177650148031,5679.255994470902,3227674.897469151,4012632.017211488,-4444747.786622405,4012.352602028160,3103.579769941546,5728.584036705420,-34450.582988807,-26593.711434072,-49602.452054432,65988.418725710,34.935894403464,43.597880206485,-49.328042234518,74.528837552718,0.0000000000000000e+00,0.0000000000000000e+00,0.0000000000000000e+00,0.0000000000000000e+00,199.995594874473,0
QK1_STK_case_0001,81180.000000,2023-11-26T09:41:00Z,J2000,3428615.062586649,4165659.999292439,-4143602.860919464,3796.064949063754,2837.905442813899,6007.913852376170,3460889.888272154,4189575.832844946,-4091152.385119315,3758.501409191817,2792.273166442612,6053.482032390836,-32274.825685505,-23915.833552506,-52450.475800149,66065.754208992,37.563539871936,45.632276371287,-45.568180014667,74.630980191775,0.0000000000000000e+00,0.0000000000000000e+00,0.0000000000000000e+00,0.0000000000000000e+00,199.995594874473,0
QK1_STK_case_0001,81240.000000,2023-11-26T09:42:00Z,J2000,3648402.989372195,4326324.267922763,-3773944.747998608,3527.388280567481,2515.500893662861,6309.367133685323,3678349.170787893,4347446.100543714,-3718878.502834692,3487.358235638681,2468.033911396721,6350.956068376454,-29946.181415698,-21121.832620952,-55066.245163916,66145.271570249,40.030044928799,47.466982266141,-41.588934691131,74.733917274548,0.0000000000000000e+00,0.0000000000000000e+00,0.0000000000000000e+00,0.0000000000000000e+00,199.995594874473,0
QK1_STK_case_0001,81300.000000,2023-11-26T09:43:00Z,J2000,3851576.629529799,4467286.546223270,-3387051.354375887,3242.462921927421,2181.420300749867,6582.197214749233,3879051.316084498,4485510.527096235,-3329614.257924504,3200.139661600296,2132.327841260896,6619.604366172007,-27474.686554698,-18223.980872966,-57437.096451383,66226.821823960,42.323260327125,49.092459488972,-37.407151422774,74.837309685479,0.0000000000000000e+00,0.0000000000000000e+00,0.0000000000000000e+00,0.0000000000000000e+00,199.995594874473,0
QK1_STK_case_0001,81360.000000,2023-11-26T09:44:00Z,J2000,4037199.193489886,4587891.458124856,-2984679.447267790,2942.572691803294,1837.179142828678,6825.113539134937,4062070.278536871,4603126.552427772,-2925128.036300863,2898.140934805718,1786.679015499302,6858.154321298433,-24871.085046985,-15235.094302916,-59551.410966927,66310.251982517,44.431756997577,50.500127329376,-33.040782163495,74.940891215347,0.0000000000000000e+00,0.0000000000000000e+00,0.0000000000000000e+00,0.0000000000000000e+00,199.995594874473,0
QK1_STK_case_0001,81420.000000,2023-11-26T09:45:00Z,J2000,4204413.158792178,4687576.150378750,-2568659.212339214,2629.075036443553,1484.344838120881,7036.960425726295,4226559.943307483,4699744.625771045,-2507260.536316512,2582.730199717012,1432.662507056655,7065.469157487409,-22146.784515305,-12168.475392295,-61398.676022703,66395.401008511,46.344836726541,51.682331064226,-28.508731761113,75.044353698790,0.0000000000000000e+00,0.0000000000000000e+00,0.0000000000000000e+00,0.0000000000000000e+00,199.995594874473,0
QK1_STK_case_0001,81480.000000,2023-11-26T09:46:00Z,J2000,4352444.513610049,4765873.199661188,-2140885.978075071,2303.395231443897,1124.529861554270,7216.723121107510,4371758.326255183,4774911.059797568,-2077916.436107718,2255.342688075347,1071.897575122364,7240.554001739008,-19313.812645133,-9037.860136381,-62969.541967353,66482.099021574,48.052543368549,52.632286431907,-23.830880631498,75.147291174794,0.0000000000000000e+00,0.0000000000000000e+00,0.0000000000000000e+00,0.0000000000000000e+00,199.995594874473,0
QK1_STK_case_0001,81540.000000,2023-11-26T09:47:00Z,J2000,4480606.648185959,4822413.115194838,-1703311.575099851,1967.020341936051,759.384979076639,7363.534069354289,4496991.417853244,4828270.478123245,-1639055.692122501,1917.474577070606,706.040794923044,7382.562199683491,-16384.769667285,-5857.362928407,-64255.882977350,66570.172560418,49.545764865445,53.344184153595,-19.028130329201,75.249282673921,0.0000000000000000e+00,0.0000000000000000e+00,0.0000000000000000e+00,0.0000000000000000e+00,199.995594874473,0
QK1_STK_case_0001,81600.000000,2023-11-26T09:48:00Z,J2000,4588303.860657408,4856926.409410568,-1257935.311737642,1621.492326982852,390.591425357575,7476.679208158912,4601676.634568039,4859567.822424778,-1192684.455603274,1570.675957618420,336.778049502477,7490.801536466654,-13372.773910631,-2641.413014209,-65250.856134368,66659.450725644,50.816369364431,53.813375855098,-14.122328307742,75.350003139589,0.0000000000000000e+00,0.0000000000000000e+00,0.0000000000000000e+00,0.0000000000000000e+00,199.995594874473,0
QK1_STK_case_0001,81660.000000,2023-11-26T09:49:00Z,J2000,4675034.421075509,4869245.156825157,-806794.606651264,1268.400300596132,19.851800230174,7555.602907168664,4685325.820560813,4868649.836380239,-740845.654956386,1216.542998980153,-34.184720474914,7564.738915453351,-10291.399485303,595.320444919,-65948.951694878,66749.768085377,51.857301615979,54.036520705088,-9.136008284687,75.449267380007,0.0000000000000000e+00,0.0000000000000000e+00,0.0000000000000000e+00,0.0000000000000000e+00,199.995594874473,0
QK1_STK_case_0001,81720.000000,2023-11-26T09:50:00Z,J2000,4740393.161993423,4859303.995655844,-351955.383574068,909.372585666678,-351.119192136453,7599.911022768454,4747547.773757959,4855465.990081063,-285609.357243797,856.710018496050,-405.130699595460,7604.003187288600,-7154.611764536,3838.005574781,-66346.026330271,66840.960242282,52.662567170627,54.011507459007,-4.092164520146,75.546904168571,0.0000000000000000e+00,0.0000000000000000e+00,0.0000000000000000e+00,0.0000000000000000e+00,199.995594874473,0
QK1_STK_case_0001,81780.000000,2023-11-26T09:51:00Z,J2000,4784073.595824348,4827140.596519189,104497.682913422,546.068869851839,-720.603186162380,7609.373010680917,4788050.299851459,4820068.879157556,170937.012565795,492.841626684162,-774.340520570874,7608.387259339402,-3976.704027111,7071.717361633,-66439.329652373,66932.861032670,53.227243167677,53.737334408495,0.985751341515,75.642661443584,0.0000000000000000e+00,0.0000000000000000e+00,0.0000000000000000e+00,0.0000000000000000e+00,199.995594874473,0
QK1_STK_case_0001,81840.000000,2023-11-26T09:52:00Z,J2000,4805869.553802239,4772895.642154811,560471.047166963,180.171996310336,-1086.886166931654,7583.924064143637,4806641.783477575,4762614.137216338,626698.580269741,126.624385808604,-1140.100335784437,7577.850252847070,-772.229675336,10281.504938473,-66227.533102778,67025.307334998,53.547610501732,53.214168852783,6.073811296567,75.736289457591,0.0000000000000000e+00,0.0000000000000000e+00,0.0000000000000000e+00,0.0000000000000000e+00,199.995594874473,0
QK1_STK_case_0001,81900.000000,2023-11-26T09:53:00Z,J2000,4805676.307866827,4696812.311583825,1013872.291152731,-186.621101032445,-1448.267141680639,7523.666724296679,4803232.233502584,4683359.844899366,1079583.044550017,-240.242380063787,-1500.710644743943,7512.518905921313,2444.074364243,13452.466684460,-65710.753397285,67118.145619745,53.621279031343,52.443503063304,11.147818375366,75.827675904238,0.0000000000000000e+00,0.0000000000000000e+00,0.0000000000000000e+00,0.0000000000000000e+00,199.995594874473,0
QK1_STK_case_0001,81960.000000,2023-11-26T09:54:00Z,J2000,4783491.132130763,4599235.217555793,1462620.166894439,-552.608814580332,-1803.067547613178,7428.870519328001,4777833.764836091,4582665.386029271,1527510.725790408,-606.055976984455,-1854.495738486568,7412.686885677958,5657.367294673,16569.831526521,-64890.558895969,67211.232360041,53.447162404123,51.428190873390,16.183633650042,75.916849142212,0.0000000000000000e+00,0.0000000000000000e+00,0.0000000000000000e+00,0.0000000000000000e+00,199.995594874473,0
QK1_STK_case_0001,82020.000000,2023-11-26T09:55:00Z,J2000,4739413.317269565,4480608.786536821,1904654.552467242,-916.093566560866,-2149.640235058482,7299.969659522573,4730560.538331585,4460989.748893497,1968424.511666153,-969.118906084042,-2199.812556017170,7278.812293776217,8852.778937980,19619.037643324,-63769.959198911,67304.428005932,53.025339523176,50.172320958688,21.157365746356,76.003832451099,0.0000000000000000e+00,0.0000000000000000e+00,0.0000000000000000e+00,0.0000000000000000e+00,199.995594874473,0
QK1_STK_case_0001,82080.000000,2023-11-26T09:56:00Z,J2000,4673643.689711967,4341475.129546087,2337946.248467113,-1275.389701910066,-2486.377482307375,7137.560242370877,4661628.212764543,4318889.327127459,2400299.639383667,-1327.746704234760,-2535.058590940720,7111.514930332287,12015.476947424,22585.802418628,-62353.390916553,67397.592805380,52.357002324694,48.681108633345,26.045312038590,76.088529420584,0.0000000000000000e+00,0.0000000000000000e+00,0.0000000000000000e+00,0.0000000000000000e+00,199.995594874473,0
QK1_STK_case_0001,82140.000000,2023-11-26T09:57:00Z,J2000,4586483.658992633,4182471.446265846,2760506.616040345,-1628.831498558816,-2811.718691418866,6942.397771982531,4571352.922204777,4157015.255006701,2821153.324415468,-1680.276093490040,-2858.679664231708,6911.573828596193,15130.736787857,25456.191259144,-60646.708375123,67490.592721525,51.444594931224,46.960972812841,30.823943386338,76.170826443267,0.0000000000000000e+00,0.0000000000000000e+00,0.0000000000000000e+00,0.0000000000000000e+00,199.995594874473,0
QK1_STK_case_0001,82200.000000,2023-11-26T09:58:00Z,J2000,4478333.759379772,4004326.955393799,3170397.055344366,-1974.782094719028,-3124.158581958117,6715.394057953821,4460149.736696699,3976110.261443477,3229054.221507508,-2025.074055065352,-3169.178205734726,6679.923871100070,18184.022683074,28216.693950321,-58657.166163143,67583.308891436,50.291960346323,45.019623776609,35.470186853751,76.250783313377,0.0000000000000000e+00,0.0000000000000000e+00,0.0000000000000000e+00,0.0000000000000000e+00,199.995594874473,0
QK1_STK_case_0001,82260.000000,2023-11-26T09:59:00Z,J2000,4349691.634683863,3807859.322936581,3565738.238271621,-2311.642904942121,-3422.255515157781,6457.611899645888,4328530.563987515,3777005.023660086,3622131.618410350,-2360.547205754900,-3465.121481251058,6417.650133652655,21161.070696348,30854.299276495,-56393.380138729,67675.638307522,48.904300812780,42.865966093276,39.961765993233,76.328660596101,0.0000000000000000e+00,0.0000000000000000e+00,0.0000000000000000e+00,0.0000000000000000e+00,199.995594874473,0
QK1_STK_case_0001,82320.000000,2023-11-26T10:00:00Z,J2000,4201149.477499494,3593970.620298262,3944718.949976966,-2637.862178591356,-3704.638664693181,6170.257585142623,4177101.512133105,3560614.058832133,3998584.223375359,-2685.150179920090,-3745.148578541722,6125.980164218766,24047.965366390,33356.561466129,-53865.273398393,67767.488587008,47.288001328734,40.509913848541,44.277420923857,76.404830955582,0.0000000000000000e+00,0.0000000000000000e+00,0.0000000000000000e+00,0.0000000000000000e+00,199.995594874473,0
QK1_STK_case_0001,82380.000000,2023-11-26T10:01:00Z,J2000,4033391.004140359,3363642.901593230,4305604.453834594,-2951.941885124219,-3970.013598491059,5854.672804654381,4006559.800113073,3327931.246578487,4356688.467637395,-2997.392277874103,-4007.975793975916,5806.275908620879,26831.204027286,35711.655014744,-51084.013802801,67858.767153925,45.450392749885,37.962195484857,48.396896033502,76.479579188349,0.0000000000000000e+00,0.0000000000000000e+00,0.0000000000000000e+00,0.0000000000000000e+00,199.995594874473,0
QK1_STK_case_0001,82440.000000,2023-11-26T10:02:00Z,J2000,3847188.060173079,3117933.474141412,4646744.393127565,-3252.443302502813,-4217.167129929835,5512.327414434257,3817690.311013951,3080025.052395029,4694806.351620798,-3295.842952399624,-4252.401477196114,5460.026641605806,29497.749159129,37908.421746383,-48061.958493232,67949.374529584,43.399649896811,35.234347266279,52.300772828451,76.552986074350,0.0000000000000000e+00,0.0000000000000000e+00,0.0000000000000000e+00,0.0000000000000000e+00,199.995594874473,0
QK1_STK_case_0001,82500.000000,2023-11-26T10:03:00Z,J2000,3643396.898979172,2857969.869447359,4966580.285141836,-3537.992535727305,-4444.972569108012,5144.812927107568,3611361.817915676,2818033.446543578,5011392.890617959,-3579.137427801512,-4477.311406824467,5088.842462954633,32035.081063496,39936.422903781,-44812.605476123,68039.208568686,41.144892074207,32.338837716455,55.970464152934,76.625031328831,0.0000000000000000e+00,0.0000000000000000e+00,0.0000000000000000e+00,0.0000000000000000e+00,199.995594874473,0
QK1_STK_case_0001,82560.000000,2023-11-26T10:04:00Z,J2000,3422954.106230054,2584944.482420835,5263652.611474725,-3807.286858889574,-4652.395428449704,4753.835310268371,3388522.846673525,2543158.485735368,5305003.148933779,-3845.983194709114,-4681.684503419738,4694.446846775127,34431.259556529,41785.996685468,-41350.537459054,68128.174067706,38.696335819539,29.289074970033,59.388463493245,76.695801153305,0.0000000000000000e+00,0.0000000000000000e+00,0.0000000000000000e+00,0.0000000000000000e+00,199.995594874473,0
QK1_STK_case_0001,82620.000000,2023-11-26T10:05:00Z,J2000,3186872.125119157,2300108.881566466,5536607.425629731,-4059.101531552545,-4838.498472643584,4341.206028432003,3150197.134472926,2256660.572292189,5574298.773019661,-4095.166801413588,-4864.597666013571,4278.667393913258,36674.990646231,43448.309274277,-37691.347389929,68216.187124191,36.065269861043,26.099193369987,62.538634518745,76.765567751323,0.0000000000000000e+00,0.0000000000000000e+00,0.0000000000000000e+00,0.0000000000000000e+00,199.995594874473,0
QK1_STK_case_0001,82680.000000,2023-11-26T10:06:00Z,J2000,2936234.388838982,2004767.861941160,5784202.379943728,-4292.295840281263,-5002.445136364142,3908.831844387306,2897478.704677076,1959852.472000305,5818053.933357201,-4325.559671697697,-5025.228959503716,3843.425603969587,38755.684161906,44915.389940855,-33851.553413472,68303.169596306,33.263831416434,22.783823139575,65.406240417719,76.834636479500,0.0000000000000000e+00,0.0000000000000000e+00,0.0000000000000000e+00,0.0000000000000000e+00,199.995594874473,0
QK1_STK_case_0001,82740.000000,2023-11-26T10:07:00Z,J2000,2672190.137480322,1700273.337019725,6005312.142977118,-4505.817560115074,-5143.501712181971,3458.705012289792,2631526.638129488,1654093.177267128,6035160.662218905,-4536.122416836067,-5162.859767122723,3390.727166115955,40663.499350834,46180.159752597,-29848.519241787,68389.044701312,30.304856720993,19.358054940752,67.977846173837,76.903226215829,0.0000000000000000e+00,0.0000000000000000e+00,0.0000000000000000e+00,0.0000000000000000e+00,199.995594874473,0
QK1_STK_case_0001,82800.000000,2023-11-26T10:08:00Z,J2000,2395948.999899034,1388018.100652472,6198933.261130482,-4698.706556962073,-5261.039678501940,2992.894423932906,2353559.614707452,1340781.640803651,6224633.637263424,-4725.908373021623,-5276.877149777361,2922.653139566463,42389.385191583,47236.459848821,-25700.376132942,68473.735470941,27.201816059550,15.837471275420,70.241284366443,76.971438357257,0.0000000000000000e+00,0.0000000000000000e+00,0.0000000000000000e+00,0.0000000000000000e+00,199.995594874473,0
QK1_STK_case_0001,82860.000000,2023-11-26T10:09:00Z,J2000,2108775.358623431,1069429.432228294,6364188.489458471,-4870.098471545655,-5354.538496833360,2513.536529112967,2064850.240283695,1021350.350112296,6385614.434766999,-4894.067318556491,-5366.776685380632,2441.350765273990,43925.118339736,48079.082115998,-21425.945308529,68557.168047118,23.968847010836,12.238188547272,72.185763838977,77.039362581501,0.0000000000000000e+00,0.0000000000000000e+00,0.0000000000000000e+00,0.0000000000000000e+00,199.995594874473,0
QK1_STK_case_0001,82920.000000,2023-11-26T10:10:00Z,J2000,1811982.492987085,745962.543350055,6500330.542235039,-5019.228308016674,-5423.587910666813,2022.825056386127,1766719.150010795,697258.745246524,6517375.190626178,-5039.849008318333,-5432.164605523380,1949.022959076976,45263.342976290,48703.798103531,-17044.648391138,68639.275971387,20.620700301659,8.576694856567,73.802097309151,77.107214596449,0.0000000000000000e+00,0.0000000000000000e+00,0.0000000000000000e+00,0.0000000000000000e+00,199.995594874473,0
QK1_STK_case_0001,82980.000000,2023-11-26T10:11:00Z,J2000,1506926.531459134,419093.925230049,6606745.203718642,-5145.433108057749,-5467.888917723540,1523.000168356968,1460528.929737612,369986.551367649,6619321.613325115,-5162.605641351664,-5472.758542201952,1447.917487291014,46397.601721523,49107.373862400,-12576.409606473,68719.994846918,17.172533293915,4.869624478412,75.082681065954,77.175243040389,0.0000000000000000e+00,0.0000000000000000e+00,0.0000000000000000e+00,0.0000000000000000e+00,199.995594874473,0
QK1_STK_case_0001,83040.000000,2023-11-26T10:12:00Z,J2000,1195000.276370747,90314.669514906,6682953.806506678,-5248.153594285288,-5487.253826353379,1016.338398381765,1147677.920598132,41027.092994385,6690995.373441080,-5261.793412651074,-5488.387559724960,940.317100606161,47322.355772615,49287.576520521,-8041.566934401,68799.254021367,13.639818365785,1.133733371582,76.021297775604,77.243560973692,0.0000000000000000e+00,0.0000000000000000e+00,0.0000000000000000e+00,0.0000000000000000e+00,199.995594874473,0
QK1_STK_case_0001,83100.000000,2023-11-26T10:13:00Z,J2000,877626.940264389,-238876.212757187,6728615.138356948,-5326.935644350518,-5481.606409478958,505.143577763804,829593.934253631,-288119.397038684,6732075.929446483,-5336.974068721779,-5478.992377180271,428.530468623890,48033.006010758,49243.184281497,-3460.791089535,68876.976846958,10.038424371261,-2.614032298687,76.613109139914,77.312169939800,0.0000000000000000e+00,0.0000000000000000e+00,0.0000000000000000e+00,0.0000000000000000e+00,199.995594874473,0
QK1_STK_case_0001,83160.000000,2023-11-26T10:14:00Z,J2000,556253.781168631,-566978.491533931,6743526.806475910,-5381.432216189636,-5450.982312371657,-8.262448056690,507727.863074217,-615952.487884655,6742381.803728068,-5387.816828500369,-5444.625699018906,-85.117256632275,48525.918094414,48973.996350725,1145.002747842,68953.086056819,6.384612310733,-6.356613352751,76.854808575585,77.381079139959,0.0000000000000000e+00,0.0000000000000000e+00,0.0000000000000000e+00,0.0000000000000000e+00,199.995594874473,0
QK1_STK_case_0001,83220.000000,2023-11-26T10:15:00Z,J2000,232345.622308459,-892497.428579348,6727626.015625070,-5411.405042670817,-5395.528818419124,-521.550003353026,183547.180363953,-940978.264201867,6721871.267553733,-5414.099968107577,-5385.451864728863,-598.294671335892,48798.441944505,48480.835622520,5754.748071337,69027.505273142,2.694925436760,-10.076953690261,76.744667982866,77.450317511200,0.0000000000000000e+00,0.0000000000000000e+00,0.0000000000000000e+00,0.0000000000000000e+00,199.995594874473,0
QK1_STK_case_0001,83280.000000,2023-11-26T10:16:00Z,J2000,-92621.699858988,-1213950.445094844,6680989.730797678,-5416.725313337814,-5315.503729479911,-1032.391715001046,-141470.625133157,-1261715.990736128,6670642.409197364,-5415.711361525008,-5301.745618782789,-1108.674224805808,48848.925274169,47765.545641284,10347.321600314,69100.158575442,-1.013951812807,-13.758110697123,76.282509804761,77.519900737466,0.0000000000000000e+00,0.0000000000000000e+00,0.0000000000000000e+00,0.0000000000000000e+00,199.995594874473,0
QK1_STK_case_0001,83340.000000,2023-11-26T10:17:00Z,J2000,-417167.904147493,-1529873.711290431,6603834.254225329,-5397.373677077276,-5211.273996402919,-1538.471897311559,-465844.623223214,-1576704.693858832,6588932.621150875,-5392.648419875066,-5193.890735657104,-1613.941491683002,48676.719075721,46830.982568401,14901.633074454,69170.966283436,-4.725257202210,-17.383260745814,75.469594371443,77.589725378907,0.0000000000000000e+00,0.0000000000000000e+00,0.0000000000000000e+00,0.0000000000000000e+00,199.995594874473,0
QK1_STK_case_0001,83400.000000,2023-11-26T10:18:00Z,J2000,-739814.833920953,-1838828.657412736,6496514.251499819,-5353.440347163920,-5083.314449713224,-2037.495672378019,-788097.017724447,-1884509.666317842,6477117.539849757,-5345.018256074352,-5062.378758165823,-2111.804341247745,48282.183803494,45681.008905106,19396.711650062,69239.845972232,-8.422091089567,-20.935691547401,74.308668869725,77.659597398386,0.0000000000000000e+00,0.0000000000000000e+00,0.0000000000000000e+00,0.0000000000000000e+00,199.995594874473,0
QK1_STK_case_0001,83460.000000,2023-11-26T10:19:00Z,J2000,-1059093.040619842,-2139408.402939295,6359521.217430464,-5285.125422593578,-4932.206260475184,-2527.198610750875,-1106759.738555361,-2183728.886891057,6335709.418018670,-5273.037986193369,-4907.807345034482,-2600.002711178219,47666.697935519,44320.483951762,23811.799411795,69306.718152153,-12.087436400209,-24.398915440702,72.804100427344,77.729339585812,0.0000000000000000e+00,0.0000000000000000e+00,0.0000000000000000e+00,0.0000000000000000e+00,199.995594874473,0
QK1_STK_case_0001,83520.000000,2023-11-26T10:20:00Z,J2000,-1373548.377991147,-2430244.074103813,6193481.343902784,-5192.738789789053,-4758.634720708311,-3005.356968202246,-1420381.039168985,-2472999.320517962,6165354.893608090,-5177.034490695608,-4730.877936435219,-3076.318883021942,46832.661177838,42755.246414149,28126.450294695,69371.510399534,-15.704299093446,-27.756784273092,70.961914819696,77.798826714013,0.0000000000000000e+00,0.0000000000000000e+00,0.0000000000000000e+00,0.0000000000000000e+00,199.995594874473,0
QK1_STK_case_0001,83580.000000,2023-11-26T10:21:00Z,J2000,-1681748.561200812,-2710010.968550380,5999152.769044916,-5076.699000290419,-4563.386406927554,-3469.797966578933,-1727532.049133457,-2751003.060703317,5966832.139945722,-5057.443117519907,-4532.392849162102,-3538.587743684044,45783.487932644,40992.092152936,32320.629099195,69434.159112941,-19.255882770512,-30.993557765452,68.789777105110,77.867984938631,0.0000000000000000e+00,0.0000000000000000e+00,0.0000000000000000e+00,0.0000000000000000e+00,199.995594874473,0
QK1_STK_case_0001,83640.000000,2023-11-26T10:22:00Z,J2000,-1982289.627014634,-2977434.535652980,5777422.220903549,-4937.531124154694,-4347.345866200071,-3918.409650253122,-2026813.217413357,-3016473.281649665,5741047.413036522,-4914.805398590250,-4313.251834379750,-3984.706544207544,44523.590398723,39038.745996685,36374.807867028,69494.607260924,-22.725725564444,-34.094031820321,66.296893954422,77.936767678673,0.0000000000000000e+00,0.0000000000000000e+00,0.0000000000000000e+00,0.0000000000000000e+00,199.995594874473,0
QK1_STK_case_0001,83700.000000,2023-11-26T10:23:00Z,J2000,-2273802.245102986,-3231296.138624975,5529301.091614514,-4775.864075518140,-4111.491619171810,-4349.149901755721,-2316860.603476103,-3268199.965373559,5489031.039377509,-4749.766371669624,-4074.448009694018,-4412.643743927236,43058.358373117,36903.826748584,40270.052237005,69552.798373958,-26.097703848516,-37.043609477792,63.493842171515,78.005045625326,0.0000000000000000e+00,0.0000000000000000e+00,0.0000000000000000e+00,0.0000000000000000e+00,199.995594874473,0
QK1_STK_case_0001,83760.000000,2023-11-26T10:24:00Z,J2000,-2554957.873775332,-3470438.562241563,5255921.006097473,-4592.428235233951,-3856.891845374148,-4760.054326079125,-2596352.014146273,-3505035.373158913,5211932.904343568,-4563.072265139605,-3817.063543244501,-4820.446806834413,41394.140370941,34596.810917350,43988.101753905,69608.672438224,-29.355970094346,-39.828302129647,60.392480755288,78.072519893292,0.0000000000000000e+00,0.0000000000000000e+00,0.0000000000000000e+00,0.0000000000000000e+00,199.995594874473,0
QK1_STK_case_0001,83820.000000,2023-11-26T10:25:00Z,J2000,-2824474.795679852,-3693771.276450173,4958528.930056952,-4388.053786553361,-3584.700649211233,-5149.244023611399,-2864013.025020535,-3725899.274687952,4911017.482883094,-4355.568903619317,-3542.266019964134,-5206.250057987036,39538.229340683,32127.998237779,47511.447173858,69662.166652477,-32.484882934043,-42.434629247099,57.006034375637,78.138680138671,0.0000000000000000e+00,0.0000000000000000e+00,0.0000000000000000e+00,0.0000000000000000e+00,199.995594874473,0
QK1_STK_case_0001,83880.000000,2023-11-26T10:26:00Z,J2000,-3081124.055381583,-3900275.493179918,4638481.769709615,-4163.668849823806,-3296.154719963316,-5514.934932502007,-3118622.902911875,-3929783.975465787,4587658.348243874,-4128.199688070037,-3251.305079853618,-5568.284352941871,37498.847530293,29508.482285869,50823.421465741,69713.228747491,-35.469161753769,-44.849640109699,53.349420439864,78.203019856998,0.0000000000000000e+00,0.0000000000000000e+00,0.0000000000000000e+00,0.0000000000000000e+00,199.995594874473,0
QK1_STK_case_0001,83940.000000,2023-11-26T10:27:00Z,J2000,-3323735.236788662,-4089008.996953051,4297240.358588330,-3920.295811028476,-2992.568879177824,-5855.448691460192,-3359020.350385536,-4115759.107072919,4243332.050932841,-3882.001524470823,-2945.507627579447,-5904.888047978427,35285.113596875,26750.110119868,53908.307655488,69761.832453342,-38.294286557653,-47.061251598377,49.439356518235,78.265341996969,0.0000000000000000e+00,0.0000000000000000e+00,0.0000000000000000e+00,0.0000000000000000e+00,199.995594874473,0
QK1_STK_case_0001,84000.000000,2023-11-26T10:28:00Z,J2000,-3551201.952566901,-4259110.645511507,3936362.804354981,-3659.045495354334,-2675.329500376271,-6169.222664643879,-3584108.939669853,-4282976.064252891,3879611.367934633,-3618.098754110078,-2626.270931430025,-6214.516594596383,32906.987102951,23865.418741384,56751.436420348,69807.976246760,-40.946741244256,-49.058568946246,45.293929952503,78.325723080735,0.0000000000000000e+00,0.0000000000000000e+00,0.0000000000000000e+00,0.0000000000000000e+00,199.995594874473,0
QK1_STK_case_0001,84060.000000,2023-11-26T10:29:00Z,J2000,-3762486.958783674,-4409804.432487243,3557497.316374735,-3381.110877852370,-2345.886786547210,-6454.817018789437,-3792862.170980545,-4430671.995978136,3498158.064764561,-3337.697051600759,-2295.054957351113,-6495.749170045076,30375.212196871,20867.563490893,59339.251610174,69851.667866322,-43.413826251612,-50.831829196097,40.932151255639,78.384157682792,0.0000000000000000e+00,0.0000000000000000e+00,0.0000000000000000e+00,0.0000000000000000e+00,199.995594874473,0
QK1_STK_case_0001,84120.000000,2023-11-26T10:30:00Z,J2000,-3956626.929501221,-4540403.101723429,3162374.681250920,-3087.762281983283,-2005.747857933489,-6710.919882116268,-3984328.206060430,-4558173.358017324,3100715.314769232,-3042.078789201823,-1953.375596969955,-6747.293891273151,27701.276559209,17770.256293894,61659.366481687,69892.919574757,-45.683492781460,-52.372260963534,36.374009156882,78.440447304251,0.0000000000000000e+00,0.0000000000000000e+00,0.0000000000000000e+00,0.0000000000000000e+00,199.995594874473,0
QK1_STK_case_0001,84180.000000,2023-11-26T10:31:00Z,J2000,-4132736.979786558,-4650311.381281028,2752800.407287214,-2780.343306891127,-1656.470695800131,-6936.353629567773,-4157634.347985428,-4664899.086328207,2689099.780712783,-2732.598868659204,-1602.798608364765,-6967.994234406112,24897.368198870,14587.705047179,63700.626574431,69931.751785213,-47.744438231923,-53.672087435366,31.640604838339,78.494281487809,0.0000000000000000e+00,0.0000000000000000e+00,0.0000000000000000e+00,0.0000000000000000e+00,199.995594874473,0
QK1_STK_case_0001,84240.000000,2023-11-26T10:32:00Z,J2000,-4290014.901200729,-4739028.836944998,2330646.446192036,-2460.265070022247,-1299.657325174681,-7130.082292086150,-4311991.225261425,-4750363.388213382,2265193.267105758,-2410.678651355707,-1244.932642666468,-7156.836518725542,21976.324060695,11334.551268384,65453.179086278,69968.203665499,-49.586418666540,-54.724682508213,26.754226639392,78.545480040993,0.0000000000000000e+00,0.0000000000000000e+00,0.0000000000000000e+00,0.0000000000000000e+00,199.995594874473,0
QK1_STK_case_0001,84300.000000,2023-11-26T10:33:00Z,J2000,-4427744.986856192,-4806152.280820596,1897842.498528941,-2128.998491627099,-936.945916502005,-7291.217698323176,-4446696.543719423,-4814178.075866675,1830933.962543006,-2077.798001047694,-881.421193414125,-7312.955677938907,18951.556863231,8025.795046078,66908.535985935,70002.336257035,-51.200490579405,-55.524723087880,21.737979615731,78.594051093778,0.0000000000000000e+00,0.0000000000000000e+00,0.0000000000000000e+00,0.0000000000000000e+00,199.995594874473,0
QK1_STK_case_0001,84360.000000,2023-11-26T10:34:00Z,J2000,-4545301.381472944,-4851377.699355229,1456367.019466702,-1788.066490474001,-570.002819944694,-7419.023415128391,-4561138.361911699,-4856054.418025880,1388307.408170716,-1735.487654599396,-513.934724504006,-7435.638899159544,15836.980438756,4676.718670651,68059.611295986,70034.222610826,-52.578835874604,-56.068095440689,16.615484031153,78.639936532682,0.0000000000000000e+00,0.0000000000000000e+00,0.0000000000000000e+00,0.0000000000000000e+00,199.995594874473,0
QK1_STK_case_0001,84420.000000,2023-11-26T10:35:00Z,J2000,-4642150.995603382,-4874501.716027488,1008238.016496605,-1439.037277843488,-200.514984097314,-7512.918053442946,-4654797.944134746,-4875804.532165774,939337.262687069,-1385.322656009188,-144.163098954033,-7524.329047133204,12646.948531365,1302.816138285,68900.753809536,70063.945882083,-53.714621834300,-56.351885143281,11.410993690258,78.682948184486,0.0000000000000000e+00,0.0000000000000000e+00,0.0000000000000000e+00,0.0000000000000000e+00,199.995594874473,0
QK1_STK_case_0001,84480.000000,2023-11-26T10:36:00Z,J2000,-4717856.026054840,-4875422.589800040,555503.630698890,-1083.517636784710,169.818128222386,-7572.479236079508,-4727252.216449208,-4873342.304994944,486075.841939033,-1028.915407336578,226.192716865520,-7578.628657719915,9396.190394368,-2080.284805097,69427.788759856,70091.610274560,-54.602229448131,-56.374588643134,6.149421640407,78.723015007687,0.0000000000000000e+00,0.0000000000000000e+00,0.0000000000000000e+00,0.0000000000000000e+00,199.995594874473,0
QK1_STK_case_0001,84540.000000,2023-11-26T10:37:00Z,J2000,-4772076.030051512,-4854140.693925976,100232.486810892,-723.144590744507,539.293781383881,-7597.446928624773,-4778175.759302391,-4848683.782473641,30594.439875695,-667.907117194876,595.429965876331,-7598.302898185337,6099.729250878,-5456.911452336,69638.046935197,70117.345646290,-55.237473549631,-56.136184492450,0.855969560564,78.760284264376,0.0000000000000000e+00,0.0000000000000000e+00,0.0000000000000000e+00,0.0000000000000000e+00,199.995594874473,0
QK1_STK_case_0001,84600.000000,2023-11-26T10:38:00Z,J2000,-4804569.459666738,-4810758.429439010,-355496.084034631,-359.576094169084,906.215233428736,-7587.724187724215,-4807342.257214793,-4801946.998859419,-425026.455230120,-303.958531403234,961.853237054271,-7583.280001191515,2772.797548055,-8811.430579591,69530.371195489,70141.301910386,-55.617562765850,-55.638003625535,-4.444186532700,78.794996855040,0.0000000000000000e+00,0.0000000000000000e+00,0.0000000000000000e+00,0.0000000000000000e+00,199.995594874473,0
QK1_STK_case_0001,84660.000000,2023-11-26T10:39:00Z,J2000,-4815194.657004431,-4745479.617106142,-809601.803602270,5.517454791179,1268.899840925285,-7543.376210323155,-4814625.413329286,-4733351.290737777,-878706.914148573,61.258419620725,1323.782436011230,-7533.650174467154,-569.243675145,-12128.326368365,69105.110546303,70163.641884356,-55.740964829546,-54.882595085945,-9.726035856001,78.827344094347,0.0000000000000000e+00,0.0000000000000000e+00,0.0000000000000000e+00,0.0000000000000000e+00,199.995594874473,0
QK1_STK_case_0001,84720.000000,2023-11-26T10:40:00Z,J2000,-4803910.369645065,-4658608.423371454,-1260013.147166532,370.460879713357,1625.686702363384,-7464.629474451738,-4799999.392637403,-4643216.151099669,-1328377.258470917,426.068227495658,1679.560447550884,-7449.664806709533,-3910.977007662,-15392.272271785,68364.111304384,70184.538904815,-55.607347782301,-53.873745187500,-14.964667742205,78.857458927765,0.0000000000000000e+00,0.0000000000000000e+00,0.0000000000000000e+00,0.0000000000000000e+00,199.995594874473,0
QK1_STK_case_0001,84780.000000,2023-11-26T10:41:00Z,J2000,-4770775.800650810,-4550547.811353478,-1704676.995333365,733.582235460097,1974.944921567533,-7351.870740604426,-4763538.796748798,-4531959.602503536,-1771987.703643603,788.799935119969,2027.561512571672,-7331.735318986429,-7237.003902012,-18588.208849941,67310.708310238,70204.182118680,-55.217699659873,-52.616591004139,-20.135421617997,78.885583019708,0.0000000000000000e+00,0.0000000000000000e+00,0.0000000000000000e+00,0.0000000000000000e+00,199.995594874473,0
QK1_STK_case_0001,84840.000000,2023-11-26T10:42:00Z,J2000,-4715950.160718889,-4421797.485354423,-2141568.183065531,1093.221284450964,2315.082047307484,-7205.644477778344,-4705418.135076809,-4400096.061083481,-2207517.882958666,1147.795607471700,2366.199572796426,-7180.430240220884,-10532.025642080,-21701.424270942,65949.699893135,70222.776187698,-54.574323020737,-51.117525488942,-25.214237557459,78.912077154820,0.0000000000000000e+00,0.0000000000000000e+00,0.0000000000000000e+00,0.0000000000000000e+00,199.995594874473,0
QK1_STK_case_0001,84900.000000,2023-11-26T10:43:00Z,J2000,-4639691.721935445,-4272951.353146126,-2568698.844374383,1447.737457449485,2644.551549196403,-7026.648782880940,-4625910.806130474,-4248233.731692494,-2632986.151653649,1501.418097110445,2693.935520543874,-6996.471087081716,-13780.915804971,-24717.621453632,64287.307279266,70240.531945363,-53.680639660960,-49.383971347471,-30.177695799224,78.937196708574,0.0000000000000000e+00,0.0000000000000000e+00,0.0000000000000000e+00,0.0000000000000000e+00,199.995594874473,0
QK1_STK_case_0001,84960.000000,2023-11-26T10:44:00Z,J2000,-4542356.420214353,-4104694.571544394,-2984127.505093815,1795.517056569487,2961.859426945444,-6815.731349742515,-4525387.633202450,-4077071.591320180,-3046458.646128223,1848.058288010283,3009.283854880056,-6780.728408825221,-16968.787011903,-27622.980224214,62331.141034409,70257.667992711,-52.541231440796,-47.424427934612,-35.002940917294,78.961150188558,0.0000000000000000e+00,0.0000000000000000e+00,0.0000000000000000e+00,0.0000000000000000e+00,199.995594874473,0
QK1_STK_case_0001,85020.000000,2023-11-26T10:45:00Z,J2000,-4424396.018785419,-3917800.188429457,-3385967.944600197,2134.980900240982,3265.571205163355,-6573.885507767991,-4404314.953821339,-3887395.963920285,-3446058.105715011,2186.142841946148,3310.819713620330,-6534.217617646829,-20081.064964081,-30404.224509172,60090.161114813,70274.415692341,-51.161941705166,-45.248508456975,-39.667890121161,78.984259845164,0.0000000000000000e+00,0.0000000000000000e+00,0.0000000000000000e+00,0.0000000000000000e+00,199.995594874473,0
QK1_STK_case_0001,85080.000000,2023-11-26T10:46:00Z,J2000,-4286355.788577533,-3713125.353290699,-3772397.775984722,2464.592613505764,3554.319096352994,-6302.244579871776,-4263252.225303572,-3680076.667463686,-3829972.397994006,2514.142460893060,3597.185935563657,-6258.093081054308,-23103.563273962,-33048.685827014,57574.622009284,70291.019130174,-49.549847387295,-42.866839210662,-44.151498817468,79.007013156086,0.0000000000000000e+00,0.0000000000000000e+00,0.0000000000000000e+00,0.0000000000000000e+00,199.995594874473,0
QK1_STK_case_0001,85140.000000,2023-11-26T10:47:00Z,J2000,-4128871.704677186,-3491607.128305099,-4141666.624701393,2782.866234658658,3826.807987967766,-6002.074326141881,-4102849.151856473,-3456062.769599052,-4196462.629962130,2830.579322178972,3867.098851182408,-5953.640376945891,-26022.552820712,-35544.358706048,54796.005260738,70307.729899818,-47.713087520314,-40.290863214642,-48.433949195990,79.029993129329,0.0000000000000000e+00,0.0000000000000000e+00,0.0000000000000000e+00,0.0000000000000000e+00,199.995594874473,0
QK1_STK_case_0001,85200.000000,2023-11-26T10:48:00Z,J2000,-3952667.234351518,-3254257.987365285,-4492103.838575926,3088.372201222864,4081.819958133275,-5674.765178372953,-3923842.415826592,-3216378.043548672,-4543870.783618419,3134.032796833178,4119.352590430593,-5622.268588401434,-28824.818524926,-37879.943816614,51766.945042494,70324.795808998,-45.660595610314,-37.532632297318,-52.496589971518,79.053655432826,0.0000000000000000e+00,0.0000000000000000e+00,0.0000000000000000e+00,0.0000000000000000e+00,199.995594874473,0
QK1_STK_case_0001,85260.000000,2023-11-26T10:49:00Z,J2000,-3758549.801501896,-3002161.059286399,-4822125.760943028,3379.742337216021,4318.218511643857,-5321.825493218261,-3727052.098907872,-2962116.175336071,-4870626.926640538,3423.144383382391,4352.823401632587,-5265.503782710412,-31497.702594024,-40044.883950328,48501.165697510,70342.455695790,-43.402046166369,-34.604889988730,-56.321710507849,79.078259320054,0.0000000000000000e+00,0.0000000000000000e+00,0.0000000000000000e+00,0.0000000000000000e+00,199.995594874473,0
QK1_STK_case_0001,85320.000000,2023-11-26T10:50:00Z,J2000,-3547406.950864072,-2736465.099042151,-5130242.612689112,3655.675031377972,4534.953457812702,-4944.875014158354,-3513377.797825080,-2694435.688153084,-5175256.035754876,3696.623001521072,4566.474636477949,-4884.982303823069,-34029.153038992,-42029.410889067,45013.423065764,70360.947210300,-40.947970143100,-31.521178665248,-59.892710335285,79.104094170865,0.0000000000000000e+00,0.0000000000000000e+00,0.0000000000000000e+00,0.0000000000000000e+00,199.995594874473,0
QK1_STK_case_0001,85380.000000,2023-11-26T10:51:00Z,J2000,-3320202.187745195,-2458379.160592391,-5415064.951320505,3914.940807068559,4731.065756880655,-4545.637133144227,-3283794.412824863,-2414554.571869572,-5456384.380913058,3953.250524610672,4759.361406434712,-4482.442833865079,-36407.774920332,-43824.588722819,41319.429592554,70380.508048947,-38.309717542112,-28.295649554058,-63.194299279148,79.131521552571,0.0000000000000000e+00,0.0000000000000000e+00,0.0000000000000000e+00,0.0000000000000000e+00,199.995594874473,0
QK1_STK_case_0001,85440.000000,2023-11-26T10:52:00Z,J2000,-3077970.487570321,-2169167.010538154,-5675309.628554930,4156.387649804307,4905.691194364426,-4125.930112561246,-3039347.609952243,-2123744.665892025,-5712745.404052156,4191.887064271967,4930.634115433589,-4059.717591809815,-38622.877618077,-45422.344646129,37435.775497226,70401.373251744,-35.499414467659,-24.942921069163,-66.212520751432,79.160947715827,0.0000000000000000e+00,0.0000000000000000e+00,0.0000000000000000e+00,0.0000000000000000e+00,199.995594874473,0
QK1_STK_case_0001,85500.000000,2023-11-26T10:53:00Z,J2000,-2821813.500114106,-1870141.354489069,-5909805.214044333,4378.945862610981,5058.063100646189,-3687.658110874311,-2781148.980605253,-1823325.859589750,-5943185.060444796,4411.475731338500,5079.541083385122,-3618.723282915605,-40664.519508853,-46815.494899320,33379.846400462,70423.773367185,-32.529868727520,-21.477982738933,-68.934827958707,79.192844422082,0.0000000000000000e+00,0.0000000000000000e+00,0.0000000000000000e+00,0.0000000000000000e+00,199.995594874473,0
QK1_STK_case_0001,85560.000000,2023-11-26T10:54:00Z,J2000,-2552894.481325773,-1562657.913982698,-6117496.874136883,4581.632197210012,5187.514619299820,-3232.801968354025,-2510370.938155725,-1514660.150288203,-6146666.612557438,4611.046593078609,5205.430726551388,-3161.451904691816,-42523.543170048,-47997.763694494,29169.738420555,70447.928876093,-29.414395868597,-17.916107251568,-71.350063662209,79.227679304429,0.0000000000000000e+00,0.0000000000000000e+00,0.0000000000000000e+00,0.0000000000000000e+00,199.995594874473,0
QK1_STK_case_0001,85620.000000,2023-11-26T10:55:00Z,J2000,-2272433.011625184,-1248109.381972964,-6297450.694917392,4763.552821723582,5293.480479259205,-2763.410028565650,-2228241.409424930,-1199145.582635697,-6322274.872518686,4789.719513764506,5307.753294072884,-2689.961625436355,-44191.602200254,-48963.799337268,24824.177601294,70474.045890287,-26.166692040923,-14.272814813680,-73.448403129295,79.265862370339,0.0000000000000000e+00,0.0000000000000000e+00,0.0000000000000000e+00,0.0000000000000000e+00,199.995594874473,0
QK1_STK_case_0001,85680.000000,2023-11-26T10:56:00Z,J2000,-1981699.564431001,-927919.285029556,-6448857.476849752,4923.905497411847,5375.498398185975,-2281.589776481394,-1936038.383404901,-878210.097985371,-6469219.918236694,4946.706237522000,5386.062203014010,-2206.368555898734,-45661.181026100,-49709.187044185,20362.441386941,70502.310235401,-22.800740110153,-10.563804828035,-75.221220582661,79.307627300032,0.0000000000000000e+00,0.0000000000000000e+00,0.0000000000000000e+00,0.0000000000000000e+00,199.995594874473,0
QK1_STK_case_0001,85740.000000,2023-11-26T10:57:00Z,J2000,-1682009.938053131,-603535.758718553,-6571036.052216589,5061.982124613288,5433.210640417717,-1789.500168612951,-1635084.323118268,-553305.297687017,-6586840.345265832,5081.313121914255,5440.015696525487,-1712.839180257026,-46925.614934863,-50230.461031535,15804.293049243,70532.887586160,-19.330997300967,-6.805056107770,-76.660988355925,79.353030068090,0.0000000000000000e+00,0.0000000000000000e+00,0.0000000000000000e+00,0.0000000000000000e+00,199.995594874473,0
QK1_STK_case_0001,85800.000000,2023-11-26T10:58:00Z,J2000,-1374719.508946420,-276425.221852868,-6663436.127457334,5177.172140830507,5466.365784086209,-1289.343173223950,-1326740.383698363,-225900.098068259,-6674606.033290254,5192.944624446225,5469.378583177936,-1211.581511159077,-47979.125248057,-50525.123784609,11169.905832920,70565.936466082,-15.772483615718,-3.012799091727,-77.761662064873,79.402293952170,0.0000000000000000e+00,0.0000000000000000e+00,0.0000000000000000e+00,0.0000000000000000e+00,199.995594874473,0
QK1_STK_case_0001,85860.000000,2023-11-26T10:59:00Z,J2000,-1061217.282990801,51934.037684467,-6725640.565287624,5268.965456128352,5474.819598651948,-783.353547613706,-1012400.440394908,102525.688107830,-6732120.331434070,5281.105894988587,5474.022797688203,-704.834796834228,-48816.842595893,-50591.650423363,6479.766146445,70601.604676556,-12.140438860235,0.796800963744,-78.518750779478,79.455769906689,0.0000000000000000e+00,0.0000000000000000e+00,0.0000000000000000e+00,0.0000000000000000e+00,199.995594874473,0
QK1_STK_case_0001,85920.000000,2023-11-26T11:00:00Z,J2000,-742919.829078639,380058.277217346,-6757367.043796837,5336.953416874002,5458.534291698359,-273.788954171508,-693485.015176642,430487.759238275,-6759121.636811137,5345.403602541085,5453.926599602663,-194.859956979451,-49434.813901997,-50429.482020929,1754.593014300,70640.017547210,-8.450185667082,4.607692095695,-78.928997192056,79.513665882039,0.0000000000000000e+00,0.0000000000000000e+00,0.0000000000000000e+00,0.0000000000000000e+00,199.995594874473,0
QK1_STK_case_0001,85980.000000,2023-11-26T11:01:00Z,J2000,-421265.185727399,706464.657796329,-6758469.194478401,5380.829182083446,5417.577780958037,237.077617222841,-371435.175974910,756503.680157830,-6755484.462638741,5385.546368126566,5409.173952487974,316.067807548151,-49830.009752489,-50039.022361501,-2984.731839660,70681.272307327,-4.717186043120,8.403828470063,-78.990190325310,79.575915607352,0.0000000000000000e+00,0.0000000000000000e+00,0.0000000000000000e+00,0.0000000000000000e+00,199.995594874473,0
QK1_STK_case_0001,86040.000000,2023-11-26T11:02:00Z,J2000,-97706.708227647,1029677.600823236,-6728937.314256527,5400.389441515598,5352.124351656841,746.965001868149,-47706.370244104,1079099.243381578,-6721220.087495743,5401.346720369183,5339.955380814195,825.666282733455,-50000.337983543,-49421.642558343,-7717.226760783,70725.441960517,-0.957278853585,12.168970842647,-78.701280865305,79.642274226772,0.0000000000000000e+00,0.0000000000000000e+00,0.0000000000000000e+00,0.0000000000000000e+00,199.995594874473,0
QK1_STK_case_0001,86100.000000,2023-11-26T11:03:00Z,J2000,226293.219546815,1348235.201105537,-6668898.581048269,5395.536883466374,5262.455518905831,1253.593500448273,276237.888084188,1396814.892749383,-6656476.685943786,5392.723517305394,5246.568683224098,1331.656398419316,-49944.668537374,-48579.691643846,-12421.895104483,70772.592389329,2.813366160979,15.886835681733,-78.062897971043,79.712750653654,0.0000000000000000e+00,0.0000000000000000e+00,0.0000000000000000e+00,0.0000000000000000e+00,199.995594874473,0
QK1_STK_case_0001,86160.000000,2023-11-26T11:04:00Z,J2000,549269.581271996,1660695.638708470,-6578616.619982773,5366.280996454985,5148.958887007144,1754.696486268864,598932.422063202,1708212.124945078,-6561538.789280917,5359.702315007286,5129.417371564627,1831.773845480220,-49662.840791206,-47516.486236607,-17077.830701856,70822.782501167,6.578681447699,19.541515442517,-77.077359211356,79.787650538018,0.0000000000000000e+00,0.0000000000000000e+00,0.0000000000000000e+00,0.0000000000000000e+00,199.995594874473,0
QK1_STK_case_0001,86220.000000,2023-11-26T11:05:00Z,J2000,869761.098275664,1965643.456027357,-6458490.404894706,5312.736510712240,5012.125014162510,2248.030341899679,918916.746970960,2011879.738371006,-6436826.101523942,5302.413617494670,4989.007449174862,2323.778442651800,-49155.648695296,-46236.282343649,-21664.303370763,70876.044219168,10.322893217570,23.117564987648,-75.748100752121,79.867131555434,0.0000000000000000e+00,0.0000000000000000e+00,0.0000000000000000e+00,0.0000000000000000e+00,199.995594874473,0
QK1_STK_case_0001,86280.000000,2023-11-26T11:06:00Z,J2000,1186316.489827042,2261695.647971693,-6309052.666769129,5235.121892239510,4852.544877532473,2731.380968142036,1234741.321101228,2306439.905273466,-6282891.853652194,5221.091682911306,4825.945210254392,2805.460367011846,-48424.831274187,-44744.257301772,-26160.813116935,70932.369115657,14.030209328205,26.599667278082,-74.079398869810,79.950899994999,0.0000000000000000e+00,0.0000000000000000e+00,0.0000000000000000e+00,0.0000000000000000e+00,199.995594874473,0
QK1_STK_case_0001,86340.000000,2023-11-26T11:07:00Z,J2000,1497500.714292506,2547507.670765347,-6130967.943896598,5133.760214218475,4670.909492482133,3202.570376099197,1544973.797109678,2590554.179323302,-6100420.793143126,5116.075653658400,4640.937029869157,3274.647105829067,-47473.082817173,-43046.508557954,-30547.150753472,70991.717195399,17.684560560075,29.972462612976,-72.076729729870,80.038410565440,0.0000000000000000e+00,0.0000000000000000e+00,0.0000000000000000e+00,0.0000000000000000e+00,199.995594874473,0
QK1_STK_case_0001,86400.000000,2023-11-26T11:08:00Z,J2000,1801901.282076906,2821779.427074416,-5925030.133729742,5009.080415704966,4468.009351119099,3659.466225325079,1848205.350319921,2862929.479608517,-5890226.649777913,4987.810694081230,4434.788600386368,3729.213508256694,-46304.068243015,-41150.052534101,-34803.483951828,71054.036159800,21.269721623736,33.220750732731,-69.747282931615,80.129288113275,0.0000000000000000e+00,0.0000000000000000e+00,0.0000000000000000e+00,0.0000000000000000e+00,199.995594874473,0
